[33mWARNING[0m:  [02-07-2026 14:02:06] chroma_server_nofile is not supported on Windows. chroma_server_nofile will not be set.
[32mINFO[0m:     [02-07-2026 14:02:07] Anonymized telemetry enabled. See                     https://docs.trychroma.com/telemetry for more information.
[36mDEBUG[0m:    [02-07-2026 14:02:07] Starting component System
[36mDEBUG[0m:    [02-07-2026 14:02:07] Starting component OpenTelemetryClient
[36mDEBUG[0m:    [02-07-2026 14:02:07] Starting component SimpleAssignmentPolicy
[36mDEBUG[0m:    [02-07-2026 14:02:07] Starting component SqliteDB
[36mDEBUG[0m:    [02-07-2026 14:02:14] Starting component QuotaEnforcer
[36mDEBUG[0m:    [02-07-2026 14:02:14] Starting component Posthog
[36mDEBUG[0m:    [02-07-2026 14:02:14] Starting component LocalSegmentManager
[36mDEBUG[0m:    [02-07-2026 14:02:14] Starting component SegmentAPI
[32mINFO[0m:     [02-07-2026 14:02:15] Started server process [[36m16908[0m]
[32mINFO[0m:     [02-07-2026 14:02:15] Waiting for application startup.
[32mINFO[0m:     [02-07-2026 14:02:15] Application startup complete.
[32mINFO[0m:     [02-07-2026 14:02:15] Uvicorn running on [1mhttp://0.0.0.0:8001[0m (Press CTRL+C to quit)
[31mERROR[0m:    [02-07-2026 14:02:41] Collection notes_collection does not exist.
  + Exception Group Traceback (most recent call last):
  |   File "D:\anaconda3\envs\chroma-server\lib\site-packages\starlette\_utils.py", line 85, in create_collapsing_task_group
  |     async with anyio.create_task_group() as tg:
  |   File "D:\anaconda3\envs\chroma-server\lib\site-packages\anyio\_backends\_asyncio.py", line 811, in __aexit__
  |     raise BaseExceptionGroup(
  | exceptiongroup.ExceptionGroup: unhandled errors in a TaskGroup (1 sub-exception)
  +-+---------------- 1 ----------------
    | Traceback (most recent call last):
    |   File "D:\anaconda3\envs\chroma-server\lib\site-packages\chromadb\server\fastapi\__init__.py", line 82, in catch_exceptions_middleware
    |     return await call_next(request)
    |   File "D:\anaconda3\envs\chroma-server\lib\site-packages\starlette\middleware\base.py", line 168, in call_next
    |     raise app_exc from app_exc.__cause__ or app_exc.__context__
    |   File "D:\anaconda3\envs\chroma-server\lib\site-packages\starlette\middleware\base.py", line 144, in coro
    |     await self.app(scope, receive_or_disconnect, send_no_error)
    |   File "D:\anaconda3\envs\chroma-server\lib\site-packages\starlette\middleware\base.py", line 193, in __call__
    |     response = await self.dispatch_func(request, call_next)
    |   File "D:\anaconda3\envs\chroma-server\lib\site-packages\chromadb\server\fastapi\__init__.py", line 96, in check_http_version_middleware
    |     return await call_next(request)
    |   File "D:\anaconda3\envs\chroma-server\lib\site-packages\starlette\middleware\base.py", line 168, in call_next
    |     raise app_exc from app_exc.__cause__ or app_exc.__context__
    |   File "D:\anaconda3\envs\chroma-server\lib\site-packages\starlette\middleware\base.py", line 144, in coro
    |     await self.app(scope, receive_or_disconnect, send_no_error)
    |   File "D:\anaconda3\envs\chroma-server\lib\site-packages\starlette\middleware\exceptions.py", line 63, in __call__
    |     await wrap_app_handling_exceptions(self.app, conn)(scope, receive, send)
    |   File "D:\anaconda3\envs\chroma-server\lib\site-packages\starlette\_exception_handler.py", line 53, in wrapped_app
    |     raise exc
    |   File "D:\anaconda3\envs\chroma-server\lib\site-packages\starlette\_exception_handler.py", line 42, in wrapped_app
    |     await app(scope, receive, sender)
    |   File "D:\anaconda3\envs\chroma-server\lib\site-packages\fastapi\middleware\asyncexitstack.py", line 18, in __call__
    |     await self.app(scope, receive, send)
    |   File "D:\anaconda3\envs\chroma-server\lib\site-packages\starlette\routing.py", line 660, in __call__
    |     await self.middleware_stack(scope, receive, send)
    |   File "D:\anaconda3\envs\chroma-server\lib\site-packages\fastapi\routing.py", line 2683, in app
    |     await route.handle(scope, receive, send)
    |   File "D:\anaconda3\envs\chroma-server\lib\site-packages\fastapi\routing.py", line 1753, in handle
    |     await self.original_router.handle(scope, receive, send)
    |   File "D:\anaconda3\envs\chroma-server\lib\site-packages\fastapi\routing.py", line 2738, in handle
    |     await included_router._handle_selected(scope, receive, send)
    |   File "D:\anaconda3\envs\chroma-server\lib\site-packages\fastapi\routing.py", line 1773, in _handle_selected
    |     await original_route.handle(scope, receive, send)
    |   File "D:\anaconda3\envs\chroma-server\lib\site-packages\fastapi\routing.py", line 1264, in handle
    |     await app(scope, receive, send)
    |   File "D:\anaconda3\envs\chroma-server\lib\site-packages\fastapi\routing.py", line 150, in app
    |     await wrap_app_handling_exceptions(app, request)(scope, receive, send)
    |   File "D:\anaconda3\envs\chroma-server\lib\site-packages\starlette\_exception_handler.py", line 53, in wrapped_app
    |     raise exc
    |   File "D:\anaconda3\envs\chroma-server\lib\site-packages\starlette\_exception_handler.py", line 42, in wrapped_app
    |     await app(scope, receive, sender)
    |   File "D:\anaconda3\envs\chroma-server\lib\site-packages\fastapi\routing.py", line 136, in app
    |     response = await f(request)
    |   File "D:\anaconda3\envs\chroma-server\lib\site-packages\fastapi\routing.py", line 690, in app
    |     raw_response = await run_endpoint_function(
    |   File "D:\anaconda3\envs\chroma-server\lib\site-packages\fastapi\routing.py", line 346, in run_endpoint_function
    |     return await run_in_threadpool(dependant.call, **values)
    |   File "D:\anaconda3\envs\chroma-server\lib\site-packages\starlette\concurrency.py", line 34, in run_in_threadpool
    |     return await anyio.to_thread.run_sync(func)
    |   File "D:\anaconda3\envs\chroma-server\lib\site-packages\anyio\to_thread.py", line 63, in run_sync
    |     return await get_async_backend().run_sync_in_worker_thread(
    |   File "D:\anaconda3\envs\chroma-server\lib\site-packages\anyio\_backends\_asyncio.py", line 2596, in run_sync_in_worker_thread
    |     return await future
    |   File "D:\anaconda3\envs\chroma-server\lib\site-packages\anyio\_backends\_asyncio.py", line 1029, in run
    |     result = context.run(func, *args)
    |   File "D:\anaconda3\envs\chroma-server\lib\site-packages\chromadb\telemetry\opentelemetry\__init__.py", line 127, in wrapper
    |     return f(*args, **kwargs)
    |   File "D:\anaconda3\envs\chroma-server\lib\site-packages\chromadb\auth\fastapi.py", line 241, in wrapped
    |     return f(*args, **kwargs)
    |   File "D:\anaconda3\envs\chroma-server\lib\site-packages\chromadb\server\fastapi\__init__.py", line 440, in get_collection
    |     return self._api.get_collection(
    |   File "D:\anaconda3\envs\chroma-server\lib\site-packages\chromadb\telemetry\opentelemetry\__init__.py", line 127, in wrapper
    |     return f(*args, **kwargs)
    |   File "D:\anaconda3\envs\chroma-server\lib\site-packages\chromadb\api\segment.py", line 261, in get_collection
    |     raise ValueError(f"Collection {name} does not exist.")
    | ValueError: Collection notes_collection does not exist.
    +------------------------------------

The above exception was the direct cause of the following exception:

Traceback (most recent call last):
  File "D:\anaconda3\envs\chroma-server\lib\site-packages\chromadb\server\fastapi\__init__.py", line 82, in catch_exceptions_middleware
    return await call_next(request)
  File "D:\anaconda3\envs\chroma-server\lib\site-packages\starlette\middleware\base.py", line 168, in call_next
    raise app_exc from app_exc.__cause__ or app_exc.__context__
  File "D:\anaconda3\envs\chroma-server\lib\site-packages\starlette\middleware\base.py", line 144, in coro
    await self.app(scope, receive_or_disconnect, send_no_error)
  File "D:\anaconda3\envs\chroma-server\lib\site-packages\starlette\middleware\base.py", line 193, in __call__
    response = await self.dispatch_func(request, call_next)
  File "D:\anaconda3\envs\chroma-server\lib\site-packages\chromadb\server\fastapi\__init__.py", line 96, in check_http_version_middleware
    return await call_next(request)
  File "D:\anaconda3\envs\chroma-server\lib\site-packages\starlette\middleware\base.py", line 168, in call_next
    raise app_exc from app_exc.__cause__ or app_exc.__context__
  File "D:\anaconda3\envs\chroma-server\lib\site-packages\starlette\middleware\base.py", line 144, in coro
    await self.app(scope, receive_or_disconnect, send_no_error)
  File "D:\anaconda3\envs\chroma-server\lib\site-packages\starlette\middleware\exceptions.py", line 63, in __call__
    await wrap_app_handling_exceptions(self.app, conn)(scope, receive, send)
  File "D:\anaconda3\envs\chroma-server\lib\site-packages\starlette\_exception_handler.py", line 53, in wrapped_app
    raise exc
  File "D:\anaconda3\envs\chroma-server\lib\site-packages\starlette\_exception_handler.py", line 42, in wrapped_app
    await app(scope, receive, sender)
  File "D:\anaconda3\envs\chroma-server\lib\site-packages\fastapi\middleware\asyncexitstack.py", line 18, in __call__
    await self.app(scope, receive, send)
  File "D:\anaconda3\envs\chroma-server\lib\site-packages\starlette\routing.py", line 660, in __call__
    await self.middleware_stack(scope, receive, send)
  File "D:\anaconda3\envs\chroma-server\lib\site-packages\fastapi\routing.py", line 2683, in app
    await route.handle(scope, receive, send)
  File "D:\anaconda3\envs\chroma-server\lib\site-packages\fastapi\routing.py", line 1753, in handle
    await self.original_router.handle(scope, receive, send)
  File "D:\anaconda3\envs\chroma-server\lib\site-packages\fastapi\routing.py", line 2738, in handle
    await included_router._handle_selected(scope, receive, send)
  File "D:\anaconda3\envs\chroma-server\lib\site-packages\fastapi\routing.py", line 1773, in _handle_selected
    await original_route.handle(scope, receive, send)
  File "D:\anaconda3\envs\chroma-server\lib\site-packages\fastapi\routing.py", line 1264, in handle
    await app(scope, receive, send)
  File "D:\anaconda3\envs\chroma-server\lib\site-packages\fastapi\routing.py", line 150, in app
    await wrap_app_handling_exceptions(app, request)(scope, receive, send)
  File "D:\anaconda3\envs\chroma-server\lib\site-packages\starlette\_exception_handler.py", line 53, in wrapped_app
    raise exc
  File "D:\anaconda3\envs\chroma-server\lib\site-packages\starlette\_exception_handler.py", line 42, in wrapped_app
    await app(scope, receive, sender)
  File "D:\anaconda3\envs\chroma-server\lib\site-packages\fastapi\routing.py", line 136, in app
    response = await f(request)
  File "D:\anaconda3\envs\chroma-server\lib\site-packages\fastapi\routing.py", line 690, in app
    raw_response = await run_endpoint_function(
  File "D:\anaconda3\envs\chroma-server\lib\site-packages\fastapi\routing.py", line 346, in run_endpoint_function
    return await run_in_threadpool(dependant.call, **values)
  File "D:\anaconda3\envs\chroma-server\lib\site-packages\starlette\concurrency.py", line 34, in run_in_threadpool
    return await anyio.to_thread.run_sync(func)
  File "D:\anaconda3\envs\chroma-server\lib\site-packages\anyio\to_thread.py", line 63, in run_sync
    return await get_async_backend().run_sync_in_worker_thread(
  File "D:\anaconda3\envs\chroma-server\lib\site-packages\anyio\_backends\_asyncio.py", line 2596, in run_sync_in_worker_thread
    return await future
  File "D:\anaconda3\envs\chroma-server\lib\site-packages\anyio\_backends\_asyncio.py", line 1029, in run
    result = context.run(func, *args)
  File "D:\anaconda3\envs\chroma-server\lib\site-packages\chromadb\telemetry\opentelemetry\__init__.py", line 127, in wrapper
    return f(*args, **kwargs)
  File "D:\anaconda3\envs\chroma-server\lib\site-packages\chromadb\auth\fastapi.py", line 241, in wrapped
    return f(*args, **kwargs)
  File "D:\anaconda3\envs\chroma-server\lib\site-packages\chromadb\server\fastapi\__init__.py", line 440, in get_collection
    return self._api.get_collection(
  File "D:\anaconda3\envs\chroma-server\lib\site-packages\chromadb\telemetry\opentelemetry\__init__.py", line 127, in wrapper
    return f(*args, **kwargs)
  File "D:\anaconda3\envs\chroma-server\lib\site-packages\chromadb\api\segment.py", line 261, in get_collection
    raise ValueError(f"Collection {name} does not exist.")
ValueError: Collection notes_collection does not exist.
[32mINFO[0m:     [02-07-2026 14:02:41] 127.0.0.1:64417 - "GET /api/v1/collections/notes_collection HTTP/1.1" 500
[31mERROR[0m:    [02-07-2026 14:02:41] Failed to send telemetry event ClientCreateCollectionEvent: capture() takes 1 positional argument but 3 were given
[32mINFO[0m:     [02-07-2026 14:02:41] 127.0.0.1:64417 - "POST /api/v1/collections HTTP/1.1" 200
[31mERROR[0m:    [02-07-2026 14:02:41] Collection rag_collection does not exist.
  + Exception Group Traceback (most recent call last):
  |   File "D:\anaconda3\envs\chroma-server\lib\site-packages\starlette\_utils.py", line 85, in create_collapsing_task_group
  |     async with anyio.create_task_group() as tg:
  |   File "D:\anaconda3\envs\chroma-server\lib\site-packages\anyio\_backends\_asyncio.py", line 811, in __aexit__
  |     raise BaseExceptionGroup(
  | exceptiongroup.ExceptionGroup: unhandled errors in a TaskGroup (1 sub-exception)
  +-+---------------- 1 ----------------
    | Traceback (most recent call last):
    |   File "D:\anaconda3\envs\chroma-server\lib\site-packages\chromadb\server\fastapi\__init__.py", line 82, in catch_exceptions_middleware
    |     return await call_next(request)
    |   File "D:\anaconda3\envs\chroma-server\lib\site-packages\starlette\middleware\base.py", line 168, in call_next
    |     raise app_exc from app_exc.__cause__ or app_exc.__context__
    |   File "D:\anaconda3\envs\chroma-server\lib\site-packages\starlette\middleware\base.py", line 144, in coro
    |     await self.app(scope, receive_or_disconnect, send_no_error)
    |   File "D:\anaconda3\envs\chroma-server\lib\site-packages\starlette\middleware\base.py", line 193, in __call__
    |     response = await self.dispatch_func(request, call_next)
    |   File "D:\anaconda3\envs\chroma-server\lib\site-packages\chromadb\server\fastapi\__init__.py", line 96, in check_http_version_middleware
    |     return await call_next(request)
    |   File "D:\anaconda3\envs\chroma-server\lib\site-packages\starlette\middleware\base.py", line 168, in call_next
    |     raise app_exc from app_exc.__cause__ or app_exc.__context__
    |   File "D:\anaconda3\envs\chroma-server\lib\site-packages\starlette\middleware\base.py", line 144, in coro
    |     await self.app(scope, receive_or_disconnect, send_no_error)
    |   File "D:\anaconda3\envs\chroma-server\lib\site-packages\starlette\middleware\exceptions.py", line 63, in __call__
    |     await wrap_app_handling_exceptions(self.app, conn)(scope, receive, send)
    |   File "D:\anaconda3\envs\chroma-server\lib\site-packages\starlette\_exception_handler.py", line 53, in wrapped_app
    |     raise exc
    |   File "D:\anaconda3\envs\chroma-server\lib\site-packages\starlette\_exception_handler.py", line 42, in wrapped_app
    |     await app(scope, receive, sender)
    |   File "D:\anaconda3\envs\chroma-server\lib\site-packages\fastapi\middleware\asyncexitstack.py", line 18, in __call__
    |     await self.app(scope, receive, send)
    |   File "D:\anaconda3\envs\chroma-server\lib\site-packages\starlette\routing.py", line 660, in __call__
    |     await self.middleware_stack(scope, receive, send)
    |   File "D:\anaconda3\envs\chroma-server\lib\site-packages\fastapi\routing.py", line 2683, in app
    |     await route.handle(scope, receive, send)
    |   File "D:\anaconda3\envs\chroma-server\lib\site-packages\fastapi\routing.py", line 1753, in handle
    |     await self.original_router.handle(scope, receive, send)
    |   File "D:\anaconda3\envs\chroma-server\lib\site-packages\fastapi\routing.py", line 2738, in handle
    |     await included_router._handle_selected(scope, receive, send)
    |   File "D:\anaconda3\envs\chroma-server\lib\site-packages\fastapi\routing.py", line 1773, in _handle_selected
    |     await original_route.handle(scope, receive, send)
    |   File "D:\anaconda3\envs\chroma-server\lib\site-packages\fastapi\routing.py", line 1264, in handle
    |     await app(scope, receive, send)
    |   File "D:\anaconda3\envs\chroma-server\lib\site-packages\fastapi\routing.py", line 150, in app
    |     await wrap_app_handling_exceptions(app, request)(scope, receive, send)
    |   File "D:\anaconda3\envs\chroma-server\lib\site-packages\starlette\_exception_handler.py", line 53, in wrapped_app
    |     raise exc
    |   File "D:\anaconda3\envs\chroma-server\lib\site-packages\starlette\_exception_handler.py", line 42, in wrapped_app
    |     await app(scope, receive, sender)
    |   File "D:\anaconda3\envs\chroma-server\lib\site-packages\fastapi\routing.py", line 136, in app
    |     response = await f(request)
    |   File "D:\anaconda3\envs\chroma-server\lib\site-packages\fastapi\routing.py", line 690, in app
    |     raw_response = await run_endpoint_function(
    |   File "D:\anaconda3\envs\chroma-server\lib\site-packages\fastapi\routing.py", line 346, in run_endpoint_function
    |     return await run_in_threadpool(dependant.call, **values)
    |   File "D:\anaconda3\envs\chroma-server\lib\site-packages\starlette\concurrency.py", line 34, in run_in_threadpool
    |     return await anyio.to_thread.run_sync(func)
    |   File "D:\anaconda3\envs\chroma-server\lib\site-packages\anyio\to_thread.py", line 63, in run_sync
    |     return await get_async_backend().run_sync_in_worker_thread(
    |   File "D:\anaconda3\envs\chroma-server\lib\site-packages\anyio\_backends\_asyncio.py", line 2596, in run_sync_in_worker_thread
    |     return await future
    |   File "D:\anaconda3\envs\chroma-server\lib\site-packages\anyio\_backends\_asyncio.py", line 1029, in run
    |     result = context.run(func, *args)
    |   File "D:\anaconda3\envs\chroma-server\lib\site-packages\chromadb\telemetry\opentelemetry\__init__.py", line 127, in wrapper
    |     return f(*args, **kwargs)
    |   File "D:\anaconda3\envs\chroma-server\lib\site-packages\chromadb\auth\fastapi.py", line 241, in wrapped
    |     return f(*args, **kwargs)
    |   File "D:\anaconda3\envs\chroma-server\lib\site-packages\chromadb\server\fastapi\__init__.py", line 440, in get_collection
    |     return self._api.get_collection(
    |   File "D:\anaconda3\envs\chroma-server\lib\site-packages\chromadb\telemetry\opentelemetry\__init__.py", line 127, in wrapper
    |     return f(*args, **kwargs)
    |   File "D:\anaconda3\envs\chroma-server\lib\site-packages\chromadb\api\segment.py", line 261, in get_collection
    |     raise ValueError(f"Collection {name} does not exist.")
    | ValueError: Collection rag_collection does not exist.
    +------------------------------------

The above exception was the direct cause of the following exception:

Traceback (most recent call last):
  File "D:\anaconda3\envs\chroma-server\lib\site-packages\chromadb\server\fastapi\__init__.py", line 82, in catch_exceptions_middleware
    return await call_next(request)
  File "D:\anaconda3\envs\chroma-server\lib\site-packages\starlette\middleware\base.py", line 168, in call_next
    raise app_exc from app_exc.__cause__ or app_exc.__context__
  File "D:\anaconda3\envs\chroma-server\lib\site-packages\starlette\middleware\base.py", line 144, in coro
    await self.app(scope, receive_or_disconnect, send_no_error)
  File "D:\anaconda3\envs\chroma-server\lib\site-packages\starlette\middleware\base.py", line 193, in __call__
    response = await self.dispatch_func(request, call_next)
  File "D:\anaconda3\envs\chroma-server\lib\site-packages\chromadb\server\fastapi\__init__.py", line 96, in check_http_version_middleware
    return await call_next(request)
  File "D:\anaconda3\envs\chroma-server\lib\site-packages\starlette\middleware\base.py", line 168, in call_next
    raise app_exc from app_exc.__cause__ or app_exc.__context__
  File "D:\anaconda3\envs\chroma-server\lib\site-packages\starlette\middleware\base.py", line 144, in coro
    await self.app(scope, receive_or_disconnect, send_no_error)
  File "D:\anaconda3\envs\chroma-server\lib\site-packages\starlette\middleware\exceptions.py", line 63, in __call__
    await wrap_app_handling_exceptions(self.app, conn)(scope, receive, send)
  File "D:\anaconda3\envs\chroma-server\lib\site-packages\starlette\_exception_handler.py", line 53, in wrapped_app
    raise exc
  File "D:\anaconda3\envs\chroma-server\lib\site-packages\starlette\_exception_handler.py", line 42, in wrapped_app
    await app(scope, receive, sender)
  File "D:\anaconda3\envs\chroma-server\lib\site-packages\fastapi\middleware\asyncexitstack.py", line 18, in __call__
    await self.app(scope, receive, send)
  File "D:\anaconda3\envs\chroma-server\lib\site-packages\starlette\routing.py", line 660, in __call__
    await self.middleware_stack(scope, receive, send)
  File "D:\anaconda3\envs\chroma-server\lib\site-packages\fastapi\routing.py", line 2683, in app
    await route.handle(scope, receive, send)
  File "D:\anaconda3\envs\chroma-server\lib\site-packages\fastapi\routing.py", line 1753, in handle
    await self.original_router.handle(scope, receive, send)
  File "D:\anaconda3\envs\chroma-server\lib\site-packages\fastapi\routing.py", line 2738, in handle
    await included_router._handle_selected(scope, receive, send)
  File "D:\anaconda3\envs\chroma-server\lib\site-packages\fastapi\routing.py", line 1773, in _handle_selected
    await original_route.handle(scope, receive, send)
  File "D:\anaconda3\envs\chroma-server\lib\site-packages\fastapi\routing.py", line 1264, in handle
    await app(scope, receive, send)
  File "D:\anaconda3\envs\chroma-server\lib\site-packages\fastapi\routing.py", line 150, in app
    await wrap_app_handling_exceptions(app, request)(scope, receive, send)
  File "D:\anaconda3\envs\chroma-server\lib\site-packages\starlette\_exception_handler.py", line 53, in wrapped_app
    raise exc
  File "D:\anaconda3\envs\chroma-server\lib\site-packages\starlette\_exception_handler.py", line 42, in wrapped_app
    await app(scope, receive, sender)
  File "D:\anaconda3\envs\chroma-server\lib\site-packages\fastapi\routing.py", line 136, in app
    response = await f(request)
  File "D:\anaconda3\envs\chroma-server\lib\site-packages\fastapi\routing.py", line 690, in app
    raw_response = await run_endpoint_function(
  File "D:\anaconda3\envs\chroma-server\lib\site-packages\fastapi\routing.py", line 346, in run_endpoint_function
    return await run_in_threadpool(dependant.call, **values)
  File "D:\anaconda3\envs\chroma-server\lib\site-packages\starlette\concurrency.py", line 34, in run_in_threadpool
    return await anyio.to_thread.run_sync(func)
  File "D:\anaconda3\envs\chroma-server\lib\site-packages\anyio\to_thread.py", line 63, in run_sync
    return await get_async_backend().run_sync_in_worker_thread(
  File "D:\anaconda3\envs\chroma-server\lib\site-packages\anyio\_backends\_asyncio.py", line 2596, in run_sync_in_worker_thread
    return await future
  File "D:\anaconda3\envs\chroma-server\lib\site-packages\anyio\_backends\_asyncio.py", line 1029, in run
    result = context.run(func, *args)
  File "D:\anaconda3\envs\chroma-server\lib\site-packages\chromadb\telemetry\opentelemetry\__init__.py", line 127, in wrapper
    return f(*args, **kwargs)
  File "D:\anaconda3\envs\chroma-server\lib\site-packages\chromadb\auth\fastapi.py", line 241, in wrapped
    return f(*args, **kwargs)
  File "D:\anaconda3\envs\chroma-server\lib\site-packages\chromadb\server\fastapi\__init__.py", line 440, in get_collection
    return self._api.get_collection(
  File "D:\anaconda3\envs\chroma-server\lib\site-packages\chromadb\telemetry\opentelemetry\__init__.py", line 127, in wrapper
    return f(*args, **kwargs)
  File "D:\anaconda3\envs\chroma-server\lib\site-packages\chromadb\api\segment.py", line 261, in get_collection
    raise ValueError(f"Collection {name} does not exist.")
ValueError: Collection rag_collection does not exist.
[32mINFO[0m:     [02-07-2026 14:02:41] 127.0.0.1:64418 - "GET /api/v1/collections/rag_collection HTTP/1.1" 500
[31mERROR[0m:    [02-07-2026 14:02:42] Failed to send telemetry event ClientCreateCollectionEvent: capture() takes 1 positional argument but 3 were given
[32mINFO[0m:     [02-07-2026 14:02:42] 127.0.0.1:64418 - "POST /api/v1/collections HTTP/1.1" 200
[36mDEBUG[0m:    [02-07-2026 15:59:52] Starting component PersistentLocalHnswSegment
[31mERROR[0m:    [02-07-2026 15:59:53] Failed to send telemetry event CollectionAddEvent: capture() takes 1 positional argument but 3 were given
[32mINFO[0m:     [02-07-2026 15:59:53] 127.0.0.1:63481 - "POST /api/v1/collections/8731fefa-79bd-4ddb-a138-aac0639f4130/add HTTP/1.1" 201
[32mINFO[0m:     [02-07-2026 16:01:48] 127.0.0.1:63548 - "POST /api/v1/collections/8731fefa-79bd-4ddb-a138-aac0639f4130/add HTTP/1.1" 201
[36mDEBUG[0m:    [02-07-2026 16:03:54] Starting component PersistentLocalHnswSegment
[33mWARNING[0m:  [02-07-2026 16:03:54] Delete of nonexisting embedding ID: c8e16050564549b78398633defa5c767
[31mERROR[0m:    [02-07-2026 16:03:54] Failed to send telemetry event CollectionDeleteEvent: capture() takes 1 positional argument but 3 were given
[32mINFO[0m:     [02-07-2026 16:03:54] 127.0.0.1:63671 - "POST /api/v1/collections/8cd4ddff-7aa8-4d8b-a6b6-fe611ed674d2/delete HTTP/1.1" 200
[31mERROR[0m:    [02-07-2026 16:04:10] Failed to send telemetry event CollectionQueryEvent: capture() takes 1 positional argument but 3 were given
[32mINFO[0m:     [02-07-2026 16:04:10] 127.0.0.1:63671 - "POST /api/v1/collections/8cd4ddff-7aa8-4d8b-a6b6-fe611ed674d2/query HTTP/1.1" 200
[31mERROR[0m:    [02-07-2026 16:04:13] Failed to send telemetry event CollectionAddEvent: capture() takes 1 positional argument but 3 were given
[32mINFO[0m:     [02-07-2026 16:04:13] 127.0.0.1:63671 - "POST /api/v1/collections/8cd4ddff-7aa8-4d8b-a6b6-fe611ed674d2/add HTTP/1.1" 201
[33mWARNING[0m:  [02-07-2026 16:04:27] Number of requested results 4 is greater than number of elements in index 1, updating n_results = 1
[32mINFO[0m:     [02-07-2026 16:04:27] 127.0.0.1:63671 - "POST /api/v1/collections/8cd4ddff-7aa8-4d8b-a6b6-fe611ed674d2/query HTTP/1.1" 200
[33mWARNING[0m:  [02-07-2026 16:04:30] Delete of nonexisting embedding ID: b92f23b2d1314c7db0a1b14c2fcfbf83
[33mWARNING[0m:  [02-07-2026 16:04:30] Delete of nonexisting embedding ID: b92f23b2d1314c7db0a1b14c2fcfbf83
[31mERROR[0m:    [02-07-2026 16:04:30] Failed to send telemetry event CollectionDeleteEvent: capture() takes 1 positional argument but 3 were given
[32mINFO[0m:     [02-07-2026 16:04:30] 127.0.0.1:63671 - "POST /api/v1/collections/8cd4ddff-7aa8-4d8b-a6b6-fe611ed674d2/delete HTTP/1.1" 200
[32mINFO[0m:     [02-07-2026 16:05:47] 127.0.0.1:63764 - "POST /api/v1/collections/8731fefa-79bd-4ddb-a138-aac0639f4130/add HTTP/1.1" 201
[33mWARNING[0m:  [02-07-2026 16:07:38] Number of requested results 4 is greater than number of elements in index 1, updating n_results = 1
[32mINFO[0m:     [02-07-2026 16:07:38] 127.0.0.1:63853 - "POST /api/v1/collections/8cd4ddff-7aa8-4d8b-a6b6-fe611ed674d2/query HTTP/1.1" 200
[33mWARNING[0m:  [02-07-2026 16:07:42] Delete of nonexisting embedding ID: 977992d0a7dc499b8afa8804afd8b97a
[33mWARNING[0m:  [02-07-2026 16:07:42] Delete of nonexisting embedding ID: 977992d0a7dc499b8afa8804afd8b97a
[31mERROR[0m:    [02-07-2026 16:07:43] Failed to send telemetry event CollectionDeleteEvent: capture() takes 1 positional argument but 3 were given
[32mINFO[0m:     [02-07-2026 16:07:43] 127.0.0.1:63853 - "POST /api/v1/collections/8cd4ddff-7aa8-4d8b-a6b6-fe611ed674d2/delete HTTP/1.1" 200
[32mINFO[0m:     [02-07-2026 16:08:02] 127.0.0.1:63853 - "POST /api/v1/collections/8cd4ddff-7aa8-4d8b-a6b6-fe611ed674d2/add HTTP/1.1" 201
[33mWARNING[0m:  [02-07-2026 16:08:27] Number of requested results 4 is greater than number of elements in index 2, updating n_results = 2
[32mINFO[0m:     [02-07-2026 16:08:27] 127.0.0.1:63853 - "POST /api/v1/collections/8cd4ddff-7aa8-4d8b-a6b6-fe611ed674d2/query HTTP/1.1" 200
[33mWARNING[0m:  [02-07-2026 16:08:49] Number of requested results 4 is greater than number of elements in index 2, updating n_results = 2
[32mINFO[0m:     [02-07-2026 16:08:49] 127.0.0.1:63853 - "POST /api/v1/collections/8cd4ddff-7aa8-4d8b-a6b6-fe611ed674d2/query HTTP/1.1" 200
[33mWARNING[0m:  [02-07-2026 16:08:51] Delete of nonexisting embedding ID: 592f9b451197443983365e9533755009
[33mWARNING[0m:  [02-07-2026 16:08:51] Delete of nonexisting embedding ID: 592f9b451197443983365e9533755009
[31mERROR[0m:    [02-07-2026 16:08:52] Failed to send telemetry event CollectionDeleteEvent: capture() takes 1 positional argument but 3 were given
[32mINFO[0m:     [02-07-2026 16:08:52] 127.0.0.1:63853 - "POST /api/v1/collections/8cd4ddff-7aa8-4d8b-a6b6-fe611ed674d2/delete HTTP/1.1" 200
[32mINFO[0m:     [02-07-2026 16:09:08] 127.0.0.1:63853 - "POST /api/v1/collections/8cd4ddff-7aa8-4d8b-a6b6-fe611ed674d2/add HTTP/1.1" 201
[33mWARNING[0m:  [02-07-2026 16:11:28] Number of requested results 10 is greater than number of elements in index 3, updating n_results = 3
[32mINFO[0m:     [02-07-2026 16:11:28] 127.0.0.1:64050 - "POST /api/v1/collections/8cd4ddff-7aa8-4d8b-a6b6-fe611ed674d2/query HTTP/1.1" 200
[32mINFO[0m:     [02-07-2026 16:15:08] 127.0.0.1:64120 - "GET /api/v1/collections/notes_collection HTTP/1.1" 200
[32mINFO[0m:     [02-07-2026 16:15:08] 127.0.0.1:64121 - "GET /api/v1/collections/rag_collection HTTP/1.1" 200
[32mINFO[0m:     [02-07-2026 16:20:34] 127.0.0.1:64228 - "GET /api/v1/collections/notes_collection HTTP/1.1" 200
[32mINFO[0m:     [02-07-2026 16:20:34] 127.0.0.1:64229 - "GET /api/v1/collections/rag_collection HTTP/1.1" 200
[32mINFO[0m:     [02-07-2026 16:52:46] 127.0.0.1:58785 - "GET /api/v1/collections/notes_collection HTTP/1.1" 200
[32mINFO[0m:     [02-07-2026 16:52:46] 127.0.0.1:58786 - "GET /api/v1/collections/rag_collection HTTP/1.1" 200
[32mINFO[0m:     [02-07-2026 16:52:46] 127.0.0.1:58785 - "POST /api/v1/collections/8cd4ddff-7aa8-4d8b-a6b6-fe611ed674d2/query HTTP/1.1" 400
[32mINFO[0m:     [02-07-2026 17:09:20] 127.0.0.1:58980 - "GET /api/v1/collections/notes_collection HTTP/1.1" 200
[32mINFO[0m:     [02-07-2026 17:09:20] 127.0.0.1:58981 - "GET /api/v1/collections/rag_collection HTTP/1.1" 200
[33mWARNING[0m:  [02-07-2026 17:09:22] Number of requested results 10000 is greater than number of elements in index 3, updating n_results = 3
[32mINFO[0m:     [02-07-2026 17:09:23] 127.0.0.1:58980 - "POST /api/v1/collections/8cd4ddff-7aa8-4d8b-a6b6-fe611ed674d2/query HTTP/1.1" 200
[33mWARNING[0m:  [02-07-2026 17:09:23] Number of requested results 10000 is greater than number of elements in index 987, updating n_results = 987
[31mERROR[0m:    [02-07-2026 17:09:25] Failed to send telemetry event CollectionQueryEvent: capture() takes 1 positional argument but 3 were given
[32mINFO[0m:     [02-07-2026 17:11:42] 127.0.0.1:59017 - "GET /api/v1/collections/notes_collection HTTP/1.1" 200
[32mINFO[0m:     [02-07-2026 17:11:42] 127.0.0.1:59018 - "GET /api/v1/collections/rag_collection HTTP/1.1" 200
[33mWARNING[0m:  [02-07-2026 17:11:42] Number of requested results 10000 is greater than number of elements in index 3, updating n_results = 3
[32mINFO[0m:     [02-07-2026 17:11:42] 127.0.0.1:59017 - "POST /api/v1/collections/8cd4ddff-7aa8-4d8b-a6b6-fe611ed674d2/query HTTP/1.1" 200
[33mWARNING[0m:  [02-07-2026 17:11:42] Number of requested results 10000 is greater than number of elements in index 987, updating n_results = 987
[32mINFO[0m:     [02-07-2026 17:17:53] 127.0.0.1:59109 - "GET /api/v1/collections/notes_collection HTTP/1.1" 200
[32mINFO[0m:     [02-07-2026 17:17:53] 127.0.0.1:59112 - "GET /api/v1/collections/rag_collection HTTP/1.1" 200
[33mWARNING[0m:  [02-07-2026 17:17:54] Number of requested results 10000 is greater than number of elements in index 3, updating n_results = 3
[32mINFO[0m:     [02-07-2026 17:17:54] 127.0.0.1:59109 - "POST /api/v1/collections/8cd4ddff-7aa8-4d8b-a6b6-fe611ed674d2/query HTTP/1.1" 200
[33mWARNING[0m:  [02-07-2026 17:17:54] Number of requested results 10000 is greater than number of elements in index 987, updating n_results = 987
[32mINFO[0m:     [02-07-2026 17:37:27] 127.0.0.1:59372 - "GET /api/v1/collections/notes_collection HTTP/1.1" 200
[32mINFO[0m:     [02-07-2026 17:37:27] 127.0.0.1:59373 - "GET /api/v1/collections/rag_collection HTTP/1.1" 200
[33mWARNING[0m:  [02-07-2026 17:37:42] Number of requested results 10000 is greater than number of elements in index 987, updating n_results = 987
[33mWARNING[0m:  [02-07-2026 17:38:30] Number of requested results 10000 is greater than number of elements in index 987, updating n_results = 987
[32mINFO[0m:     [02-07-2026 17:46:37] 127.0.0.1:59763 - "GET /api/v1/collections/notes_collection HTTP/1.1" 200
[32mINFO[0m:     [02-07-2026 17:46:37] 127.0.0.1:59764 - "GET /api/v1/collections/rag_collection HTTP/1.1" 200
[33mWARNING[0m:  [02-07-2026 17:47:15] Number of requested results 5000 is greater than number of elements in index 987, updating n_results = 987
[33mWARNING[0m:  [02-07-2026 17:47:22] Number of requested results 5000 is greater than number of elements in index 987, updating n_results = 987
[33mWARNING[0m:  [02-07-2026 17:47:31] Number of requested results 5000 is greater than number of elements in index 987, updating n_results = 987
[33mWARNING[0m:  [02-07-2026 17:47:38] Number of requested results 5000 is greater than number of elements in index 987, updating n_results = 987
[33mWARNING[0m:  [02-07-2026 17:47:38] Number of requested results 5000 is greater than number of elements in index 987, updating n_results = 987
[33mWARNING[0m:  [02-07-2026 17:47:38] Number of requested results 5000 is greater than number of elements in index 987, updating n_results = 987
[33mWARNING[0m:  [02-07-2026 17:47:38] Number of requested results 5000 is greater than number of elements in index 987, updating n_results = 987
[33mWARNING[0m:  [02-07-2026 17:47:39] Number of requested results 5000 is greater than number of elements in index 987, updating n_results = 987
[33mWARNING[0m:  [02-07-2026 17:48:04] Number of requested results 5000 is greater than number of elements in index 987, updating n_results = 987
[33mWARNING[0m:  [02-07-2026 17:48:22] Number of requested results 5000 is greater than number of elements in index 987, updating n_results = 987
[33mWARNING[0m:  [02-07-2026 18:34:41] Number of requested results 5000 is greater than number of elements in index 987, updating n_results = 987
[33mWARNING[0m:  [02-07-2026 18:34:47] Number of requested results 5000 is greater than number of elements in index 987, updating n_results = 987
[33mWARNING[0m:  [02-07-2026 18:38:10] Number of requested results 5000 is greater than number of elements in index 987, updating n_results = 987
[33mWARNING[0m:  [02-07-2026 18:39:24] Number of requested results 5000 is greater than number of elements in index 987, updating n_results = 987
[33mWARNING[0m:  [02-07-2026 18:39:33] Number of requested results 5000 is greater than number of elements in index 987, updating n_results = 987
[32mINFO[0m:     [02-07-2026 18:43:05] Shutting down
[32mINFO[0m:     [02-07-2026 18:43:06] Waiting for application shutdown.
[36mDEBUG[0m:    [02-07-2026 18:43:06] Stopping component System
[36mDEBUG[0m:    [02-07-2026 18:43:06] Stopping component SegmentAPI
[36mDEBUG[0m:    [02-07-2026 18:43:06] Stopping component PersistentLocalHnswSegment
[36mDEBUG[0m:    [02-07-2026 18:43:06] Stopping component PersistentLocalHnswSegment
[36mDEBUG[0m:    [02-07-2026 18:43:06] Stopping component LocalSegmentManager
[36mDEBUG[0m:    [02-07-2026 18:43:06] Stopping component Posthog
[36mDEBUG[0m:    [02-07-2026 18:43:06] Stopping component QuotaEnforcer
[36mDEBUG[0m:    [02-07-2026 18:43:06] Stopping component SqliteDB
[36mDEBUG[0m:    [02-07-2026 18:43:08] Stopping component SimpleAssignmentPolicy
[36mDEBUG[0m:    [02-07-2026 18:43:08] Stopping component OpenTelemetryClient
[32mINFO[0m:     [02-07-2026 18:43:08] Application shutdown complete.
[32mINFO[0m:     [02-07-2026 18:43:08] Finished server process [[36m16908[0m]
[33mWARNING[0m:  [02-07-2026 18:43:35] chroma_server_nofile is not supported on Windows. chroma_server_nofile will not be set.
[32mINFO[0m:     [02-07-2026 18:43:36] Anonymized telemetry enabled. See                     https://docs.trychroma.com/telemetry for more information.
[36mDEBUG[0m:    [02-07-2026 18:43:36] Starting component System
[36mDEBUG[0m:    [02-07-2026 18:43:36] Starting component OpenTelemetryClient
[36mDEBUG[0m:    [02-07-2026 18:43:36] Starting component SimpleAssignmentPolicy
[36mDEBUG[0m:    [02-07-2026 18:43:36] Starting component SqliteDB
[36mDEBUG[0m:    [02-07-2026 18:43:37] Starting component QuotaEnforcer
[36mDEBUG[0m:    [02-07-2026 18:43:37] Starting component Posthog
[36mDEBUG[0m:    [02-07-2026 18:43:37] Starting component LocalSegmentManager
[36mDEBUG[0m:    [02-07-2026 18:43:37] Starting component SegmentAPI
[32mINFO[0m:     [02-07-2026 18:43:38] Started server process [[36m14356[0m]
[32mINFO[0m:     [02-07-2026 18:43:38] Waiting for application startup.
[32mINFO[0m:     [02-07-2026 18:43:38] Application startup complete.
[32mINFO[0m:     [02-07-2026 18:43:38] Uvicorn running on [1mhttp://0.0.0.0:8001[0m (Press CTRL+C to quit)
[32mINFO[0m:     [02-07-2026 18:44:06] 127.0.0.1:62001 - "GET /api/v1/collections/notes_collection HTTP/1.1" 200
[32mINFO[0m:     [02-07-2026 18:44:06] 127.0.0.1:62003 - "GET /api/v1/collections/rag_collection HTTP/1.1" 200
[36mDEBUG[0m:    [02-07-2026 18:44:21] Starting component PersistentLocalHnswSegment
[33mWARNING[0m:  [02-07-2026 18:44:23] Number of requested results 5000 is greater than number of elements in index 987, updating n_results = 987
[31mERROR[0m:    [02-07-2026 18:44:23] Failed to send telemetry event CollectionQueryEvent: capture() takes 1 positional argument but 3 were given
[33mWARNING[0m:  [02-07-2026 18:44:29] Number of requested results 5000 is greater than number of elements in index 987, updating n_results = 987
[33mWARNING[0m:  [02-07-2026 18:44:29] Number of requested results 5000 is greater than number of elements in index 987, updating n_results = 987
[33mWARNING[0m:  [02-07-2026 18:44:41] Number of requested results 5000 is greater than number of elements in index 987, updating n_results = 987
[33mWARNING[0m:  [02-07-2026 18:44:41] Number of requested results 5000 is greater than number of elements in index 987, updating n_results = 987
[33mWARNING[0m:  [02-07-2026 18:44:41] Number of requested results 5000 is greater than number of elements in index 987, updating n_results = 987
[33mWARNING[0m:  [02-07-2026 18:44:41] Number of requested results 5000 is greater than number of elements in index 987, updating n_results = 987
[33mWARNING[0m:  [02-07-2026 18:45:03] Number of requested results 5000 is greater than number of elements in index 987, updating n_results = 987
[33mWARNING[0m:  [02-07-2026 18:45:03] Number of requested results 5000 is greater than number of elements in index 987, updating n_results = 987
[33mWARNING[0m:  [02-07-2026 18:45:04] Number of requested results 5000 is greater than number of elements in index 987, updating n_results = 987
[33mWARNING[0m:  [02-07-2026 18:45:43] Number of requested results 5000 is greater than number of elements in index 987, updating n_results = 987
[33mWARNING[0m:  [02-07-2026 18:45:49] Number of requested results 5000 is greater than number of elements in index 987, updating n_results = 987
[33mWARNING[0m:  [02-07-2026 18:45:54] Number of requested results 5000 is greater than number of elements in index 987, updating n_results = 987
[33mWARNING[0m:  [02-07-2026 18:46:01] Number of requested results 5000 is greater than number of elements in index 987, updating n_results = 987
[33mWARNING[0m:  [02-07-2026 18:46:06] Number of requested results 5000 is greater than number of elements in index 987, updating n_results = 987
[32mINFO[0m:     [02-07-2026 18:52:53] 127.0.0.1:62410 - "GET /api/v1/collections/notes_collection HTTP/1.1" 200
[32mINFO[0m:     [02-07-2026 18:52:53] 127.0.0.1:62411 - "GET /api/v1/collections/rag_collection HTTP/1.1" 200
[32mINFO[0m:     [02-07-2026 18:53:14] 127.0.0.1:62411 - "POST /api/v1/collections/8731fefa-79bd-4ddb-a138-aac0639f4130/query HTTP/1.1" 200
[32mINFO[0m:     [02-07-2026 18:53:18] 127.0.0.1:62411 - "POST /api/v1/collections/8731fefa-79bd-4ddb-a138-aac0639f4130/query HTTP/1.1" 200
[32mINFO[0m:     [02-07-2026 18:53:20] 127.0.0.1:62411 - "POST /api/v1/collections/8731fefa-79bd-4ddb-a138-aac0639f4130/query HTTP/1.1" 200
[32mINFO[0m:     [02-07-2026 18:53:20] 127.0.0.1:62411 - "POST /api/v1/collections/8731fefa-79bd-4ddb-a138-aac0639f4130/query HTTP/1.1" 200
[32mINFO[0m:     [02-07-2026 18:53:24] 127.0.0.1:62411 - "POST /api/v1/collections/8731fefa-79bd-4ddb-a138-aac0639f4130/query HTTP/1.1" 200
[32mINFO[0m:     [02-07-2026 18:53:34] 127.0.0.1:62411 - "POST /api/v1/collections/8731fefa-79bd-4ddb-a138-aac0639f4130/query HTTP/1.1" 200
[32mINFO[0m:     [02-07-2026 18:53:58] 127.0.0.1:62411 - "POST /api/v1/collections/8731fefa-79bd-4ddb-a138-aac0639f4130/query HTTP/1.1" 200
[32mINFO[0m:     [02-07-2026 18:57:32] 127.0.0.1:62641 - "POST /api/v1/collections/8731fefa-79bd-4ddb-a138-aac0639f4130/query HTTP/1.1" 200
[32mINFO[0m:     [02-07-2026 18:57:36] 127.0.0.1:62641 - "POST /api/v1/collections/8731fefa-79bd-4ddb-a138-aac0639f4130/query HTTP/1.1" 200
[32mINFO[0m:     [02-07-2026 18:57:37] 127.0.0.1:62641 - "POST /api/v1/collections/8731fefa-79bd-4ddb-a138-aac0639f4130/query HTTP/1.1" 200
[32mINFO[0m:     [02-07-2026 18:57:37] 127.0.0.1:62641 - "POST /api/v1/collections/8731fefa-79bd-4ddb-a138-aac0639f4130/query HTTP/1.1" 200
[32mINFO[0m:     [02-07-2026 18:57:43] 127.0.0.1:62641 - "POST /api/v1/collections/8731fefa-79bd-4ddb-a138-aac0639f4130/query HTTP/1.1" 200
[32mINFO[0m:     [02-07-2026 18:57:46] 127.0.0.1:62641 - "POST /api/v1/collections/8731fefa-79bd-4ddb-a138-aac0639f4130/query HTTP/1.1" 200
[32mINFO[0m:     [02-07-2026 18:57:49] 127.0.0.1:62641 - "POST /api/v1/collections/8731fefa-79bd-4ddb-a138-aac0639f4130/query HTTP/1.1" 200
[32mINFO[0m:     [02-07-2026 18:57:50] 127.0.0.1:62641 - "POST /api/v1/collections/8731fefa-79bd-4ddb-a138-aac0639f4130/query HTTP/1.1" 200
[32mINFO[0m:     [02-07-2026 18:58:57] 127.0.0.1:62692 - "POST /api/v1/collections/8731fefa-79bd-4ddb-a138-aac0639f4130/add HTTP/1.1" 500
[32mINFO[0m:     [02-07-2026 18:58:59] 127.0.0.1:62692 - "POST /api/v1/collections/8731fefa-79bd-4ddb-a138-aac0639f4130/query HTTP/1.1" 200
[32mINFO[0m:     [02-07-2026 18:59:03] 127.0.0.1:62692 - "POST /api/v1/collections/8731fefa-79bd-4ddb-a138-aac0639f4130/query HTTP/1.1" 200
[32mINFO[0m:     [02-07-2026 18:59:04] 127.0.0.1:62692 - "POST /api/v1/collections/8731fefa-79bd-4ddb-a138-aac0639f4130/query HTTP/1.1" 200
[32mINFO[0m:     [02-07-2026 19:00:15] 127.0.0.1:62756 - "POST /api/v1/collections/8731fefa-79bd-4ddb-a138-aac0639f4130/add HTTP/1.1" 500
[32mINFO[0m:     [02-07-2026 19:00:17] 127.0.0.1:62756 - "POST /api/v1/collections/8731fefa-79bd-4ddb-a138-aac0639f4130/query HTTP/1.1" 200
[32mINFO[0m:     [02-07-2026 19:00:21] 127.0.0.1:62756 - "POST /api/v1/collections/8731fefa-79bd-4ddb-a138-aac0639f4130/query HTTP/1.1" 200
[32mINFO[0m:     [02-07-2026 19:00:22] 127.0.0.1:62756 - "POST /api/v1/collections/8731fefa-79bd-4ddb-a138-aac0639f4130/query HTTP/1.1" 200
[32mINFO[0m:     [02-07-2026 19:00:22] 127.0.0.1:62756 - "POST /api/v1/collections/8731fefa-79bd-4ddb-a138-aac0639f4130/add HTTP/1.1" 500
[32mINFO[0m:     [02-07-2026 19:00:25] 127.0.0.1:62756 - "POST /api/v1/collections/8731fefa-79bd-4ddb-a138-aac0639f4130/query HTTP/1.1" 200
[32mINFO[0m:     [02-07-2026 19:00:29] 127.0.0.1:62756 - "POST /api/v1/collections/8731fefa-79bd-4ddb-a138-aac0639f4130/query HTTP/1.1" 200
[32mINFO[0m:     [02-07-2026 19:00:30] 127.0.0.1:62756 - "POST /api/v1/collections/8731fefa-79bd-4ddb-a138-aac0639f4130/query HTTP/1.1" 200
[32mINFO[0m:     [02-07-2026 19:13:13] Shutting down
[32mINFO[0m:     [02-07-2026 19:13:13] Waiting for application shutdown.
[36mDEBUG[0m:    [02-07-2026 19:13:13] Stopping component System
[36mDEBUG[0m:    [02-07-2026 19:13:13] Stopping component SegmentAPI
[36mDEBUG[0m:    [02-07-2026 19:13:13] Stopping component PersistentLocalHnswSegment
[36mDEBUG[0m:    [02-07-2026 19:13:13] Stopping component LocalSegmentManager
[36mDEBUG[0m:    [02-07-2026 19:13:13] Stopping component Posthog
[36mDEBUG[0m:    [02-07-2026 19:13:13] Stopping component QuotaEnforcer
[36mDEBUG[0m:    [02-07-2026 19:13:13] Stopping component SqliteDB
[36mDEBUG[0m:    [02-07-2026 19:13:14] Stopping component SimpleAssignmentPolicy
[36mDEBUG[0m:    [02-07-2026 19:13:14] Stopping component OpenTelemetryClient
[32mINFO[0m:     [02-07-2026 19:13:14] Application shutdown complete.
[32mINFO[0m:     [02-07-2026 19:13:14] Finished server process [[36m14356[0m]
[33mWARNING[0m:  [02-07-2026 19:14:33] chroma_server_nofile is not supported on Windows. chroma_server_nofile will not be set.
[32mINFO[0m:     [02-07-2026 19:14:34] Anonymized telemetry enabled. See                     https://docs.trychroma.com/telemetry for more information.
[36mDEBUG[0m:    [02-07-2026 19:14:34] Starting component System
[36mDEBUG[0m:    [02-07-2026 19:14:34] Starting component OpenTelemetryClient
[36mDEBUG[0m:    [02-07-2026 19:14:34] Starting component SimpleAssignmentPolicy
[36mDEBUG[0m:    [02-07-2026 19:14:34] Starting component SqliteDB
[36mDEBUG[0m:    [02-07-2026 19:14:38] Starting component QuotaEnforcer
[36mDEBUG[0m:    [02-07-2026 19:14:38] Starting component Posthog
[36mDEBUG[0m:    [02-07-2026 19:14:38] Starting component LocalSegmentManager
[36mDEBUG[0m:    [02-07-2026 19:14:38] Starting component SegmentAPI
[32mINFO[0m:     [02-07-2026 19:14:38] Started server process [[36m14676[0m]
[32mINFO[0m:     [02-07-2026 19:14:38] Waiting for application startup.
[32mINFO[0m:     [02-07-2026 19:14:38] Application startup complete.
[32mINFO[0m:     [02-07-2026 19:14:38] Uvicorn running on [1mhttp://0.0.0.0:8001[0m (Press CTRL+C to quit)
[31mERROR[0m:    [02-07-2026 19:15:10] Collection notes_collection does not exist.
  + Exception Group Traceback (most recent call last):
  |   File "D:\anaconda3\envs\chroma-server\lib\site-packages\starlette\_utils.py", line 85, in create_collapsing_task_group
  |     async with anyio.create_task_group() as tg:
  |   File "D:\anaconda3\envs\chroma-server\lib\site-packages\anyio\_backends\_asyncio.py", line 811, in __aexit__
  |     raise BaseExceptionGroup(
  | exceptiongroup.ExceptionGroup: unhandled errors in a TaskGroup (1 sub-exception)
  +-+---------------- 1 ----------------
    | Traceback (most recent call last):
    |   File "D:\anaconda3\envs\chroma-server\lib\site-packages\chromadb\server\fastapi\__init__.py", line 82, in catch_exceptions_middleware
    |     return await call_next(request)
    |   File "D:\anaconda3\envs\chroma-server\lib\site-packages\starlette\middleware\base.py", line 168, in call_next
    |     raise app_exc from app_exc.__cause__ or app_exc.__context__
    |   File "D:\anaconda3\envs\chroma-server\lib\site-packages\starlette\middleware\base.py", line 144, in coro
    |     await self.app(scope, receive_or_disconnect, send_no_error)
    |   File "D:\anaconda3\envs\chroma-server\lib\site-packages\starlette\middleware\base.py", line 193, in __call__
    |     response = await self.dispatch_func(request, call_next)
    |   File "D:\anaconda3\envs\chroma-server\lib\site-packages\chromadb\server\fastapi\__init__.py", line 96, in check_http_version_middleware
    |     return await call_next(request)
    |   File "D:\anaconda3\envs\chroma-server\lib\site-packages\starlette\middleware\base.py", line 168, in call_next
    |     raise app_exc from app_exc.__cause__ or app_exc.__context__
    |   File "D:\anaconda3\envs\chroma-server\lib\site-packages\starlette\middleware\base.py", line 144, in coro
    |     await self.app(scope, receive_or_disconnect, send_no_error)
    |   File "D:\anaconda3\envs\chroma-server\lib\site-packages\starlette\middleware\exceptions.py", line 63, in __call__
    |     await wrap_app_handling_exceptions(self.app, conn)(scope, receive, send)
    |   File "D:\anaconda3\envs\chroma-server\lib\site-packages\starlette\_exception_handler.py", line 53, in wrapped_app
    |     raise exc
    |   File "D:\anaconda3\envs\chroma-server\lib\site-packages\starlette\_exception_handler.py", line 42, in wrapped_app
    |     await app(scope, receive, sender)
    |   File "D:\anaconda3\envs\chroma-server\lib\site-packages\fastapi\middleware\asyncexitstack.py", line 18, in __call__
    |     await self.app(scope, receive, send)
    |   File "D:\anaconda3\envs\chroma-server\lib\site-packages\starlette\routing.py", line 660, in __call__
    |     await self.middleware_stack(scope, receive, send)
    |   File "D:\anaconda3\envs\chroma-server\lib\site-packages\fastapi\routing.py", line 2683, in app
    |     await route.handle(scope, receive, send)
    |   File "D:\anaconda3\envs\chroma-server\lib\site-packages\fastapi\routing.py", line 1753, in handle
    |     await self.original_router.handle(scope, receive, send)
    |   File "D:\anaconda3\envs\chroma-server\lib\site-packages\fastapi\routing.py", line 2738, in handle
    |     await included_router._handle_selected(scope, receive, send)
    |   File "D:\anaconda3\envs\chroma-server\lib\site-packages\fastapi\routing.py", line 1773, in _handle_selected
    |     await original_route.handle(scope, receive, send)
    |   File "D:\anaconda3\envs\chroma-server\lib\site-packages\fastapi\routing.py", line 1264, in handle
    |     await app(scope, receive, send)
    |   File "D:\anaconda3\envs\chroma-server\lib\site-packages\fastapi\routing.py", line 150, in app
    |     await wrap_app_handling_exceptions(app, request)(scope, receive, send)
    |   File "D:\anaconda3\envs\chroma-server\lib\site-packages\starlette\_exception_handler.py", line 53, in wrapped_app
    |     raise exc
    |   File "D:\anaconda3\envs\chroma-server\lib\site-packages\starlette\_exception_handler.py", line 42, in wrapped_app
    |     await app(scope, receive, sender)
    |   File "D:\anaconda3\envs\chroma-server\lib\site-packages\fastapi\routing.py", line 136, in app
    |     response = await f(request)
    |   File "D:\anaconda3\envs\chroma-server\lib\site-packages\fastapi\routing.py", line 690, in app
    |     raw_response = await run_endpoint_function(
    |   File "D:\anaconda3\envs\chroma-server\lib\site-packages\fastapi\routing.py", line 346, in run_endpoint_function
    |     return await run_in_threadpool(dependant.call, **values)
    |   File "D:\anaconda3\envs\chroma-server\lib\site-packages\starlette\concurrency.py", line 34, in run_in_threadpool
    |     return await anyio.to_thread.run_sync(func)
    |   File "D:\anaconda3\envs\chroma-server\lib\site-packages\anyio\to_thread.py", line 63, in run_sync
    |     return await get_async_backend().run_sync_in_worker_thread(
    |   File "D:\anaconda3\envs\chroma-server\lib\site-packages\anyio\_backends\_asyncio.py", line 2596, in run_sync_in_worker_thread
    |     return await future
    |   File "D:\anaconda3\envs\chroma-server\lib\site-packages\anyio\_backends\_asyncio.py", line 1029, in run
    |     result = context.run(func, *args)
    |   File "D:\anaconda3\envs\chroma-server\lib\site-packages\chromadb\telemetry\opentelemetry\__init__.py", line 127, in wrapper
    |     return f(*args, **kwargs)
    |   File "D:\anaconda3\envs\chroma-server\lib\site-packages\chromadb\auth\fastapi.py", line 241, in wrapped
    |     return f(*args, **kwargs)
    |   File "D:\anaconda3\envs\chroma-server\lib\site-packages\chromadb\server\fastapi\__init__.py", line 440, in get_collection
    |     return self._api.get_collection(
    |   File "D:\anaconda3\envs\chroma-server\lib\site-packages\chromadb\telemetry\opentelemetry\__init__.py", line 127, in wrapper
    |     return f(*args, **kwargs)
    |   File "D:\anaconda3\envs\chroma-server\lib\site-packages\chromadb\api\segment.py", line 261, in get_collection
    |     raise ValueError(f"Collection {name} does not exist.")
    | ValueError: Collection notes_collection does not exist.
    +------------------------------------

The above exception was the direct cause of the following exception:

Traceback (most recent call last):
  File "D:\anaconda3\envs\chroma-server\lib\site-packages\chromadb\server\fastapi\__init__.py", line 82, in catch_exceptions_middleware
    return await call_next(request)
  File "D:\anaconda3\envs\chroma-server\lib\site-packages\starlette\middleware\base.py", line 168, in call_next
    raise app_exc from app_exc.__cause__ or app_exc.__context__
  File "D:\anaconda3\envs\chroma-server\lib\site-packages\starlette\middleware\base.py", line 144, in coro
    await self.app(scope, receive_or_disconnect, send_no_error)
  File "D:\anaconda3\envs\chroma-server\lib\site-packages\starlette\middleware\base.py", line 193, in __call__
    response = await self.dispatch_func(request, call_next)
  File "D:\anaconda3\envs\chroma-server\lib\site-packages\chromadb\server\fastapi\__init__.py", line 96, in check_http_version_middleware
    return await call_next(request)
  File "D:\anaconda3\envs\chroma-server\lib\site-packages\starlette\middleware\base.py", line 168, in call_next
    raise app_exc from app_exc.__cause__ or app_exc.__context__
  File "D:\anaconda3\envs\chroma-server\lib\site-packages\starlette\middleware\base.py", line 144, in coro
    await self.app(scope, receive_or_disconnect, send_no_error)
  File "D:\anaconda3\envs\chroma-server\lib\site-packages\starlette\middleware\exceptions.py", line 63, in __call__
    await wrap_app_handling_exceptions(self.app, conn)(scope, receive, send)
  File "D:\anaconda3\envs\chroma-server\lib\site-packages\starlette\_exception_handler.py", line 53, in wrapped_app
    raise exc
  File "D:\anaconda3\envs\chroma-server\lib\site-packages\starlette\_exception_handler.py", line 42, in wrapped_app
    await app(scope, receive, sender)
  File "D:\anaconda3\envs\chroma-server\lib\site-packages\fastapi\middleware\asyncexitstack.py", line 18, in __call__
    await self.app(scope, receive, send)
  File "D:\anaconda3\envs\chroma-server\lib\site-packages\starlette\routing.py", line 660, in __call__
    await self.middleware_stack(scope, receive, send)
  File "D:\anaconda3\envs\chroma-server\lib\site-packages\fastapi\routing.py", line 2683, in app
    await route.handle(scope, receive, send)
  File "D:\anaconda3\envs\chroma-server\lib\site-packages\fastapi\routing.py", line 1753, in handle
    await self.original_router.handle(scope, receive, send)
  File "D:\anaconda3\envs\chroma-server\lib\site-packages\fastapi\routing.py", line 2738, in handle
    await included_router._handle_selected(scope, receive, send)
  File "D:\anaconda3\envs\chroma-server\lib\site-packages\fastapi\routing.py", line 1773, in _handle_selected
    await original_route.handle(scope, receive, send)
  File "D:\anaconda3\envs\chroma-server\lib\site-packages\fastapi\routing.py", line 1264, in handle
    await app(scope, receive, send)
  File "D:\anaconda3\envs\chroma-server\lib\site-packages\fastapi\routing.py", line 150, in app
    await wrap_app_handling_exceptions(app, request)(scope, receive, send)
  File "D:\anaconda3\envs\chroma-server\lib\site-packages\starlette\_exception_handler.py", line 53, in wrapped_app
    raise exc
  File "D:\anaconda3\envs\chroma-server\lib\site-packages\starlette\_exception_handler.py", line 42, in wrapped_app
    await app(scope, receive, sender)
  File "D:\anaconda3\envs\chroma-server\lib\site-packages\fastapi\routing.py", line 136, in app
    response = await f(request)
  File "D:\anaconda3\envs\chroma-server\lib\site-packages\fastapi\routing.py", line 690, in app
    raw_response = await run_endpoint_function(
  File "D:\anaconda3\envs\chroma-server\lib\site-packages\fastapi\routing.py", line 346, in run_endpoint_function
    return await run_in_threadpool(dependant.call, **values)
  File "D:\anaconda3\envs\chroma-server\lib\site-packages\starlette\concurrency.py", line 34, in run_in_threadpool
    return await anyio.to_thread.run_sync(func)
  File "D:\anaconda3\envs\chroma-server\lib\site-packages\anyio\to_thread.py", line 63, in run_sync
    return await get_async_backend().run_sync_in_worker_thread(
  File "D:\anaconda3\envs\chroma-server\lib\site-packages\anyio\_backends\_asyncio.py", line 2596, in run_sync_in_worker_thread
    return await future
  File "D:\anaconda3\envs\chroma-server\lib\site-packages\anyio\_backends\_asyncio.py", line 1029, in run
    result = context.run(func, *args)
  File "D:\anaconda3\envs\chroma-server\lib\site-packages\chromadb\telemetry\opentelemetry\__init__.py", line 127, in wrapper
    return f(*args, **kwargs)
  File "D:\anaconda3\envs\chroma-server\lib\site-packages\chromadb\auth\fastapi.py", line 241, in wrapped
    return f(*args, **kwargs)
  File "D:\anaconda3\envs\chroma-server\lib\site-packages\chromadb\server\fastapi\__init__.py", line 440, in get_collection
    return self._api.get_collection(
  File "D:\anaconda3\envs\chroma-server\lib\site-packages\chromadb\telemetry\opentelemetry\__init__.py", line 127, in wrapper
    return f(*args, **kwargs)
  File "D:\anaconda3\envs\chroma-server\lib\site-packages\chromadb\api\segment.py", line 261, in get_collection
    raise ValueError(f"Collection {name} does not exist.")
ValueError: Collection notes_collection does not exist.
[32mINFO[0m:     [02-07-2026 19:15:11] 127.0.0.1:57847 - "GET /api/v1/collections/notes_collection HTTP/1.1" 500
[31mERROR[0m:    [02-07-2026 19:15:11] Failed to send telemetry event ClientCreateCollectionEvent: capture() takes 1 positional argument but 3 were given
[32mINFO[0m:     [02-07-2026 19:15:11] 127.0.0.1:57847 - "POST /api/v1/collections HTTP/1.1" 200
[31mERROR[0m:    [02-07-2026 19:15:11] Collection rag_collection does not exist.
  + Exception Group Traceback (most recent call last):
  |   File "D:\anaconda3\envs\chroma-server\lib\site-packages\starlette\_utils.py", line 85, in create_collapsing_task_group
  |     async with anyio.create_task_group() as tg:
  |   File "D:\anaconda3\envs\chroma-server\lib\site-packages\anyio\_backends\_asyncio.py", line 811, in __aexit__
  |     raise BaseExceptionGroup(
  | exceptiongroup.ExceptionGroup: unhandled errors in a TaskGroup (1 sub-exception)
  +-+---------------- 1 ----------------
    | Traceback (most recent call last):
    |   File "D:\anaconda3\envs\chroma-server\lib\site-packages\chromadb\server\fastapi\__init__.py", line 82, in catch_exceptions_middleware
    |     return await call_next(request)
    |   File "D:\anaconda3\envs\chroma-server\lib\site-packages\starlette\middleware\base.py", line 168, in call_next
    |     raise app_exc from app_exc.__cause__ or app_exc.__context__
    |   File "D:\anaconda3\envs\chroma-server\lib\site-packages\starlette\middleware\base.py", line 144, in coro
    |     await self.app(scope, receive_or_disconnect, send_no_error)
    |   File "D:\anaconda3\envs\chroma-server\lib\site-packages\starlette\middleware\base.py", line 193, in __call__
    |     response = await self.dispatch_func(request, call_next)
    |   File "D:\anaconda3\envs\chroma-server\lib\site-packages\chromadb\server\fastapi\__init__.py", line 96, in check_http_version_middleware
    |     return await call_next(request)
    |   File "D:\anaconda3\envs\chroma-server\lib\site-packages\starlette\middleware\base.py", line 168, in call_next
    |     raise app_exc from app_exc.__cause__ or app_exc.__context__
    |   File "D:\anaconda3\envs\chroma-server\lib\site-packages\starlette\middleware\base.py", line 144, in coro
    |     await self.app(scope, receive_or_disconnect, send_no_error)
    |   File "D:\anaconda3\envs\chroma-server\lib\site-packages\starlette\middleware\exceptions.py", line 63, in __call__
    |     await wrap_app_handling_exceptions(self.app, conn)(scope, receive, send)
    |   File "D:\anaconda3\envs\chroma-server\lib\site-packages\starlette\_exception_handler.py", line 53, in wrapped_app
    |     raise exc
    |   File "D:\anaconda3\envs\chroma-server\lib\site-packages\starlette\_exception_handler.py", line 42, in wrapped_app
    |     await app(scope, receive, sender)
    |   File "D:\anaconda3\envs\chroma-server\lib\site-packages\fastapi\middleware\asyncexitstack.py", line 18, in __call__
    |     await self.app(scope, receive, send)
    |   File "D:\anaconda3\envs\chroma-server\lib\site-packages\starlette\routing.py", line 660, in __call__
    |     await self.middleware_stack(scope, receive, send)
    |   File "D:\anaconda3\envs\chroma-server\lib\site-packages\fastapi\routing.py", line 2683, in app
    |     await route.handle(scope, receive, send)
    |   File "D:\anaconda3\envs\chroma-server\lib\site-packages\fastapi\routing.py", line 1753, in handle
    |     await self.original_router.handle(scope, receive, send)
    |   File "D:\anaconda3\envs\chroma-server\lib\site-packages\fastapi\routing.py", line 2738, in handle
    |     await included_router._handle_selected(scope, receive, send)
    |   File "D:\anaconda3\envs\chroma-server\lib\site-packages\fastapi\routing.py", line 1773, in _handle_selected
    |     await original_route.handle(scope, receive, send)
    |   File "D:\anaconda3\envs\chroma-server\lib\site-packages\fastapi\routing.py", line 1264, in handle
    |     await app(scope, receive, send)
    |   File "D:\anaconda3\envs\chroma-server\lib\site-packages\fastapi\routing.py", line 150, in app
    |     await wrap_app_handling_exceptions(app, request)(scope, receive, send)
    |   File "D:\anaconda3\envs\chroma-server\lib\site-packages\starlette\_exception_handler.py", line 53, in wrapped_app
    |     raise exc
    |   File "D:\anaconda3\envs\chroma-server\lib\site-packages\starlette\_exception_handler.py", line 42, in wrapped_app
    |     await app(scope, receive, sender)
    |   File "D:\anaconda3\envs\chroma-server\lib\site-packages\fastapi\routing.py", line 136, in app
    |     response = await f(request)
    |   File "D:\anaconda3\envs\chroma-server\lib\site-packages\fastapi\routing.py", line 690, in app
    |     raw_response = await run_endpoint_function(
    |   File "D:\anaconda3\envs\chroma-server\lib\site-packages\fastapi\routing.py", line 346, in run_endpoint_function
    |     return await run_in_threadpool(dependant.call, **values)
    |   File "D:\anaconda3\envs\chroma-server\lib\site-packages\starlette\concurrency.py", line 34, in run_in_threadpool
    |     return await anyio.to_thread.run_sync(func)
    |   File "D:\anaconda3\envs\chroma-server\lib\site-packages\anyio\to_thread.py", line 63, in run_sync
    |     return await get_async_backend().run_sync_in_worker_thread(
    |   File "D:\anaconda3\envs\chroma-server\lib\site-packages\anyio\_backends\_asyncio.py", line 2596, in run_sync_in_worker_thread
    |     return await future
    |   File "D:\anaconda3\envs\chroma-server\lib\site-packages\anyio\_backends\_asyncio.py", line 1029, in run
    |     result = context.run(func, *args)
    |   File "D:\anaconda3\envs\chroma-server\lib\site-packages\chromadb\telemetry\opentelemetry\__init__.py", line 127, in wrapper
    |     return f(*args, **kwargs)
    |   File "D:\anaconda3\envs\chroma-server\lib\site-packages\chromadb\auth\fastapi.py", line 241, in wrapped
    |     return f(*args, **kwargs)
    |   File "D:\anaconda3\envs\chroma-server\lib\site-packages\chromadb\server\fastapi\__init__.py", line 440, in get_collection
    |     return self._api.get_collection(
    |   File "D:\anaconda3\envs\chroma-server\lib\site-packages\chromadb\telemetry\opentelemetry\__init__.py", line 127, in wrapper
    |     return f(*args, **kwargs)
    |   File "D:\anaconda3\envs\chroma-server\lib\site-packages\chromadb\api\segment.py", line 261, in get_collection
    |     raise ValueError(f"Collection {name} does not exist.")
    | ValueError: Collection rag_collection does not exist.
    +------------------------------------

The above exception was the direct cause of the following exception:

Traceback (most recent call last):
  File "D:\anaconda3\envs\chroma-server\lib\site-packages\chromadb\server\fastapi\__init__.py", line 82, in catch_exceptions_middleware
    return await call_next(request)
  File "D:\anaconda3\envs\chroma-server\lib\site-packages\starlette\middleware\base.py", line 168, in call_next
    raise app_exc from app_exc.__cause__ or app_exc.__context__
  File "D:\anaconda3\envs\chroma-server\lib\site-packages\starlette\middleware\base.py", line 144, in coro
    await self.app(scope, receive_or_disconnect, send_no_error)
  File "D:\anaconda3\envs\chroma-server\lib\site-packages\starlette\middleware\base.py", line 193, in __call__
    response = await self.dispatch_func(request, call_next)
  File "D:\anaconda3\envs\chroma-server\lib\site-packages\chromadb\server\fastapi\__init__.py", line 96, in check_http_version_middleware
    return await call_next(request)
  File "D:\anaconda3\envs\chroma-server\lib\site-packages\starlette\middleware\base.py", line 168, in call_next
    raise app_exc from app_exc.__cause__ or app_exc.__context__
  File "D:\anaconda3\envs\chroma-server\lib\site-packages\starlette\middleware\base.py", line 144, in coro
    await self.app(scope, receive_or_disconnect, send_no_error)
  File "D:\anaconda3\envs\chroma-server\lib\site-packages\starlette\middleware\exceptions.py", line 63, in __call__
    await wrap_app_handling_exceptions(self.app, conn)(scope, receive, send)
  File "D:\anaconda3\envs\chroma-server\lib\site-packages\starlette\_exception_handler.py", line 53, in wrapped_app
    raise exc
  File "D:\anaconda3\envs\chroma-server\lib\site-packages\starlette\_exception_handler.py", line 42, in wrapped_app
    await app(scope, receive, sender)
  File "D:\anaconda3\envs\chroma-server\lib\site-packages\fastapi\middleware\asyncexitstack.py", line 18, in __call__
    await self.app(scope, receive, send)
  File "D:\anaconda3\envs\chroma-server\lib\site-packages\starlette\routing.py", line 660, in __call__
    await self.middleware_stack(scope, receive, send)
  File "D:\anaconda3\envs\chroma-server\lib\site-packages\fastapi\routing.py", line 2683, in app
    await route.handle(scope, receive, send)
  File "D:\anaconda3\envs\chroma-server\lib\site-packages\fastapi\routing.py", line 1753, in handle
    await self.original_router.handle(scope, receive, send)
  File "D:\anaconda3\envs\chroma-server\lib\site-packages\fastapi\routing.py", line 2738, in handle
    await included_router._handle_selected(scope, receive, send)
  File "D:\anaconda3\envs\chroma-server\lib\site-packages\fastapi\routing.py", line 1773, in _handle_selected
    await original_route.handle(scope, receive, send)
  File "D:\anaconda3\envs\chroma-server\lib\site-packages\fastapi\routing.py", line 1264, in handle
    await app(scope, receive, send)
  File "D:\anaconda3\envs\chroma-server\lib\site-packages\fastapi\routing.py", line 150, in app
    await wrap_app_handling_exceptions(app, request)(scope, receive, send)
  File "D:\anaconda3\envs\chroma-server\lib\site-packages\starlette\_exception_handler.py", line 53, in wrapped_app
    raise exc
  File "D:\anaconda3\envs\chroma-server\lib\site-packages\starlette\_exception_handler.py", line 42, in wrapped_app
    await app(scope, receive, sender)
  File "D:\anaconda3\envs\chroma-server\lib\site-packages\fastapi\routing.py", line 136, in app
    response = await f(request)
  File "D:\anaconda3\envs\chroma-server\lib\site-packages\fastapi\routing.py", line 690, in app
    raw_response = await run_endpoint_function(
  File "D:\anaconda3\envs\chroma-server\lib\site-packages\fastapi\routing.py", line 346, in run_endpoint_function
    return await run_in_threadpool(dependant.call, **values)
  File "D:\anaconda3\envs\chroma-server\lib\site-packages\starlette\concurrency.py", line 34, in run_in_threadpool
    return await anyio.to_thread.run_sync(func)
  File "D:\anaconda3\envs\chroma-server\lib\site-packages\anyio\to_thread.py", line 63, in run_sync
    return await get_async_backend().run_sync_in_worker_thread(
  File "D:\anaconda3\envs\chroma-server\lib\site-packages\anyio\_backends\_asyncio.py", line 2596, in run_sync_in_worker_thread
    return await future
  File "D:\anaconda3\envs\chroma-server\lib\site-packages\anyio\_backends\_asyncio.py", line 1029, in run
    result = context.run(func, *args)
  File "D:\anaconda3\envs\chroma-server\lib\site-packages\chromadb\telemetry\opentelemetry\__init__.py", line 127, in wrapper
    return f(*args, **kwargs)
  File "D:\anaconda3\envs\chroma-server\lib\site-packages\chromadb\auth\fastapi.py", line 241, in wrapped
    return f(*args, **kwargs)
  File "D:\anaconda3\envs\chroma-server\lib\site-packages\chromadb\server\fastapi\__init__.py", line 440, in get_collection
    return self._api.get_collection(
  File "D:\anaconda3\envs\chroma-server\lib\site-packages\chromadb\telemetry\opentelemetry\__init__.py", line 127, in wrapper
    return f(*args, **kwargs)
  File "D:\anaconda3\envs\chroma-server\lib\site-packages\chromadb\api\segment.py", line 261, in get_collection
    raise ValueError(f"Collection {name} does not exist.")
ValueError: Collection rag_collection does not exist.
[32mINFO[0m:     [02-07-2026 19:15:11] 127.0.0.1:57851 - "GET /api/v1/collections/rag_collection HTTP/1.1" 500
[31mERROR[0m:    [02-07-2026 19:15:12] Failed to send telemetry event ClientCreateCollectionEvent: capture() takes 1 positional argument but 3 were given
[32mINFO[0m:     [02-07-2026 19:15:12] 127.0.0.1:57851 - "POST /api/v1/collections HTTP/1.1" 200
[36mDEBUG[0m:    [02-07-2026 19:15:25] Starting component PersistentLocalHnswSegment
[31mERROR[0m:    [02-07-2026 19:15:25] Failed to send telemetry event CollectionQueryEvent: capture() takes 1 positional argument but 3 were given
[32mINFO[0m:     [02-07-2026 19:15:25] 127.0.0.1:57851 - "POST /api/v1/collections/04b9833e-32a9-4ce2-877d-ac206ff5d36f/query HTTP/1.1" 200
[32mINFO[0m:     [02-07-2026 19:15:25] 127.0.0.1:57851 - "POST /api/v1/collections/04b9833e-32a9-4ce2-877d-ac206ff5d36f/query HTTP/1.1" 200
[32mINFO[0m:     [02-07-2026 19:15:25] 127.0.0.1:57851 - "POST /api/v1/collections/04b9833e-32a9-4ce2-877d-ac206ff5d36f/query HTTP/1.1" 200
[32mINFO[0m:     [02-07-2026 19:15:27] 127.0.0.1:57851 - "POST /api/v1/collections/04b9833e-32a9-4ce2-877d-ac206ff5d36f/query HTTP/1.1" 200
[32mINFO[0m:     [02-07-2026 19:15:27] 127.0.0.1:57851 - "POST /api/v1/collections/04b9833e-32a9-4ce2-877d-ac206ff5d36f/query HTTP/1.1" 200
[32mINFO[0m:     [02-07-2026 19:15:27] 127.0.0.1:57851 - "POST /api/v1/collections/04b9833e-32a9-4ce2-877d-ac206ff5d36f/query HTTP/1.1" 200
[32mINFO[0m:     [02-07-2026 19:16:24] 127.0.0.1:57947 - "POST /api/v1/collections/04b9833e-32a9-4ce2-877d-ac206ff5d36f/query HTTP/1.1" 200
[32mINFO[0m:     [02-07-2026 19:16:33] 127.0.0.1:57947 - "POST /api/v1/collections/04b9833e-32a9-4ce2-877d-ac206ff5d36f/query HTTP/1.1" 200
[32mINFO[0m:     [02-07-2026 19:16:47] 127.0.0.1:57947 - "POST /api/v1/collections/04b9833e-32a9-4ce2-877d-ac206ff5d36f/query HTTP/1.1" 200
[32mINFO[0m:     [02-07-2026 19:16:48] 127.0.0.1:57947 - "POST /api/v1/collections/04b9833e-32a9-4ce2-877d-ac206ff5d36f/query HTTP/1.1" 200
[32mINFO[0m:     [02-07-2026 19:16:48] 127.0.0.1:57947 - "POST /api/v1/collections/04b9833e-32a9-4ce2-877d-ac206ff5d36f/query HTTP/1.1" 200
[31mERROR[0m:    [02-07-2026 19:16:56] Failed to send telemetry event CollectionAddEvent: capture() takes 1 positional argument but 3 were given
[32mINFO[0m:     [02-07-2026 19:16:56] 127.0.0.1:57947 - "POST /api/v1/collections/04b9833e-32a9-4ce2-877d-ac206ff5d36f/add HTTP/1.1" 201
[33mWARNING[0m:  [02-07-2026 19:16:56] Number of requested results 500 is greater than number of elements in index 3, updating n_results = 3
[32mINFO[0m:     [02-07-2026 19:16:56] 127.0.0.1:57947 - "POST /api/v1/collections/04b9833e-32a9-4ce2-877d-ac206ff5d36f/query HTTP/1.1" 200
[33mWARNING[0m:  [02-07-2026 19:17:01] Number of requested results 500 is greater than number of elements in index 3, updating n_results = 3
[32mINFO[0m:     [02-07-2026 19:17:01] 127.0.0.1:57947 - "POST /api/v1/collections/04b9833e-32a9-4ce2-877d-ac206ff5d36f/query HTTP/1.1" 200
[32mINFO[0m:     [02-07-2026 19:18:45] 127.0.0.1:58066 - "POST /api/v1/collections/04b9833e-32a9-4ce2-877d-ac206ff5d36f/add HTTP/1.1" 201
[33mWARNING[0m:  [02-07-2026 19:18:45] Number of requested results 500 is greater than number of elements in index 423, updating n_results = 423
[32mINFO[0m:     [02-07-2026 19:18:47] 127.0.0.1:58066 - "POST /api/v1/collections/04b9833e-32a9-4ce2-877d-ac206ff5d36f/query HTTP/1.1" 200
[33mWARNING[0m:  [02-07-2026 19:18:48] Number of requested results 500 is greater than number of elements in index 423, updating n_results = 423
[32mINFO[0m:     [02-07-2026 19:18:48] 127.0.0.1:58066 - "POST /api/v1/collections/04b9833e-32a9-4ce2-877d-ac206ff5d36f/query HTTP/1.1" 200
[32mINFO[0m:     [02-07-2026 19:21:05] 127.0.0.1:58165 - "POST /api/v1/collections/04b9833e-32a9-4ce2-877d-ac206ff5d36f/add HTTP/1.1" 201
[32mINFO[0m:     [02-07-2026 19:21:08] 127.0.0.1:58165 - "POST /api/v1/collections/04b9833e-32a9-4ce2-877d-ac206ff5d36f/query HTTP/1.1" 200
[32mINFO[0m:     [02-07-2026 19:21:12] 127.0.0.1:58165 - "POST /api/v1/collections/04b9833e-32a9-4ce2-877d-ac206ff5d36f/query HTTP/1.1" 200
[32mINFO[0m:     [02-07-2026 19:21:13] 127.0.0.1:58165 - "POST /api/v1/collections/04b9833e-32a9-4ce2-877d-ac206ff5d36f/query HTTP/1.1" 200
[32mINFO[0m:     [02-07-2026 19:22:51] 127.0.0.1:58233 - "POST /api/v1/collections/04b9833e-32a9-4ce2-877d-ac206ff5d36f/query HTTP/1.1" 200
[32mINFO[0m:     [02-07-2026 19:22:54] 127.0.0.1:58233 - "POST /api/v1/collections/04b9833e-32a9-4ce2-877d-ac206ff5d36f/query HTTP/1.1" 200
[32mINFO[0m:     [02-07-2026 19:22:55] 127.0.0.1:58233 - "POST /api/v1/collections/04b9833e-32a9-4ce2-877d-ac206ff5d36f/query HTTP/1.1" 200
[32mINFO[0m:     [02-07-2026 19:23:02] 127.0.0.1:58233 - "POST /api/v1/collections/04b9833e-32a9-4ce2-877d-ac206ff5d36f/add HTTP/1.1" 201
[32mINFO[0m:     [02-07-2026 19:23:04] 127.0.0.1:58233 - "POST /api/v1/collections/04b9833e-32a9-4ce2-877d-ac206ff5d36f/query HTTP/1.1" 200
[32mINFO[0m:     [02-07-2026 19:23:08] 127.0.0.1:58233 - "POST /api/v1/collections/04b9833e-32a9-4ce2-877d-ac206ff5d36f/query HTTP/1.1" 200
[32mINFO[0m:     [02-07-2026 19:23:10] 127.0.0.1:58233 - "POST /api/v1/collections/04b9833e-32a9-4ce2-877d-ac206ff5d36f/query HTTP/1.1" 200
[32mINFO[0m:     [02-07-2026 19:23:11] 127.0.0.1:58233 - "POST /api/v1/collections/04b9833e-32a9-4ce2-877d-ac206ff5d36f/query HTTP/1.1" 200
[32mINFO[0m:     [02-07-2026 19:23:18] 127.0.0.1:58233 - "POST /api/v1/collections/04b9833e-32a9-4ce2-877d-ac206ff5d36f/query HTTP/1.1" 200
[32mINFO[0m:     [02-07-2026 19:23:21] 127.0.0.1:58233 - "POST /api/v1/collections/04b9833e-32a9-4ce2-877d-ac206ff5d36f/query HTTP/1.1" 200
[32mINFO[0m:     [02-07-2026 19:23:23] 127.0.0.1:58233 - "POST /api/v1/collections/04b9833e-32a9-4ce2-877d-ac206ff5d36f/query HTTP/1.1" 200
[32mINFO[0m:     [02-07-2026 19:23:24] 127.0.0.1:58233 - "POST /api/v1/collections/04b9833e-32a9-4ce2-877d-ac206ff5d36f/query HTTP/1.1" 200
[32mINFO[0m:     [02-07-2026 19:23:36] 127.0.0.1:58233 - "POST /api/v1/collections/04b9833e-32a9-4ce2-877d-ac206ff5d36f/query HTTP/1.1" 200
[36mDEBUG[0m:    [02-07-2026 19:24:05] Starting component PersistentLocalHnswSegment
[31mERROR[0m:    [02-07-2026 19:24:05] Failed to send telemetry event CollectionQueryEvent: capture() takes 1 positional argument but 3 were given
[32mINFO[0m:     [02-07-2026 19:24:05] 127.0.0.1:58295 - "POST /api/v1/collections/c6809c5b-82f5-4a05-95ac-8022135f998f/query HTTP/1.1" 200
[33mWARNING[0m:  [02-07-2026 19:24:08] Delete of nonexisting embedding ID: 2654efd9a957459cadc218c9235c4060
[31mERROR[0m:    [02-07-2026 19:24:08] Failed to send telemetry event CollectionDeleteEvent: capture() takes 1 positional argument but 3 were given
[32mINFO[0m:     [02-07-2026 19:24:08] 127.0.0.1:58295 - "POST /api/v1/collections/c6809c5b-82f5-4a05-95ac-8022135f998f/delete HTTP/1.1" 200
[31mERROR[0m:    [02-07-2026 19:24:24] Failed to send telemetry event CollectionAddEvent: capture() takes 1 positional argument but 3 were given
[32mINFO[0m:     [02-07-2026 19:24:24] 127.0.0.1:58295 - "POST /api/v1/collections/c6809c5b-82f5-4a05-95ac-8022135f998f/add HTTP/1.1" 201
[32mINFO[0m:     [02-07-2026 19:24:40] 127.0.0.1:58341 - "POST /api/v1/collections/04b9833e-32a9-4ce2-877d-ac206ff5d36f/query HTTP/1.1" 200
[32mINFO[0m:     [02-07-2026 19:24:44] 127.0.0.1:58341 - "POST /api/v1/collections/04b9833e-32a9-4ce2-877d-ac206ff5d36f/query HTTP/1.1" 200
[32mINFO[0m:     [02-07-2026 19:24:46] 127.0.0.1:58341 - "POST /api/v1/collections/04b9833e-32a9-4ce2-877d-ac206ff5d36f/query HTTP/1.1" 200
[32mINFO[0m:     [02-07-2026 19:24:47] 127.0.0.1:58341 - "POST /api/v1/collections/04b9833e-32a9-4ce2-877d-ac206ff5d36f/query HTTP/1.1" 200
[32mINFO[0m:     [02-07-2026 19:24:56] 127.0.0.1:58341 - "POST /api/v1/collections/04b9833e-32a9-4ce2-877d-ac206ff5d36f/query HTTP/1.1" 200
[32mINFO[0m:     [02-07-2026 19:25:01] 127.0.0.1:58341 - "POST /api/v1/collections/04b9833e-32a9-4ce2-877d-ac206ff5d36f/query HTTP/1.1" 200
[32mINFO[0m:     [02-07-2026 19:25:16] 127.0.0.1:58341 - "POST /api/v1/collections/04b9833e-32a9-4ce2-877d-ac206ff5d36f/query HTTP/1.1" 200
[33mWARNING[0m:  [02-07-2026 19:25:16] Delete of nonexisting embedding ID: e10627a3eac14e7e45f1ccf3c1c613d5_2
[33mWARNING[0m:  [02-07-2026 19:25:16] Delete of nonexisting embedding ID: e10627a3eac14e7e45f1ccf3c1c613d5_2
[31mERROR[0m:    [02-07-2026 19:25:16] Failed to send telemetry event CollectionDeleteEvent: capture() takes 1 positional argument but 3 were given
[32mINFO[0m:     [02-07-2026 19:25:16] 127.0.0.1:58341 - "POST /api/v1/collections/04b9833e-32a9-4ce2-877d-ac206ff5d36f/delete HTTP/1.1" 200
[33mWARNING[0m:  [02-07-2026 19:25:16] Delete of nonexisting embedding ID: e10627a3eac14e7e45f1ccf3c1c613d5_0
[33mWARNING[0m:  [02-07-2026 19:25:16] Delete of nonexisting embedding ID: e10627a3eac14e7e45f1ccf3c1c613d5_0
[31mERROR[0m:    [02-07-2026 19:25:16] Failed to send telemetry event CollectionDeleteEvent: capture() takes 1 positional argument but 3 were given
[32mINFO[0m:     [02-07-2026 19:25:16] 127.0.0.1:58341 - "POST /api/v1/collections/04b9833e-32a9-4ce2-877d-ac206ff5d36f/delete HTTP/1.1" 200
[33mWARNING[0m:  [02-07-2026 19:25:16] Delete of nonexisting embedding ID: e10627a3eac14e7e45f1ccf3c1c613d5_1
[33mWARNING[0m:  [02-07-2026 19:25:16] Delete of nonexisting embedding ID: e10627a3eac14e7e45f1ccf3c1c613d5_1
[31mERROR[0m:    [02-07-2026 19:25:17] Failed to send telemetry event CollectionDeleteEvent: capture() takes 1 positional argument but 3 were given
[32mINFO[0m:     [02-07-2026 19:25:17] 127.0.0.1:58341 - "POST /api/v1/collections/04b9833e-32a9-4ce2-877d-ac206ff5d36f/delete HTTP/1.1" 200
[32mINFO[0m:     [02-07-2026 19:25:20] 127.0.0.1:58341 - "POST /api/v1/collections/04b9833e-32a9-4ce2-877d-ac206ff5d36f/query HTTP/1.1" 200
[32mINFO[0m:     [02-07-2026 19:25:24] 127.0.0.1:58341 - "POST /api/v1/collections/04b9833e-32a9-4ce2-877d-ac206ff5d36f/query HTTP/1.1" 200
[32mINFO[0m:     [02-07-2026 19:25:26] 127.0.0.1:58341 - "POST /api/v1/collections/04b9833e-32a9-4ce2-877d-ac206ff5d36f/query HTTP/1.1" 200
[32mINFO[0m:     [02-07-2026 19:25:37] 127.0.0.1:58341 - "POST /api/v1/collections/04b9833e-32a9-4ce2-877d-ac206ff5d36f/add HTTP/1.1" 201
[32mINFO[0m:     [02-07-2026 19:25:40] 127.0.0.1:58341 - "POST /api/v1/collections/04b9833e-32a9-4ce2-877d-ac206ff5d36f/query HTTP/1.1" 200
[32mINFO[0m:     [02-07-2026 19:25:43] 127.0.0.1:58341 - "POST /api/v1/collections/04b9833e-32a9-4ce2-877d-ac206ff5d36f/query HTTP/1.1" 200
[32mINFO[0m:     [02-07-2026 19:25:46] 127.0.0.1:58341 - "POST /api/v1/collections/04b9833e-32a9-4ce2-877d-ac206ff5d36f/query HTTP/1.1" 200
[32mINFO[0m:     [02-07-2026 19:25:46] 127.0.0.1:58341 - "POST /api/v1/collections/04b9833e-32a9-4ce2-877d-ac206ff5d36f/query HTTP/1.1" 200
[33mWARNING[0m:  [02-07-2026 19:28:22] Number of requested results 10 is greater than number of elements in index 1, updating n_results = 1
[32mINFO[0m:     [02-07-2026 19:28:22] 127.0.0.1:58503 - "POST /api/v1/collections/c6809c5b-82f5-4a05-95ac-8022135f998f/query HTTP/1.1" 200
[32mINFO[0m:     [02-07-2026 19:30:16] 127.0.0.1:58567 - "POST /api/v1/collections/04b9833e-32a9-4ce2-877d-ac206ff5d36f/query HTTP/1.1" 200
[32mINFO[0m:     [02-07-2026 19:30:20] 127.0.0.1:58567 - "POST /api/v1/collections/04b9833e-32a9-4ce2-877d-ac206ff5d36f/query HTTP/1.1" 200
[32mINFO[0m:     [02-07-2026 19:30:22] 127.0.0.1:58567 - "POST /api/v1/collections/04b9833e-32a9-4ce2-877d-ac206ff5d36f/query HTTP/1.1" 200
[32mINFO[0m:     [02-07-2026 19:30:22] 127.0.0.1:58567 - "POST /api/v1/collections/04b9833e-32a9-4ce2-877d-ac206ff5d36f/query HTTP/1.1" 200
[32mINFO[0m:     [02-07-2026 19:30:26] 127.0.0.1:58567 - "POST /api/v1/collections/04b9833e-32a9-4ce2-877d-ac206ff5d36f/query HTTP/1.1" 200
[33mWARNING[0m:  [02-07-2026 19:30:27] Delete of nonexisting embedding ID: 3459dcc71b884876c8aa707e725b50b5_344
[33mWARNING[0m:  [02-07-2026 19:30:27] Delete of nonexisting embedding ID: 3459dcc71b884876c8aa707e725b50b5_344
[31mERROR[0m:    [02-07-2026 19:30:27] Failed to send telemetry event CollectionDeleteEvent: capture() takes 1 positional argument but 3 were given
[32mINFO[0m:     [02-07-2026 19:30:27] 127.0.0.1:58567 - "POST /api/v1/collections/04b9833e-32a9-4ce2-877d-ac206ff5d36f/delete HTTP/1.1" 200
[33mWARNING[0m:  [02-07-2026 19:30:27] Delete of nonexisting embedding ID: 3459dcc71b884876c8aa707e725b50b5_299
[33mWARNING[0m:  [02-07-2026 19:30:27] Delete of nonexisting embedding ID: 3459dcc71b884876c8aa707e725b50b5_299
[31mERROR[0m:    [02-07-2026 19:30:27] Failed to send telemetry event CollectionDeleteEvent: capture() takes 1 positional argument but 3 were given
[32mINFO[0m:     [02-07-2026 19:30:27] 127.0.0.1:58567 - "POST /api/v1/collections/04b9833e-32a9-4ce2-877d-ac206ff5d36f/delete HTTP/1.1" 200
[33mWARNING[0m:  [02-07-2026 19:30:27] Delete of nonexisting embedding ID: 3459dcc71b884876c8aa707e725b50b5_345
[33mWARNING[0m:  [02-07-2026 19:30:27] Delete of nonexisting embedding ID: 3459dcc71b884876c8aa707e725b50b5_345
[31mERROR[0m:    [02-07-2026 19:30:28] Failed to send telemetry event CollectionDeleteEvent: capture() takes 1 positional argument but 3 were given
[32mINFO[0m:     [02-07-2026 19:30:28] 127.0.0.1:58567 - "POST /api/v1/collections/04b9833e-32a9-4ce2-877d-ac206ff5d36f/delete HTTP/1.1" 200
[33mWARNING[0m:  [02-07-2026 19:30:28] Delete of nonexisting embedding ID: 3459dcc71b884876c8aa707e725b50b5_384
[33mWARNING[0m:  [02-07-2026 19:30:28] Delete of nonexisting embedding ID: 3459dcc71b884876c8aa707e725b50b5_384
[31mERROR[0m:    [02-07-2026 19:30:28] Failed to send telemetry event CollectionDeleteEvent: capture() takes 1 positional argument but 3 were given
[32mINFO[0m:     [02-07-2026 19:30:28] 127.0.0.1:58567 - "POST /api/v1/collections/04b9833e-32a9-4ce2-877d-ac206ff5d36f/delete HTTP/1.1" 200
[33mWARNING[0m:  [02-07-2026 19:30:28] Delete of nonexisting embedding ID: 3459dcc71b884876c8aa707e725b50b5_298
[33mWARNING[0m:  [02-07-2026 19:30:28] Delete of nonexisting embedding ID: 3459dcc71b884876c8aa707e725b50b5_298
[31mERROR[0m:    [02-07-2026 19:30:28] Failed to send telemetry event CollectionDeleteEvent: capture() takes 1 positional argument but 3 were given
[32mINFO[0m:     [02-07-2026 19:30:28] 127.0.0.1:58567 - "POST /api/v1/collections/04b9833e-32a9-4ce2-877d-ac206ff5d36f/delete HTTP/1.1" 200
[33mWARNING[0m:  [02-07-2026 19:30:28] Delete of nonexisting embedding ID: 3459dcc71b884876c8aa707e725b50b5_38
[33mWARNING[0m:  [02-07-2026 19:30:28] Delete of nonexisting embedding ID: 3459dcc71b884876c8aa707e725b50b5_38
[31mERROR[0m:    [02-07-2026 19:30:28] Failed to send telemetry event CollectionDeleteEvent: capture() takes 1 positional argument but 3 were given
[32mINFO[0m:     [02-07-2026 19:30:28] 127.0.0.1:58567 - "POST /api/v1/collections/04b9833e-32a9-4ce2-877d-ac206ff5d36f/delete HTTP/1.1" 200
[33mWARNING[0m:  [02-07-2026 19:30:28] Delete of nonexisting embedding ID: 3459dcc71b884876c8aa707e725b50b5_314
[33mWARNING[0m:  [02-07-2026 19:30:28] Delete of nonexisting embedding ID: 3459dcc71b884876c8aa707e725b50b5_314
[31mERROR[0m:    [02-07-2026 19:30:28] Failed to send telemetry event CollectionDeleteEvent: capture() takes 1 positional argument but 3 were given
[32mINFO[0m:     [02-07-2026 19:30:28] 127.0.0.1:58567 - "POST /api/v1/collections/04b9833e-32a9-4ce2-877d-ac206ff5d36f/delete HTTP/1.1" 200
[33mWARNING[0m:  [02-07-2026 19:30:28] Delete of nonexisting embedding ID: 3459dcc71b884876c8aa707e725b50b5_340
[33mWARNING[0m:  [02-07-2026 19:30:28] Delete of nonexisting embedding ID: 3459dcc71b884876c8aa707e725b50b5_340
[31mERROR[0m:    [02-07-2026 19:30:28] Failed to send telemetry event CollectionDeleteEvent: capture() takes 1 positional argument but 3 were given
[32mINFO[0m:     [02-07-2026 19:30:28] 127.0.0.1:58567 - "POST /api/v1/collections/04b9833e-32a9-4ce2-877d-ac206ff5d36f/delete HTTP/1.1" 200
[33mWARNING[0m:  [02-07-2026 19:30:28] Delete of nonexisting embedding ID: 3459dcc71b884876c8aa707e725b50b5_256
[33mWARNING[0m:  [02-07-2026 19:30:28] Delete of nonexisting embedding ID: 3459dcc71b884876c8aa707e725b50b5_256
[31mERROR[0m:    [02-07-2026 19:30:28] Failed to send telemetry event CollectionDeleteEvent: capture() takes 1 positional argument but 3 were given
[32mINFO[0m:     [02-07-2026 19:30:28] 127.0.0.1:58567 - "POST /api/v1/collections/04b9833e-32a9-4ce2-877d-ac206ff5d36f/delete HTTP/1.1" 200
[33mWARNING[0m:  [02-07-2026 19:30:28] Delete of nonexisting embedding ID: 3459dcc71b884876c8aa707e725b50b5_331
[33mWARNING[0m:  [02-07-2026 19:30:28] Delete of nonexisting embedding ID: 3459dcc71b884876c8aa707e725b50b5_331
[31mERROR[0m:    [02-07-2026 19:30:29] Failed to send telemetry event CollectionDeleteEvent: capture() takes 1 positional argument but 3 were given
[32mINFO[0m:     [02-07-2026 19:30:29] 127.0.0.1:58567 - "POST /api/v1/collections/04b9833e-32a9-4ce2-877d-ac206ff5d36f/delete HTTP/1.1" 200
[33mWARNING[0m:  [02-07-2026 19:30:29] Delete of nonexisting embedding ID: 3459dcc71b884876c8aa707e725b50b5_417
[33mWARNING[0m:  [02-07-2026 19:30:29] Delete of nonexisting embedding ID: 3459dcc71b884876c8aa707e725b50b5_417
[31mERROR[0m:    [02-07-2026 19:30:29] Failed to send telemetry event CollectionDeleteEvent: capture() takes 1 positional argument but 3 were given
[32mINFO[0m:     [02-07-2026 19:30:29] 127.0.0.1:58567 - "POST /api/v1/collections/04b9833e-32a9-4ce2-877d-ac206ff5d36f/delete HTTP/1.1" 200
[33mWARNING[0m:  [02-07-2026 19:30:29] Delete of nonexisting embedding ID: 3459dcc71b884876c8aa707e725b50b5_326
[33mWARNING[0m:  [02-07-2026 19:30:29] Delete of nonexisting embedding ID: 3459dcc71b884876c8aa707e725b50b5_326
[31mERROR[0m:    [02-07-2026 19:30:29] Failed to send telemetry event CollectionDeleteEvent: capture() takes 1 positional argument but 3 were given
[32mINFO[0m:     [02-07-2026 19:30:29] 127.0.0.1:58567 - "POST /api/v1/collections/04b9833e-32a9-4ce2-877d-ac206ff5d36f/delete HTTP/1.1" 200
[33mWARNING[0m:  [02-07-2026 19:30:29] Delete of nonexisting embedding ID: 3459dcc71b884876c8aa707e725b50b5_323
[33mWARNING[0m:  [02-07-2026 19:30:29] Delete of nonexisting embedding ID: 3459dcc71b884876c8aa707e725b50b5_323
[31mERROR[0m:    [02-07-2026 19:30:29] Failed to send telemetry event CollectionDeleteEvent: capture() takes 1 positional argument but 3 were given
[32mINFO[0m:     [02-07-2026 19:30:29] 127.0.0.1:58567 - "POST /api/v1/collections/04b9833e-32a9-4ce2-877d-ac206ff5d36f/delete HTTP/1.1" 200
[33mWARNING[0m:  [02-07-2026 19:30:29] Delete of nonexisting embedding ID: 3459dcc71b884876c8aa707e725b50b5_289
[33mWARNING[0m:  [02-07-2026 19:30:29] Delete of nonexisting embedding ID: 3459dcc71b884876c8aa707e725b50b5_289
[31mERROR[0m:    [02-07-2026 19:30:29] Failed to send telemetry event CollectionDeleteEvent: capture() takes 1 positional argument but 3 were given
[32mINFO[0m:     [02-07-2026 19:30:29] 127.0.0.1:58567 - "POST /api/v1/collections/04b9833e-32a9-4ce2-877d-ac206ff5d36f/delete HTTP/1.1" 200
[33mWARNING[0m:  [02-07-2026 19:30:29] Delete of nonexisting embedding ID: 3459dcc71b884876c8aa707e725b50b5_300
[33mWARNING[0m:  [02-07-2026 19:30:29] Delete of nonexisting embedding ID: 3459dcc71b884876c8aa707e725b50b5_300
[31mERROR[0m:    [02-07-2026 19:30:30] Failed to send telemetry event CollectionDeleteEvent: capture() takes 1 positional argument but 3 were given
[32mINFO[0m:     [02-07-2026 19:30:30] 127.0.0.1:58567 - "POST /api/v1/collections/04b9833e-32a9-4ce2-877d-ac206ff5d36f/delete HTTP/1.1" 200
[33mWARNING[0m:  [02-07-2026 19:30:30] Delete of nonexisting embedding ID: 3459dcc71b884876c8aa707e725b50b5_324
[33mWARNING[0m:  [02-07-2026 19:30:30] Delete of nonexisting embedding ID: 3459dcc71b884876c8aa707e725b50b5_324
[31mERROR[0m:    [02-07-2026 19:30:30] Failed to send telemetry event CollectionDeleteEvent: capture() takes 1 positional argument but 3 were given
[32mINFO[0m:     [02-07-2026 19:30:30] 127.0.0.1:58567 - "POST /api/v1/collections/04b9833e-32a9-4ce2-877d-ac206ff5d36f/delete HTTP/1.1" 200
[33mWARNING[0m:  [02-07-2026 19:30:30] Delete of nonexisting embedding ID: 3459dcc71b884876c8aa707e725b50b5_330
[33mWARNING[0m:  [02-07-2026 19:30:30] Delete of nonexisting embedding ID: 3459dcc71b884876c8aa707e725b50b5_330
[31mERROR[0m:    [02-07-2026 19:30:31] Failed to send telemetry event CollectionDeleteEvent: capture() takes 1 positional argument but 3 were given
[32mINFO[0m:     [02-07-2026 19:30:31] 127.0.0.1:58567 - "POST /api/v1/collections/04b9833e-32a9-4ce2-877d-ac206ff5d36f/delete HTTP/1.1" 200
[33mWARNING[0m:  [02-07-2026 19:30:31] Delete of nonexisting embedding ID: 3459dcc71b884876c8aa707e725b50b5_412
[33mWARNING[0m:  [02-07-2026 19:30:31] Delete of nonexisting embedding ID: 3459dcc71b884876c8aa707e725b50b5_412
[31mERROR[0m:    [02-07-2026 19:30:31] Failed to send telemetry event CollectionDeleteEvent: capture() takes 1 positional argument but 3 were given
[32mINFO[0m:     [02-07-2026 19:30:31] 127.0.0.1:58567 - "POST /api/v1/collections/04b9833e-32a9-4ce2-877d-ac206ff5d36f/delete HTTP/1.1" 200
[33mWARNING[0m:  [02-07-2026 19:30:31] Delete of nonexisting embedding ID: 3459dcc71b884876c8aa707e725b50b5_379
[33mWARNING[0m:  [02-07-2026 19:30:31] Delete of nonexisting embedding ID: 3459dcc71b884876c8aa707e725b50b5_379
[31mERROR[0m:    [02-07-2026 19:30:31] Failed to send telemetry event CollectionDeleteEvent: capture() takes 1 positional argument but 3 were given
[32mINFO[0m:     [02-07-2026 19:30:31] 127.0.0.1:58567 - "POST /api/v1/collections/04b9833e-32a9-4ce2-877d-ac206ff5d36f/delete HTTP/1.1" 200
[33mWARNING[0m:  [02-07-2026 19:30:31] Delete of nonexisting embedding ID: 3459dcc71b884876c8aa707e725b50b5_418
[33mWARNING[0m:  [02-07-2026 19:30:31] Delete of nonexisting embedding ID: 3459dcc71b884876c8aa707e725b50b5_418
[31mERROR[0m:    [02-07-2026 19:30:31] Failed to send telemetry event CollectionDeleteEvent: capture() takes 1 positional argument but 3 were given
[32mINFO[0m:     [02-07-2026 19:30:31] 127.0.0.1:58567 - "POST /api/v1/collections/04b9833e-32a9-4ce2-877d-ac206ff5d36f/delete HTTP/1.1" 200
[33mWARNING[0m:  [02-07-2026 19:30:31] Delete of nonexisting embedding ID: 3459dcc71b884876c8aa707e725b50b5_347
[33mWARNING[0m:  [02-07-2026 19:30:31] Delete of nonexisting embedding ID: 3459dcc71b884876c8aa707e725b50b5_347
[31mERROR[0m:    [02-07-2026 19:30:31] Failed to send telemetry event CollectionDeleteEvent: capture() takes 1 positional argument but 3 were given
[32mINFO[0m:     [02-07-2026 19:30:31] 127.0.0.1:58567 - "POST /api/v1/collections/04b9833e-32a9-4ce2-877d-ac206ff5d36f/delete HTTP/1.1" 200
[33mWARNING[0m:  [02-07-2026 19:30:31] Delete of nonexisting embedding ID: 3459dcc71b884876c8aa707e725b50b5_73
[33mWARNING[0m:  [02-07-2026 19:30:31] Delete of nonexisting embedding ID: 3459dcc71b884876c8aa707e725b50b5_73
[31mERROR[0m:    [02-07-2026 19:30:31] Failed to send telemetry event CollectionDeleteEvent: capture() takes 1 positional argument but 3 were given
[32mINFO[0m:     [02-07-2026 19:30:31] 127.0.0.1:58567 - "POST /api/v1/collections/04b9833e-32a9-4ce2-877d-ac206ff5d36f/delete HTTP/1.1" 200
[33mWARNING[0m:  [02-07-2026 19:30:31] Delete of nonexisting embedding ID: 3459dcc71b884876c8aa707e725b50b5_282
[33mWARNING[0m:  [02-07-2026 19:30:31] Delete of nonexisting embedding ID: 3459dcc71b884876c8aa707e725b50b5_282
[31mERROR[0m:    [02-07-2026 19:30:32] Failed to send telemetry event CollectionDeleteEvent: capture() takes 1 positional argument but 3 were given
[32mINFO[0m:     [02-07-2026 19:30:32] 127.0.0.1:58567 - "POST /api/v1/collections/04b9833e-32a9-4ce2-877d-ac206ff5d36f/delete HTTP/1.1" 200
[33mWARNING[0m:  [02-07-2026 19:30:32] Delete of nonexisting embedding ID: 3459dcc71b884876c8aa707e725b50b5_70
[33mWARNING[0m:  [02-07-2026 19:30:32] Delete of nonexisting embedding ID: 3459dcc71b884876c8aa707e725b50b5_70
[31mERROR[0m:    [02-07-2026 19:30:32] Failed to send telemetry event CollectionDeleteEvent: capture() takes 1 positional argument but 3 were given
[32mINFO[0m:     [02-07-2026 19:30:32] 127.0.0.1:58567 - "POST /api/v1/collections/04b9833e-32a9-4ce2-877d-ac206ff5d36f/delete HTTP/1.1" 200
[33mWARNING[0m:  [02-07-2026 19:30:32] Delete of nonexisting embedding ID: 3459dcc71b884876c8aa707e725b50b5_393
[33mWARNING[0m:  [02-07-2026 19:30:32] Delete of nonexisting embedding ID: 3459dcc71b884876c8aa707e725b50b5_393
[31mERROR[0m:    [02-07-2026 19:30:32] Failed to send telemetry event CollectionDeleteEvent: capture() takes 1 positional argument but 3 were given
[32mINFO[0m:     [02-07-2026 19:30:32] 127.0.0.1:58567 - "POST /api/v1/collections/04b9833e-32a9-4ce2-877d-ac206ff5d36f/delete HTTP/1.1" 200
[33mWARNING[0m:  [02-07-2026 19:30:32] Delete of nonexisting embedding ID: 3459dcc71b884876c8aa707e725b50b5_332
[33mWARNING[0m:  [02-07-2026 19:30:32] Delete of nonexisting embedding ID: 3459dcc71b884876c8aa707e725b50b5_332
[31mERROR[0m:    [02-07-2026 19:30:32] Failed to send telemetry event CollectionDeleteEvent: capture() takes 1 positional argument but 3 were given
[32mINFO[0m:     [02-07-2026 19:30:32] 127.0.0.1:58567 - "POST /api/v1/collections/04b9833e-32a9-4ce2-877d-ac206ff5d36f/delete HTTP/1.1" 200
[33mWARNING[0m:  [02-07-2026 19:30:32] Delete of nonexisting embedding ID: 3459dcc71b884876c8aa707e725b50b5_283
[33mWARNING[0m:  [02-07-2026 19:30:32] Delete of nonexisting embedding ID: 3459dcc71b884876c8aa707e725b50b5_283
[31mERROR[0m:    [02-07-2026 19:30:32] Failed to send telemetry event CollectionDeleteEvent: capture() takes 1 positional argument but 3 were given
[32mINFO[0m:     [02-07-2026 19:30:32] 127.0.0.1:58567 - "POST /api/v1/collections/04b9833e-32a9-4ce2-877d-ac206ff5d36f/delete HTTP/1.1" 200
[33mWARNING[0m:  [02-07-2026 19:30:32] Delete of nonexisting embedding ID: 3459dcc71b884876c8aa707e725b50b5_302
[33mWARNING[0m:  [02-07-2026 19:30:32] Delete of nonexisting embedding ID: 3459dcc71b884876c8aa707e725b50b5_302
[31mERROR[0m:    [02-07-2026 19:30:32] Failed to send telemetry event CollectionDeleteEvent: capture() takes 1 positional argument but 3 were given
[32mINFO[0m:     [02-07-2026 19:30:32] 127.0.0.1:58567 - "POST /api/v1/collections/04b9833e-32a9-4ce2-877d-ac206ff5d36f/delete HTTP/1.1" 200
[33mWARNING[0m:  [02-07-2026 19:30:32] Delete of nonexisting embedding ID: 3459dcc71b884876c8aa707e725b50b5_386
[33mWARNING[0m:  [02-07-2026 19:30:32] Delete of nonexisting embedding ID: 3459dcc71b884876c8aa707e725b50b5_386
[31mERROR[0m:    [02-07-2026 19:30:32] Failed to send telemetry event CollectionDeleteEvent: capture() takes 1 positional argument but 3 were given
[32mINFO[0m:     [02-07-2026 19:30:32] 127.0.0.1:58567 - "POST /api/v1/collections/04b9833e-32a9-4ce2-877d-ac206ff5d36f/delete HTTP/1.1" 200
[33mWARNING[0m:  [02-07-2026 19:30:32] Delete of nonexisting embedding ID: 3459dcc71b884876c8aa707e725b50b5_285
[33mWARNING[0m:  [02-07-2026 19:30:32] Delete of nonexisting embedding ID: 3459dcc71b884876c8aa707e725b50b5_285
[31mERROR[0m:    [02-07-2026 19:30:32] Failed to send telemetry event CollectionDeleteEvent: capture() takes 1 positional argument but 3 were given
[32mINFO[0m:     [02-07-2026 19:30:32] 127.0.0.1:58567 - "POST /api/v1/collections/04b9833e-32a9-4ce2-877d-ac206ff5d36f/delete HTTP/1.1" 200
[33mWARNING[0m:  [02-07-2026 19:30:32] Delete of nonexisting embedding ID: 3459dcc71b884876c8aa707e725b50b5_192
[33mWARNING[0m:  [02-07-2026 19:30:32] Delete of nonexisting embedding ID: 3459dcc71b884876c8aa707e725b50b5_192
[31mERROR[0m:    [02-07-2026 19:30:33] Failed to send telemetry event CollectionDeleteEvent: capture() takes 1 positional argument but 3 were given
[32mINFO[0m:     [02-07-2026 19:30:33] 127.0.0.1:58567 - "POST /api/v1/collections/04b9833e-32a9-4ce2-877d-ac206ff5d36f/delete HTTP/1.1" 200
[33mWARNING[0m:  [02-07-2026 19:30:33] Delete of nonexisting embedding ID: 3459dcc71b884876c8aa707e725b50b5_352
[33mWARNING[0m:  [02-07-2026 19:30:33] Delete of nonexisting embedding ID: 3459dcc71b884876c8aa707e725b50b5_352
[31mERROR[0m:    [02-07-2026 19:30:33] Failed to send telemetry event CollectionDeleteEvent: capture() takes 1 positional argument but 3 were given
[32mINFO[0m:     [02-07-2026 19:30:33] 127.0.0.1:58567 - "POST /api/v1/collections/04b9833e-32a9-4ce2-877d-ac206ff5d36f/delete HTTP/1.1" 200
[33mWARNING[0m:  [02-07-2026 19:30:33] Delete of nonexisting embedding ID: 3459dcc71b884876c8aa707e725b50b5_290
[33mWARNING[0m:  [02-07-2026 19:30:33] Delete of nonexisting embedding ID: 3459dcc71b884876c8aa707e725b50b5_290
[31mERROR[0m:    [02-07-2026 19:30:33] Failed to send telemetry event CollectionDeleteEvent: capture() takes 1 positional argument but 3 were given
[32mINFO[0m:     [02-07-2026 19:30:33] 127.0.0.1:58567 - "POST /api/v1/collections/04b9833e-32a9-4ce2-877d-ac206ff5d36f/delete HTTP/1.1" 200
[33mWARNING[0m:  [02-07-2026 19:30:33] Delete of nonexisting embedding ID: 3459dcc71b884876c8aa707e725b50b5_325
[33mWARNING[0m:  [02-07-2026 19:30:33] Delete of nonexisting embedding ID: 3459dcc71b884876c8aa707e725b50b5_325
[31mERROR[0m:    [02-07-2026 19:30:33] Failed to send telemetry event CollectionDeleteEvent: capture() takes 1 positional argument but 3 were given
[32mINFO[0m:     [02-07-2026 19:30:33] 127.0.0.1:58567 - "POST /api/v1/collections/04b9833e-32a9-4ce2-877d-ac206ff5d36f/delete HTTP/1.1" 200
[33mWARNING[0m:  [02-07-2026 19:30:33] Delete of nonexisting embedding ID: 3459dcc71b884876c8aa707e725b50b5_276
[33mWARNING[0m:  [02-07-2026 19:30:33] Delete of nonexisting embedding ID: 3459dcc71b884876c8aa707e725b50b5_276
[31mERROR[0m:    [02-07-2026 19:30:33] Failed to send telemetry event CollectionDeleteEvent: capture() takes 1 positional argument but 3 were given
[32mINFO[0m:     [02-07-2026 19:30:33] 127.0.0.1:58567 - "POST /api/v1/collections/04b9833e-32a9-4ce2-877d-ac206ff5d36f/delete HTTP/1.1" 200
[33mWARNING[0m:  [02-07-2026 19:30:33] Delete of nonexisting embedding ID: 3459dcc71b884876c8aa707e725b50b5_294
[33mWARNING[0m:  [02-07-2026 19:30:33] Delete of nonexisting embedding ID: 3459dcc71b884876c8aa707e725b50b5_294
[31mERROR[0m:    [02-07-2026 19:30:33] Failed to send telemetry event CollectionDeleteEvent: capture() takes 1 positional argument but 3 were given
[32mINFO[0m:     [02-07-2026 19:30:33] 127.0.0.1:58567 - "POST /api/v1/collections/04b9833e-32a9-4ce2-877d-ac206ff5d36f/delete HTTP/1.1" 200
[33mWARNING[0m:  [02-07-2026 19:30:33] Delete of nonexisting embedding ID: 3459dcc71b884876c8aa707e725b50b5_413
[33mWARNING[0m:  [02-07-2026 19:30:33] Delete of nonexisting embedding ID: 3459dcc71b884876c8aa707e725b50b5_413
[31mERROR[0m:    [02-07-2026 19:30:33] Failed to send telemetry event CollectionDeleteEvent: capture() takes 1 positional argument but 3 were given
[32mINFO[0m:     [02-07-2026 19:30:33] 127.0.0.1:58567 - "POST /api/v1/collections/04b9833e-32a9-4ce2-877d-ac206ff5d36f/delete HTTP/1.1" 200
[33mWARNING[0m:  [02-07-2026 19:30:33] Delete of nonexisting embedding ID: 3459dcc71b884876c8aa707e725b50b5_257
[33mWARNING[0m:  [02-07-2026 19:30:33] Delete of nonexisting embedding ID: 3459dcc71b884876c8aa707e725b50b5_257
[31mERROR[0m:    [02-07-2026 19:30:34] Failed to send telemetry event CollectionDeleteEvent: capture() takes 1 positional argument but 3 were given
[32mINFO[0m:     [02-07-2026 19:30:34] 127.0.0.1:58567 - "POST /api/v1/collections/04b9833e-32a9-4ce2-877d-ac206ff5d36f/delete HTTP/1.1" 200
[33mWARNING[0m:  [02-07-2026 19:30:34] Delete of nonexisting embedding ID: 3459dcc71b884876c8aa707e725b50b5_297
[33mWARNING[0m:  [02-07-2026 19:30:34] Delete of nonexisting embedding ID: 3459dcc71b884876c8aa707e725b50b5_297
[31mERROR[0m:    [02-07-2026 19:30:34] Failed to send telemetry event CollectionDeleteEvent: capture() takes 1 positional argument but 3 were given
[32mINFO[0m:     [02-07-2026 19:30:34] 127.0.0.1:58567 - "POST /api/v1/collections/04b9833e-32a9-4ce2-877d-ac206ff5d36f/delete HTTP/1.1" 200
[33mWARNING[0m:  [02-07-2026 19:30:34] Delete of nonexisting embedding ID: 3459dcc71b884876c8aa707e725b50b5_39
[33mWARNING[0m:  [02-07-2026 19:30:34] Delete of nonexisting embedding ID: 3459dcc71b884876c8aa707e725b50b5_39
[31mERROR[0m:    [02-07-2026 19:30:34] Failed to send telemetry event CollectionDeleteEvent: capture() takes 1 positional argument but 3 were given
[32mINFO[0m:     [02-07-2026 19:30:34] 127.0.0.1:58567 - "POST /api/v1/collections/04b9833e-32a9-4ce2-877d-ac206ff5d36f/delete HTTP/1.1" 200
[33mWARNING[0m:  [02-07-2026 19:30:34] Delete of nonexisting embedding ID: 3459dcc71b884876c8aa707e725b50b5_388
[33mWARNING[0m:  [02-07-2026 19:30:34] Delete of nonexisting embedding ID: 3459dcc71b884876c8aa707e725b50b5_388
[31mERROR[0m:    [02-07-2026 19:30:34] Failed to send telemetry event CollectionDeleteEvent: capture() takes 1 positional argument but 3 were given
[32mINFO[0m:     [02-07-2026 19:30:34] 127.0.0.1:58567 - "POST /api/v1/collections/04b9833e-32a9-4ce2-877d-ac206ff5d36f/delete HTTP/1.1" 200
[33mWARNING[0m:  [02-07-2026 19:30:34] Delete of nonexisting embedding ID: 3459dcc71b884876c8aa707e725b50b5_44
[33mWARNING[0m:  [02-07-2026 19:30:34] Delete of nonexisting embedding ID: 3459dcc71b884876c8aa707e725b50b5_44
[31mERROR[0m:    [02-07-2026 19:30:34] Failed to send telemetry event CollectionDeleteEvent: capture() takes 1 positional argument but 3 were given
[32mINFO[0m:     [02-07-2026 19:30:34] 127.0.0.1:58567 - "POST /api/v1/collections/04b9833e-32a9-4ce2-877d-ac206ff5d36f/delete HTTP/1.1" 200
[33mWARNING[0m:  [02-07-2026 19:30:34] Delete of nonexisting embedding ID: 3459dcc71b884876c8aa707e725b50b5_156
[33mWARNING[0m:  [02-07-2026 19:30:34] Delete of nonexisting embedding ID: 3459dcc71b884876c8aa707e725b50b5_156
[31mERROR[0m:    [02-07-2026 19:30:34] Failed to send telemetry event CollectionDeleteEvent: capture() takes 1 positional argument but 3 were given
[32mINFO[0m:     [02-07-2026 19:30:34] 127.0.0.1:58567 - "POST /api/v1/collections/04b9833e-32a9-4ce2-877d-ac206ff5d36f/delete HTTP/1.1" 200
[33mWARNING[0m:  [02-07-2026 19:30:34] Delete of nonexisting embedding ID: 3459dcc71b884876c8aa707e725b50b5_264
[33mWARNING[0m:  [02-07-2026 19:30:34] Delete of nonexisting embedding ID: 3459dcc71b884876c8aa707e725b50b5_264
[31mERROR[0m:    [02-07-2026 19:30:35] Failed to send telemetry event CollectionDeleteEvent: capture() takes 1 positional argument but 3 were given
[32mINFO[0m:     [02-07-2026 19:30:35] 127.0.0.1:58567 - "POST /api/v1/collections/04b9833e-32a9-4ce2-877d-ac206ff5d36f/delete HTTP/1.1" 200
[33mWARNING[0m:  [02-07-2026 19:30:35] Delete of nonexisting embedding ID: 3459dcc71b884876c8aa707e725b50b5_76
[33mWARNING[0m:  [02-07-2026 19:30:35] Delete of nonexisting embedding ID: 3459dcc71b884876c8aa707e725b50b5_76
[31mERROR[0m:    [02-07-2026 19:30:35] Failed to send telemetry event CollectionDeleteEvent: capture() takes 1 positional argument but 3 were given
[32mINFO[0m:     [02-07-2026 19:30:35] 127.0.0.1:58567 - "POST /api/v1/collections/04b9833e-32a9-4ce2-877d-ac206ff5d36f/delete HTTP/1.1" 200
[33mWARNING[0m:  [02-07-2026 19:30:35] Delete of nonexisting embedding ID: 3459dcc71b884876c8aa707e725b50b5_165
[33mWARNING[0m:  [02-07-2026 19:30:35] Delete of nonexisting embedding ID: 3459dcc71b884876c8aa707e725b50b5_165
[31mERROR[0m:    [02-07-2026 19:30:35] Failed to send telemetry event CollectionDeleteEvent: capture() takes 1 positional argument but 3 were given
[32mINFO[0m:     [02-07-2026 19:30:35] 127.0.0.1:58567 - "POST /api/v1/collections/04b9833e-32a9-4ce2-877d-ac206ff5d36f/delete HTTP/1.1" 200
[33mWARNING[0m:  [02-07-2026 19:30:35] Delete of nonexisting embedding ID: 3459dcc71b884876c8aa707e725b50b5_308
[33mWARNING[0m:  [02-07-2026 19:30:35] Delete of nonexisting embedding ID: 3459dcc71b884876c8aa707e725b50b5_308
[31mERROR[0m:    [02-07-2026 19:30:36] Failed to send telemetry event CollectionDeleteEvent: capture() takes 1 positional argument but 3 were given
[32mINFO[0m:     [02-07-2026 19:30:36] 127.0.0.1:58567 - "POST /api/v1/collections/04b9833e-32a9-4ce2-877d-ac206ff5d36f/delete HTTP/1.1" 200
[33mWARNING[0m:  [02-07-2026 19:30:36] Delete of nonexisting embedding ID: 3459dcc71b884876c8aa707e725b50b5_321
[33mWARNING[0m:  [02-07-2026 19:30:36] Delete of nonexisting embedding ID: 3459dcc71b884876c8aa707e725b50b5_321
[31mERROR[0m:    [02-07-2026 19:30:36] Failed to send telemetry event CollectionDeleteEvent: capture() takes 1 positional argument but 3 were given
[32mINFO[0m:     [02-07-2026 19:30:36] 127.0.0.1:58567 - "POST /api/v1/collections/04b9833e-32a9-4ce2-877d-ac206ff5d36f/delete HTTP/1.1" 200
[33mWARNING[0m:  [02-07-2026 19:30:36] Delete of nonexisting embedding ID: 3459dcc71b884876c8aa707e725b50b5_286
[33mWARNING[0m:  [02-07-2026 19:30:36] Delete of nonexisting embedding ID: 3459dcc71b884876c8aa707e725b50b5_286
[31mERROR[0m:    [02-07-2026 19:30:36] Failed to send telemetry event CollectionDeleteEvent: capture() takes 1 positional argument but 3 were given
[32mINFO[0m:     [02-07-2026 19:30:36] 127.0.0.1:58567 - "POST /api/v1/collections/04b9833e-32a9-4ce2-877d-ac206ff5d36f/delete HTTP/1.1" 200
[33mWARNING[0m:  [02-07-2026 19:30:36] Delete of nonexisting embedding ID: 3459dcc71b884876c8aa707e725b50b5_63
[33mWARNING[0m:  [02-07-2026 19:30:36] Delete of nonexisting embedding ID: 3459dcc71b884876c8aa707e725b50b5_63
[31mERROR[0m:    [02-07-2026 19:30:36] Failed to send telemetry event CollectionDeleteEvent: capture() takes 1 positional argument but 3 were given
[32mINFO[0m:     [02-07-2026 19:30:36] 127.0.0.1:58567 - "POST /api/v1/collections/04b9833e-32a9-4ce2-877d-ac206ff5d36f/delete HTTP/1.1" 200
[33mWARNING[0m:  [02-07-2026 19:30:36] Delete of nonexisting embedding ID: 3459dcc71b884876c8aa707e725b50b5_401
[33mWARNING[0m:  [02-07-2026 19:30:36] Delete of nonexisting embedding ID: 3459dcc71b884876c8aa707e725b50b5_401
[31mERROR[0m:    [02-07-2026 19:30:36] Failed to send telemetry event CollectionDeleteEvent: capture() takes 1 positional argument but 3 were given
[32mINFO[0m:     [02-07-2026 19:30:36] 127.0.0.1:58567 - "POST /api/v1/collections/04b9833e-32a9-4ce2-877d-ac206ff5d36f/delete HTTP/1.1" 200
[33mWARNING[0m:  [02-07-2026 19:30:36] Delete of nonexisting embedding ID: 3459dcc71b884876c8aa707e725b50b5_320
[33mWARNING[0m:  [02-07-2026 19:30:36] Delete of nonexisting embedding ID: 3459dcc71b884876c8aa707e725b50b5_320
[31mERROR[0m:    [02-07-2026 19:30:37] Failed to send telemetry event CollectionDeleteEvent: capture() takes 1 positional argument but 3 were given
[32mINFO[0m:     [02-07-2026 19:30:37] 127.0.0.1:58567 - "POST /api/v1/collections/04b9833e-32a9-4ce2-877d-ac206ff5d36f/delete HTTP/1.1" 200
[33mWARNING[0m:  [02-07-2026 19:30:37] Delete of nonexisting embedding ID: 3459dcc71b884876c8aa707e725b50b5_295
[33mWARNING[0m:  [02-07-2026 19:30:37] Delete of nonexisting embedding ID: 3459dcc71b884876c8aa707e725b50b5_295
[31mERROR[0m:    [02-07-2026 19:30:37] Failed to send telemetry event CollectionDeleteEvent: capture() takes 1 positional argument but 3 were given
[32mINFO[0m:     [02-07-2026 19:30:37] 127.0.0.1:58567 - "POST /api/v1/collections/04b9833e-32a9-4ce2-877d-ac206ff5d36f/delete HTTP/1.1" 200
[33mWARNING[0m:  [02-07-2026 19:30:37] Delete of nonexisting embedding ID: 3459dcc71b884876c8aa707e725b50b5_155
[33mWARNING[0m:  [02-07-2026 19:30:37] Delete of nonexisting embedding ID: 3459dcc71b884876c8aa707e725b50b5_155
[31mERROR[0m:    [02-07-2026 19:30:37] Failed to send telemetry event CollectionDeleteEvent: capture() takes 1 positional argument but 3 were given
[32mINFO[0m:     [02-07-2026 19:30:37] 127.0.0.1:58567 - "POST /api/v1/collections/04b9833e-32a9-4ce2-877d-ac206ff5d36f/delete HTTP/1.1" 200
[33mWARNING[0m:  [02-07-2026 19:30:37] Delete of nonexisting embedding ID: 3459dcc71b884876c8aa707e725b50b5_265
[33mWARNING[0m:  [02-07-2026 19:30:37] Delete of nonexisting embedding ID: 3459dcc71b884876c8aa707e725b50b5_265
[31mERROR[0m:    [02-07-2026 19:30:37] Failed to send telemetry event CollectionDeleteEvent: capture() takes 1 positional argument but 3 were given
[32mINFO[0m:     [02-07-2026 19:30:37] 127.0.0.1:58567 - "POST /api/v1/collections/04b9833e-32a9-4ce2-877d-ac206ff5d36f/delete HTTP/1.1" 200
[33mWARNING[0m:  [02-07-2026 19:30:37] Delete of nonexisting embedding ID: 3459dcc71b884876c8aa707e725b50b5_154
[33mWARNING[0m:  [02-07-2026 19:30:37] Delete of nonexisting embedding ID: 3459dcc71b884876c8aa707e725b50b5_154
[31mERROR[0m:    [02-07-2026 19:30:37] Failed to send telemetry event CollectionDeleteEvent: capture() takes 1 positional argument but 3 were given
[32mINFO[0m:     [02-07-2026 19:30:37] 127.0.0.1:58567 - "POST /api/v1/collections/04b9833e-32a9-4ce2-877d-ac206ff5d36f/delete HTTP/1.1" 200
[33mWARNING[0m:  [02-07-2026 19:30:37] Delete of nonexisting embedding ID: 3459dcc71b884876c8aa707e725b50b5_380
[33mWARNING[0m:  [02-07-2026 19:30:37] Delete of nonexisting embedding ID: 3459dcc71b884876c8aa707e725b50b5_380
[31mERROR[0m:    [02-07-2026 19:30:37] Failed to send telemetry event CollectionDeleteEvent: capture() takes 1 positional argument but 3 were given
[32mINFO[0m:     [02-07-2026 19:30:37] 127.0.0.1:58567 - "POST /api/v1/collections/04b9833e-32a9-4ce2-877d-ac206ff5d36f/delete HTTP/1.1" 200
[33mWARNING[0m:  [02-07-2026 19:30:37] Delete of nonexisting embedding ID: 3459dcc71b884876c8aa707e725b50b5_280
[33mWARNING[0m:  [02-07-2026 19:30:37] Delete of nonexisting embedding ID: 3459dcc71b884876c8aa707e725b50b5_280
[31mERROR[0m:    [02-07-2026 19:30:37] Failed to send telemetry event CollectionDeleteEvent: capture() takes 1 positional argument but 3 were given
[32mINFO[0m:     [02-07-2026 19:30:37] 127.0.0.1:58567 - "POST /api/v1/collections/04b9833e-32a9-4ce2-877d-ac206ff5d36f/delete HTTP/1.1" 200
[33mWARNING[0m:  [02-07-2026 19:30:37] Delete of nonexisting embedding ID: 3459dcc71b884876c8aa707e725b50b5_271
[33mWARNING[0m:  [02-07-2026 19:30:37] Delete of nonexisting embedding ID: 3459dcc71b884876c8aa707e725b50b5_271
[31mERROR[0m:    [02-07-2026 19:30:38] Failed to send telemetry event CollectionDeleteEvent: capture() takes 1 positional argument but 3 were given
[32mINFO[0m:     [02-07-2026 19:30:38] 127.0.0.1:58567 - "POST /api/v1/collections/04b9833e-32a9-4ce2-877d-ac206ff5d36f/delete HTTP/1.1" 200
[33mWARNING[0m:  [02-07-2026 19:30:38] Delete of nonexisting embedding ID: 3459dcc71b884876c8aa707e725b50b5_61
[33mWARNING[0m:  [02-07-2026 19:30:38] Delete of nonexisting embedding ID: 3459dcc71b884876c8aa707e725b50b5_61
[31mERROR[0m:    [02-07-2026 19:30:38] Failed to send telemetry event CollectionDeleteEvent: capture() takes 1 positional argument but 3 were given
[32mINFO[0m:     [02-07-2026 19:30:38] 127.0.0.1:58567 - "POST /api/v1/collections/04b9833e-32a9-4ce2-877d-ac206ff5d36f/delete HTTP/1.1" 200
[33mWARNING[0m:  [02-07-2026 19:30:38] Delete of nonexisting embedding ID: 3459dcc71b884876c8aa707e725b50b5_213
[33mWARNING[0m:  [02-07-2026 19:30:38] Delete of nonexisting embedding ID: 3459dcc71b884876c8aa707e725b50b5_213
[31mERROR[0m:    [02-07-2026 19:30:38] Failed to send telemetry event CollectionDeleteEvent: capture() takes 1 positional argument but 3 were given
[32mINFO[0m:     [02-07-2026 19:30:38] 127.0.0.1:58567 - "POST /api/v1/collections/04b9833e-32a9-4ce2-877d-ac206ff5d36f/delete HTTP/1.1" 200
[33mWARNING[0m:  [02-07-2026 19:30:39] Delete of nonexisting embedding ID: 3459dcc71b884876c8aa707e725b50b5_266
[33mWARNING[0m:  [02-07-2026 19:30:39] Delete of nonexisting embedding ID: 3459dcc71b884876c8aa707e725b50b5_266
[31mERROR[0m:    [02-07-2026 19:30:39] Failed to send telemetry event CollectionDeleteEvent: capture() takes 1 positional argument but 3 were given
[32mINFO[0m:     [02-07-2026 19:30:39] 127.0.0.1:58567 - "POST /api/v1/collections/04b9833e-32a9-4ce2-877d-ac206ff5d36f/delete HTTP/1.1" 200
[33mWARNING[0m:  [02-07-2026 19:30:39] Delete of nonexisting embedding ID: 3459dcc71b884876c8aa707e725b50b5_419
[33mWARNING[0m:  [02-07-2026 19:30:39] Delete of nonexisting embedding ID: 3459dcc71b884876c8aa707e725b50b5_419
[31mERROR[0m:    [02-07-2026 19:30:39] Failed to send telemetry event CollectionDeleteEvent: capture() takes 1 positional argument but 3 were given
[32mINFO[0m:     [02-07-2026 19:30:39] 127.0.0.1:58567 - "POST /api/v1/collections/04b9833e-32a9-4ce2-877d-ac206ff5d36f/delete HTTP/1.1" 200
[33mWARNING[0m:  [02-07-2026 19:30:39] Delete of nonexisting embedding ID: 3459dcc71b884876c8aa707e725b50b5_62
[33mWARNING[0m:  [02-07-2026 19:30:39] Delete of nonexisting embedding ID: 3459dcc71b884876c8aa707e725b50b5_62
[31mERROR[0m:    [02-07-2026 19:30:39] Failed to send telemetry event CollectionDeleteEvent: capture() takes 1 positional argument but 3 were given
[32mINFO[0m:     [02-07-2026 19:30:39] 127.0.0.1:58567 - "POST /api/v1/collections/04b9833e-32a9-4ce2-877d-ac206ff5d36f/delete HTTP/1.1" 200
[33mWARNING[0m:  [02-07-2026 19:30:39] Delete of nonexisting embedding ID: 3459dcc71b884876c8aa707e725b50b5_313
[33mWARNING[0m:  [02-07-2026 19:30:39] Delete of nonexisting embedding ID: 3459dcc71b884876c8aa707e725b50b5_313
[31mERROR[0m:    [02-07-2026 19:30:39] Failed to send telemetry event CollectionDeleteEvent: capture() takes 1 positional argument but 3 were given
[32mINFO[0m:     [02-07-2026 19:30:39] 127.0.0.1:58567 - "POST /api/v1/collections/04b9833e-32a9-4ce2-877d-ac206ff5d36f/delete HTTP/1.1" 200
[33mWARNING[0m:  [02-07-2026 19:30:39] Delete of nonexisting embedding ID: 3459dcc71b884876c8aa707e725b50b5_342
[33mWARNING[0m:  [02-07-2026 19:30:39] Delete of nonexisting embedding ID: 3459dcc71b884876c8aa707e725b50b5_342
[31mERROR[0m:    [02-07-2026 19:30:40] Failed to send telemetry event CollectionDeleteEvent: capture() takes 1 positional argument but 3 were given
[32mINFO[0m:     [02-07-2026 19:30:40] 127.0.0.1:58567 - "POST /api/v1/collections/04b9833e-32a9-4ce2-877d-ac206ff5d36f/delete HTTP/1.1" 200
[33mWARNING[0m:  [02-07-2026 19:30:40] Delete of nonexisting embedding ID: 3459dcc71b884876c8aa707e725b50b5_382
[33mWARNING[0m:  [02-07-2026 19:30:40] Delete of nonexisting embedding ID: 3459dcc71b884876c8aa707e725b50b5_382
[31mERROR[0m:    [02-07-2026 19:30:40] Failed to send telemetry event CollectionDeleteEvent: capture() takes 1 positional argument but 3 were given
[32mINFO[0m:     [02-07-2026 19:30:40] 127.0.0.1:58567 - "POST /api/v1/collections/04b9833e-32a9-4ce2-877d-ac206ff5d36f/delete HTTP/1.1" 200
[33mWARNING[0m:  [02-07-2026 19:30:40] Delete of nonexisting embedding ID: 3459dcc71b884876c8aa707e725b50b5_40
[33mWARNING[0m:  [02-07-2026 19:30:40] Delete of nonexisting embedding ID: 3459dcc71b884876c8aa707e725b50b5_40
[31mERROR[0m:    [02-07-2026 19:30:40] Failed to send telemetry event CollectionDeleteEvent: capture() takes 1 positional argument but 3 were given
[32mINFO[0m:     [02-07-2026 19:30:40] 127.0.0.1:58567 - "POST /api/v1/collections/04b9833e-32a9-4ce2-877d-ac206ff5d36f/delete HTTP/1.1" 200
[33mWARNING[0m:  [02-07-2026 19:30:40] Delete of nonexisting embedding ID: 3459dcc71b884876c8aa707e725b50b5_220
[33mWARNING[0m:  [02-07-2026 19:30:40] Delete of nonexisting embedding ID: 3459dcc71b884876c8aa707e725b50b5_220
[31mERROR[0m:    [02-07-2026 19:30:40] Failed to send telemetry event CollectionDeleteEvent: capture() takes 1 positional argument but 3 were given
[32mINFO[0m:     [02-07-2026 19:30:40] 127.0.0.1:58567 - "POST /api/v1/collections/04b9833e-32a9-4ce2-877d-ac206ff5d36f/delete HTTP/1.1" 200
[33mWARNING[0m:  [02-07-2026 19:30:40] Delete of nonexisting embedding ID: 3459dcc71b884876c8aa707e725b50b5_143
[33mWARNING[0m:  [02-07-2026 19:30:40] Delete of nonexisting embedding ID: 3459dcc71b884876c8aa707e725b50b5_143
[31mERROR[0m:    [02-07-2026 19:30:40] Failed to send telemetry event CollectionDeleteEvent: capture() takes 1 positional argument but 3 were given
[32mINFO[0m:     [02-07-2026 19:30:40] 127.0.0.1:58567 - "POST /api/v1/collections/04b9833e-32a9-4ce2-877d-ac206ff5d36f/delete HTTP/1.1" 200
[33mWARNING[0m:  [02-07-2026 19:30:40] Delete of nonexisting embedding ID: 3459dcc71b884876c8aa707e725b50b5_373
[33mWARNING[0m:  [02-07-2026 19:30:40] Delete of nonexisting embedding ID: 3459dcc71b884876c8aa707e725b50b5_373
[31mERROR[0m:    [02-07-2026 19:30:41] Failed to send telemetry event CollectionDeleteEvent: capture() takes 1 positional argument but 3 were given
[32mINFO[0m:     [02-07-2026 19:30:41] 127.0.0.1:58567 - "POST /api/v1/collections/04b9833e-32a9-4ce2-877d-ac206ff5d36f/delete HTTP/1.1" 200
[33mWARNING[0m:  [02-07-2026 19:30:41] Delete of nonexisting embedding ID: 3459dcc71b884876c8aa707e725b50b5_69
[33mWARNING[0m:  [02-07-2026 19:30:41] Delete of nonexisting embedding ID: 3459dcc71b884876c8aa707e725b50b5_69
[31mERROR[0m:    [02-07-2026 19:30:41] Failed to send telemetry event CollectionDeleteEvent: capture() takes 1 positional argument but 3 were given
[32mINFO[0m:     [02-07-2026 19:30:41] 127.0.0.1:58567 - "POST /api/v1/collections/04b9833e-32a9-4ce2-877d-ac206ff5d36f/delete HTTP/1.1" 200
[33mWARNING[0m:  [02-07-2026 19:30:41] Delete of nonexisting embedding ID: 3459dcc71b884876c8aa707e725b50b5_291
[33mWARNING[0m:  [02-07-2026 19:30:41] Delete of nonexisting embedding ID: 3459dcc71b884876c8aa707e725b50b5_291
[31mERROR[0m:    [02-07-2026 19:30:41] Failed to send telemetry event CollectionDeleteEvent: capture() takes 1 positional argument but 3 were given
[32mINFO[0m:     [02-07-2026 19:30:41] 127.0.0.1:58567 - "POST /api/v1/collections/04b9833e-32a9-4ce2-877d-ac206ff5d36f/delete HTTP/1.1" 200
[33mWARNING[0m:  [02-07-2026 19:30:41] Delete of nonexisting embedding ID: 3459dcc71b884876c8aa707e725b50b5_387
[33mWARNING[0m:  [02-07-2026 19:30:41] Delete of nonexisting embedding ID: 3459dcc71b884876c8aa707e725b50b5_387
[31mERROR[0m:    [02-07-2026 19:30:41] Failed to send telemetry event CollectionDeleteEvent: capture() takes 1 positional argument but 3 were given
[32mINFO[0m:     [02-07-2026 19:30:41] 127.0.0.1:58567 - "POST /api/v1/collections/04b9833e-32a9-4ce2-877d-ac206ff5d36f/delete HTTP/1.1" 200
[33mWARNING[0m:  [02-07-2026 19:30:41] Delete of nonexisting embedding ID: 3459dcc71b884876c8aa707e725b50b5_336
[33mWARNING[0m:  [02-07-2026 19:30:41] Delete of nonexisting embedding ID: 3459dcc71b884876c8aa707e725b50b5_336
[31mERROR[0m:    [02-07-2026 19:30:41] Failed to send telemetry event CollectionDeleteEvent: capture() takes 1 positional argument but 3 were given
[32mINFO[0m:     [02-07-2026 19:30:41] 127.0.0.1:58567 - "POST /api/v1/collections/04b9833e-32a9-4ce2-877d-ac206ff5d36f/delete HTTP/1.1" 200
[33mWARNING[0m:  [02-07-2026 19:30:41] Delete of nonexisting embedding ID: 3459dcc71b884876c8aa707e725b50b5_180
[33mWARNING[0m:  [02-07-2026 19:30:41] Delete of nonexisting embedding ID: 3459dcc71b884876c8aa707e725b50b5_180
[31mERROR[0m:    [02-07-2026 19:30:41] Failed to send telemetry event CollectionDeleteEvent: capture() takes 1 positional argument but 3 were given
[32mINFO[0m:     [02-07-2026 19:30:41] 127.0.0.1:58567 - "POST /api/v1/collections/04b9833e-32a9-4ce2-877d-ac206ff5d36f/delete HTTP/1.1" 200
[33mWARNING[0m:  [02-07-2026 19:30:41] Delete of nonexisting embedding ID: 3459dcc71b884876c8aa707e725b50b5_394
[33mWARNING[0m:  [02-07-2026 19:30:41] Delete of nonexisting embedding ID: 3459dcc71b884876c8aa707e725b50b5_394
[31mERROR[0m:    [02-07-2026 19:30:42] Failed to send telemetry event CollectionDeleteEvent: capture() takes 1 positional argument but 3 were given
[32mINFO[0m:     [02-07-2026 19:30:42] 127.0.0.1:58567 - "POST /api/v1/collections/04b9833e-32a9-4ce2-877d-ac206ff5d36f/delete HTTP/1.1" 200
[33mWARNING[0m:  [02-07-2026 19:30:42] Delete of nonexisting embedding ID: 3459dcc71b884876c8aa707e725b50b5_354
[33mWARNING[0m:  [02-07-2026 19:30:42] Delete of nonexisting embedding ID: 3459dcc71b884876c8aa707e725b50b5_354
[31mERROR[0m:    [02-07-2026 19:30:42] Failed to send telemetry event CollectionDeleteEvent: capture() takes 1 positional argument but 3 were given
[32mINFO[0m:     [02-07-2026 19:30:42] 127.0.0.1:58567 - "POST /api/v1/collections/04b9833e-32a9-4ce2-877d-ac206ff5d36f/delete HTTP/1.1" 200
[33mWARNING[0m:  [02-07-2026 19:30:42] Delete of nonexisting embedding ID: 3459dcc71b884876c8aa707e725b50b5_338
[33mWARNING[0m:  [02-07-2026 19:30:42] Delete of nonexisting embedding ID: 3459dcc71b884876c8aa707e725b50b5_338
[31mERROR[0m:    [02-07-2026 19:30:42] Failed to send telemetry event CollectionDeleteEvent: capture() takes 1 positional argument but 3 were given
[32mINFO[0m:     [02-07-2026 19:30:42] 127.0.0.1:58567 - "POST /api/v1/collections/04b9833e-32a9-4ce2-877d-ac206ff5d36f/delete HTTP/1.1" 200
[33mWARNING[0m:  [02-07-2026 19:30:42] Delete of nonexisting embedding ID: 3459dcc71b884876c8aa707e725b50b5_399
[33mWARNING[0m:  [02-07-2026 19:30:42] Delete of nonexisting embedding ID: 3459dcc71b884876c8aa707e725b50b5_399
[31mERROR[0m:    [02-07-2026 19:30:42] Failed to send telemetry event CollectionDeleteEvent: capture() takes 1 positional argument but 3 were given
[32mINFO[0m:     [02-07-2026 19:30:42] 127.0.0.1:58567 - "POST /api/v1/collections/04b9833e-32a9-4ce2-877d-ac206ff5d36f/delete HTTP/1.1" 200
[33mWARNING[0m:  [02-07-2026 19:30:42] Delete of nonexisting embedding ID: 3459dcc71b884876c8aa707e725b50b5_268
[33mWARNING[0m:  [02-07-2026 19:30:42] Delete of nonexisting embedding ID: 3459dcc71b884876c8aa707e725b50b5_268
[31mERROR[0m:    [02-07-2026 19:30:42] Failed to send telemetry event CollectionDeleteEvent: capture() takes 1 positional argument but 3 were given
[32mINFO[0m:     [02-07-2026 19:30:42] 127.0.0.1:58567 - "POST /api/v1/collections/04b9833e-32a9-4ce2-877d-ac206ff5d36f/delete HTTP/1.1" 200
[33mWARNING[0m:  [02-07-2026 19:30:42] Delete of nonexisting embedding ID: 3459dcc71b884876c8aa707e725b50b5_341
[33mWARNING[0m:  [02-07-2026 19:30:42] Delete of nonexisting embedding ID: 3459dcc71b884876c8aa707e725b50b5_341
[31mERROR[0m:    [02-07-2026 19:30:42] Failed to send telemetry event CollectionDeleteEvent: capture() takes 1 positional argument but 3 were given
[32mINFO[0m:     [02-07-2026 19:30:42] 127.0.0.1:58567 - "POST /api/v1/collections/04b9833e-32a9-4ce2-877d-ac206ff5d36f/delete HTTP/1.1" 200
[33mWARNING[0m:  [02-07-2026 19:30:42] Delete of nonexisting embedding ID: 3459dcc71b884876c8aa707e725b50b5_179
[33mWARNING[0m:  [02-07-2026 19:30:42] Delete of nonexisting embedding ID: 3459dcc71b884876c8aa707e725b50b5_179
[31mERROR[0m:    [02-07-2026 19:30:42] Failed to send telemetry event CollectionDeleteEvent: capture() takes 1 positional argument but 3 were given
[32mINFO[0m:     [02-07-2026 19:30:42] 127.0.0.1:58567 - "POST /api/v1/collections/04b9833e-32a9-4ce2-877d-ac206ff5d36f/delete HTTP/1.1" 200
[33mWARNING[0m:  [02-07-2026 19:30:42] Delete of nonexisting embedding ID: 3459dcc71b884876c8aa707e725b50b5_337
[33mWARNING[0m:  [02-07-2026 19:30:42] Delete of nonexisting embedding ID: 3459dcc71b884876c8aa707e725b50b5_337
[31mERROR[0m:    [02-07-2026 19:30:42] Failed to send telemetry event CollectionDeleteEvent: capture() takes 1 positional argument but 3 were given
[32mINFO[0m:     [02-07-2026 19:30:42] 127.0.0.1:58567 - "POST /api/v1/collections/04b9833e-32a9-4ce2-877d-ac206ff5d36f/delete HTTP/1.1" 200
[33mWARNING[0m:  [02-07-2026 19:30:42] Delete of nonexisting embedding ID: 3459dcc71b884876c8aa707e725b50b5_14
[33mWARNING[0m:  [02-07-2026 19:30:42] Delete of nonexisting embedding ID: 3459dcc71b884876c8aa707e725b50b5_14
[31mERROR[0m:    [02-07-2026 19:30:43] Failed to send telemetry event CollectionDeleteEvent: capture() takes 1 positional argument but 3 were given
[32mINFO[0m:     [02-07-2026 19:30:43] 127.0.0.1:58567 - "POST /api/v1/collections/04b9833e-32a9-4ce2-877d-ac206ff5d36f/delete HTTP/1.1" 200
[33mWARNING[0m:  [02-07-2026 19:30:43] Delete of nonexisting embedding ID: 3459dcc71b884876c8aa707e725b50b5_288
[33mWARNING[0m:  [02-07-2026 19:30:43] Delete of nonexisting embedding ID: 3459dcc71b884876c8aa707e725b50b5_288
[31mERROR[0m:    [02-07-2026 19:30:43] Failed to send telemetry event CollectionDeleteEvent: capture() takes 1 positional argument but 3 were given
[32mINFO[0m:     [02-07-2026 19:30:43] 127.0.0.1:58567 - "POST /api/v1/collections/04b9833e-32a9-4ce2-877d-ac206ff5d36f/delete HTTP/1.1" 200
[33mWARNING[0m:  [02-07-2026 19:30:43] Delete of nonexisting embedding ID: 3459dcc71b884876c8aa707e725b50b5_183
[33mWARNING[0m:  [02-07-2026 19:30:43] Delete of nonexisting embedding ID: 3459dcc71b884876c8aa707e725b50b5_183
[31mERROR[0m:    [02-07-2026 19:30:43] Failed to send telemetry event CollectionDeleteEvent: capture() takes 1 positional argument but 3 were given
[32mINFO[0m:     [02-07-2026 19:30:43] 127.0.0.1:58567 - "POST /api/v1/collections/04b9833e-32a9-4ce2-877d-ac206ff5d36f/delete HTTP/1.1" 200
[33mWARNING[0m:  [02-07-2026 19:30:43] Delete of nonexisting embedding ID: 3459dcc71b884876c8aa707e725b50b5_36
[33mWARNING[0m:  [02-07-2026 19:30:43] Delete of nonexisting embedding ID: 3459dcc71b884876c8aa707e725b50b5_36
[31mERROR[0m:    [02-07-2026 19:30:43] Failed to send telemetry event CollectionDeleteEvent: capture() takes 1 positional argument but 3 were given
[32mINFO[0m:     [02-07-2026 19:30:43] 127.0.0.1:58567 - "POST /api/v1/collections/04b9833e-32a9-4ce2-877d-ac206ff5d36f/delete HTTP/1.1" 200
[33mWARNING[0m:  [02-07-2026 19:30:43] Delete of nonexisting embedding ID: 3459dcc71b884876c8aa707e725b50b5_411
[33mWARNING[0m:  [02-07-2026 19:30:43] Delete of nonexisting embedding ID: 3459dcc71b884876c8aa707e725b50b5_411
[31mERROR[0m:    [02-07-2026 19:30:43] Failed to send telemetry event CollectionDeleteEvent: capture() takes 1 positional argument but 3 were given
[32mINFO[0m:     [02-07-2026 19:30:43] 127.0.0.1:58567 - "POST /api/v1/collections/04b9833e-32a9-4ce2-877d-ac206ff5d36f/delete HTTP/1.1" 200
[33mWARNING[0m:  [02-07-2026 19:30:43] Delete of nonexisting embedding ID: 3459dcc71b884876c8aa707e725b50b5_301
[33mWARNING[0m:  [02-07-2026 19:30:43] Delete of nonexisting embedding ID: 3459dcc71b884876c8aa707e725b50b5_301
[31mERROR[0m:    [02-07-2026 19:30:43] Failed to send telemetry event CollectionDeleteEvent: capture() takes 1 positional argument but 3 were given
[32mINFO[0m:     [02-07-2026 19:30:43] 127.0.0.1:58567 - "POST /api/v1/collections/04b9833e-32a9-4ce2-877d-ac206ff5d36f/delete HTTP/1.1" 200
[33mWARNING[0m:  [02-07-2026 19:30:43] Delete of nonexisting embedding ID: 3459dcc71b884876c8aa707e725b50b5_77
[33mWARNING[0m:  [02-07-2026 19:30:43] Delete of nonexisting embedding ID: 3459dcc71b884876c8aa707e725b50b5_77
[31mERROR[0m:    [02-07-2026 19:30:44] Failed to send telemetry event CollectionDeleteEvent: capture() takes 1 positional argument but 3 were given
[32mINFO[0m:     [02-07-2026 19:30:44] 127.0.0.1:58567 - "POST /api/v1/collections/04b9833e-32a9-4ce2-877d-ac206ff5d36f/delete HTTP/1.1" 200
[33mWARNING[0m:  [02-07-2026 19:30:44] Delete of nonexisting embedding ID: 3459dcc71b884876c8aa707e725b50b5_403
[33mWARNING[0m:  [02-07-2026 19:30:44] Delete of nonexisting embedding ID: 3459dcc71b884876c8aa707e725b50b5_403
[31mERROR[0m:    [02-07-2026 19:30:44] Failed to send telemetry event CollectionDeleteEvent: capture() takes 1 positional argument but 3 were given
[32mINFO[0m:     [02-07-2026 19:30:44] 127.0.0.1:58567 - "POST /api/v1/collections/04b9833e-32a9-4ce2-877d-ac206ff5d36f/delete HTTP/1.1" 200
[33mWARNING[0m:  [02-07-2026 19:30:44] Delete of nonexisting embedding ID: 3459dcc71b884876c8aa707e725b50b5_41
[33mWARNING[0m:  [02-07-2026 19:30:44] Delete of nonexisting embedding ID: 3459dcc71b884876c8aa707e725b50b5_41
[31mERROR[0m:    [02-07-2026 19:30:44] Failed to send telemetry event CollectionDeleteEvent: capture() takes 1 positional argument but 3 were given
[32mINFO[0m:     [02-07-2026 19:30:44] 127.0.0.1:58567 - "POST /api/v1/collections/04b9833e-32a9-4ce2-877d-ac206ff5d36f/delete HTTP/1.1" 200
[33mWARNING[0m:  [02-07-2026 19:30:44] Delete of nonexisting embedding ID: 3459dcc71b884876c8aa707e725b50b5_309
[33mWARNING[0m:  [02-07-2026 19:30:44] Delete of nonexisting embedding ID: 3459dcc71b884876c8aa707e725b50b5_309
[31mERROR[0m:    [02-07-2026 19:30:44] Failed to send telemetry event CollectionDeleteEvent: capture() takes 1 positional argument but 3 were given
[32mINFO[0m:     [02-07-2026 19:30:44] 127.0.0.1:58567 - "POST /api/v1/collections/04b9833e-32a9-4ce2-877d-ac206ff5d36f/delete HTTP/1.1" 200
[33mWARNING[0m:  [02-07-2026 19:30:44] Delete of nonexisting embedding ID: 3459dcc71b884876c8aa707e725b50b5_351
[33mWARNING[0m:  [02-07-2026 19:30:44] Delete of nonexisting embedding ID: 3459dcc71b884876c8aa707e725b50b5_351
[31mERROR[0m:    [02-07-2026 19:30:44] Failed to send telemetry event CollectionDeleteEvent: capture() takes 1 positional argument but 3 were given
[32mINFO[0m:     [02-07-2026 19:30:44] 127.0.0.1:58567 - "POST /api/v1/collections/04b9833e-32a9-4ce2-877d-ac206ff5d36f/delete HTTP/1.1" 200
[33mWARNING[0m:  [02-07-2026 19:30:44] Delete of nonexisting embedding ID: 3459dcc71b884876c8aa707e725b50b5_353
[33mWARNING[0m:  [02-07-2026 19:30:44] Delete of nonexisting embedding ID: 3459dcc71b884876c8aa707e725b50b5_353
[31mERROR[0m:    [02-07-2026 19:30:45] Failed to send telemetry event CollectionDeleteEvent: capture() takes 1 positional argument but 3 were given
[32mINFO[0m:     [02-07-2026 19:30:45] 127.0.0.1:58567 - "POST /api/v1/collections/04b9833e-32a9-4ce2-877d-ac206ff5d36f/delete HTTP/1.1" 200
[33mWARNING[0m:  [02-07-2026 19:30:45] Delete of nonexisting embedding ID: 3459dcc71b884876c8aa707e725b50b5_84
[33mWARNING[0m:  [02-07-2026 19:30:45] Delete of nonexisting embedding ID: 3459dcc71b884876c8aa707e725b50b5_84
[31mERROR[0m:    [02-07-2026 19:30:45] Failed to send telemetry event CollectionDeleteEvent: capture() takes 1 positional argument but 3 were given
[32mINFO[0m:     [02-07-2026 19:30:45] 127.0.0.1:58567 - "POST /api/v1/collections/04b9833e-32a9-4ce2-877d-ac206ff5d36f/delete HTTP/1.1" 200
[33mWARNING[0m:  [02-07-2026 19:30:45] Delete of nonexisting embedding ID: 3459dcc71b884876c8aa707e725b50b5_273
[33mWARNING[0m:  [02-07-2026 19:30:45] Delete of nonexisting embedding ID: 3459dcc71b884876c8aa707e725b50b5_273
[31mERROR[0m:    [02-07-2026 19:30:45] Failed to send telemetry event CollectionDeleteEvent: capture() takes 1 positional argument but 3 were given
[32mINFO[0m:     [02-07-2026 19:30:45] 127.0.0.1:58567 - "POST /api/v1/collections/04b9833e-32a9-4ce2-877d-ac206ff5d36f/delete HTTP/1.1" 200
[33mWARNING[0m:  [02-07-2026 19:30:45] Delete of nonexisting embedding ID: 3459dcc71b884876c8aa707e725b50b5_307
[33mWARNING[0m:  [02-07-2026 19:30:45] Delete of nonexisting embedding ID: 3459dcc71b884876c8aa707e725b50b5_307
[31mERROR[0m:    [02-07-2026 19:30:45] Failed to send telemetry event CollectionDeleteEvent: capture() takes 1 positional argument but 3 were given
[32mINFO[0m:     [02-07-2026 19:30:45] 127.0.0.1:58567 - "POST /api/v1/collections/04b9833e-32a9-4ce2-877d-ac206ff5d36f/delete HTTP/1.1" 200
[33mWARNING[0m:  [02-07-2026 19:30:45] Delete of nonexisting embedding ID: 3459dcc71b884876c8aa707e725b50b5_269
[33mWARNING[0m:  [02-07-2026 19:30:45] Delete of nonexisting embedding ID: 3459dcc71b884876c8aa707e725b50b5_269
[31mERROR[0m:    [02-07-2026 19:30:45] Failed to send telemetry event CollectionDeleteEvent: capture() takes 1 positional argument but 3 were given
[32mINFO[0m:     [02-07-2026 19:30:45] 127.0.0.1:58567 - "POST /api/v1/collections/04b9833e-32a9-4ce2-877d-ac206ff5d36f/delete HTTP/1.1" 200
[33mWARNING[0m:  [02-07-2026 19:30:45] Delete of nonexisting embedding ID: 3459dcc71b884876c8aa707e725b50b5_42
[33mWARNING[0m:  [02-07-2026 19:30:45] Delete of nonexisting embedding ID: 3459dcc71b884876c8aa707e725b50b5_42
[31mERROR[0m:    [02-07-2026 19:30:45] Failed to send telemetry event CollectionDeleteEvent: capture() takes 1 positional argument but 3 were given
[32mINFO[0m:     [02-07-2026 19:30:45] 127.0.0.1:58567 - "POST /api/v1/collections/04b9833e-32a9-4ce2-877d-ac206ff5d36f/delete HTTP/1.1" 200
[33mWARNING[0m:  [02-07-2026 19:30:45] Delete of nonexisting embedding ID: 3459dcc71b884876c8aa707e725b50b5_335
[33mWARNING[0m:  [02-07-2026 19:30:45] Delete of nonexisting embedding ID: 3459dcc71b884876c8aa707e725b50b5_335
[31mERROR[0m:    [02-07-2026 19:30:46] Failed to send telemetry event CollectionDeleteEvent: capture() takes 1 positional argument but 3 were given
[32mINFO[0m:     [02-07-2026 19:30:46] 127.0.0.1:58567 - "POST /api/v1/collections/04b9833e-32a9-4ce2-877d-ac206ff5d36f/delete HTTP/1.1" 200
[33mWARNING[0m:  [02-07-2026 19:30:46] Delete of nonexisting embedding ID: 3459dcc71b884876c8aa707e725b50b5_389
[33mWARNING[0m:  [02-07-2026 19:30:46] Delete of nonexisting embedding ID: 3459dcc71b884876c8aa707e725b50b5_389
[31mERROR[0m:    [02-07-2026 19:30:46] Failed to send telemetry event CollectionDeleteEvent: capture() takes 1 positional argument but 3 were given
[32mINFO[0m:     [02-07-2026 19:30:46] 127.0.0.1:58567 - "POST /api/v1/collections/04b9833e-32a9-4ce2-877d-ac206ff5d36f/delete HTTP/1.1" 200
[33mWARNING[0m:  [02-07-2026 19:30:46] Delete of nonexisting embedding ID: 3459dcc71b884876c8aa707e725b50b5_310
[33mWARNING[0m:  [02-07-2026 19:30:46] Delete of nonexisting embedding ID: 3459dcc71b884876c8aa707e725b50b5_310
[31mERROR[0m:    [02-07-2026 19:30:46] Failed to send telemetry event CollectionDeleteEvent: capture() takes 1 positional argument but 3 were given
[32mINFO[0m:     [02-07-2026 19:30:46] 127.0.0.1:58567 - "POST /api/v1/collections/04b9833e-32a9-4ce2-877d-ac206ff5d36f/delete HTTP/1.1" 200
[33mWARNING[0m:  [02-07-2026 19:30:46] Delete of nonexisting embedding ID: 3459dcc71b884876c8aa707e725b50b5_195
[33mWARNING[0m:  [02-07-2026 19:30:46] Delete of nonexisting embedding ID: 3459dcc71b884876c8aa707e725b50b5_195
[31mERROR[0m:    [02-07-2026 19:30:46] Failed to send telemetry event CollectionDeleteEvent: capture() takes 1 positional argument but 3 were given
[32mINFO[0m:     [02-07-2026 19:30:46] 127.0.0.1:58567 - "POST /api/v1/collections/04b9833e-32a9-4ce2-877d-ac206ff5d36f/delete HTTP/1.1" 200
[33mWARNING[0m:  [02-07-2026 19:30:46] Delete of nonexisting embedding ID: 3459dcc71b884876c8aa707e725b50b5_191
[33mWARNING[0m:  [02-07-2026 19:30:46] Delete of nonexisting embedding ID: 3459dcc71b884876c8aa707e725b50b5_191
[31mERROR[0m:    [02-07-2026 19:30:46] Failed to send telemetry event CollectionDeleteEvent: capture() takes 1 positional argument but 3 were given
[32mINFO[0m:     [02-07-2026 19:30:46] 127.0.0.1:58567 - "POST /api/v1/collections/04b9833e-32a9-4ce2-877d-ac206ff5d36f/delete HTTP/1.1" 200
[33mWARNING[0m:  [02-07-2026 19:30:46] Delete of nonexisting embedding ID: 3459dcc71b884876c8aa707e725b50b5_371
[33mWARNING[0m:  [02-07-2026 19:30:46] Delete of nonexisting embedding ID: 3459dcc71b884876c8aa707e725b50b5_371
[31mERROR[0m:    [02-07-2026 19:30:46] Failed to send telemetry event CollectionDeleteEvent: capture() takes 1 positional argument but 3 were given
[32mINFO[0m:     [02-07-2026 19:30:46] 127.0.0.1:58567 - "POST /api/v1/collections/04b9833e-32a9-4ce2-877d-ac206ff5d36f/delete HTTP/1.1" 200
[33mWARNING[0m:  [02-07-2026 19:30:46] Delete of nonexisting embedding ID: 3459dcc71b884876c8aa707e725b50b5_409
[33mWARNING[0m:  [02-07-2026 19:30:46] Delete of nonexisting embedding ID: 3459dcc71b884876c8aa707e725b50b5_409
[31mERROR[0m:    [02-07-2026 19:30:47] Failed to send telemetry event CollectionDeleteEvent: capture() takes 1 positional argument but 3 were given
[32mINFO[0m:     [02-07-2026 19:30:47] 127.0.0.1:58567 - "POST /api/v1/collections/04b9833e-32a9-4ce2-877d-ac206ff5d36f/delete HTTP/1.1" 200
[33mWARNING[0m:  [02-07-2026 19:30:47] Delete of nonexisting embedding ID: 3459dcc71b884876c8aa707e725b50b5_37
[33mWARNING[0m:  [02-07-2026 19:30:47] Delete of nonexisting embedding ID: 3459dcc71b884876c8aa707e725b50b5_37
[31mERROR[0m:    [02-07-2026 19:30:47] Failed to send telemetry event CollectionDeleteEvent: capture() takes 1 positional argument but 3 were given
[32mINFO[0m:     [02-07-2026 19:30:47] 127.0.0.1:58567 - "POST /api/v1/collections/04b9833e-32a9-4ce2-877d-ac206ff5d36f/delete HTTP/1.1" 200
[33mWARNING[0m:  [02-07-2026 19:30:47] Delete of nonexisting embedding ID: 3459dcc71b884876c8aa707e725b50b5_211
[33mWARNING[0m:  [02-07-2026 19:30:47] Delete of nonexisting embedding ID: 3459dcc71b884876c8aa707e725b50b5_211
[31mERROR[0m:    [02-07-2026 19:30:47] Failed to send telemetry event CollectionDeleteEvent: capture() takes 1 positional argument but 3 were given
[32mINFO[0m:     [02-07-2026 19:30:47] 127.0.0.1:58567 - "POST /api/v1/collections/04b9833e-32a9-4ce2-877d-ac206ff5d36f/delete HTTP/1.1" 200
[33mWARNING[0m:  [02-07-2026 19:30:47] Delete of nonexisting embedding ID: 3459dcc71b884876c8aa707e725b50b5_260
[33mWARNING[0m:  [02-07-2026 19:30:47] Delete of nonexisting embedding ID: 3459dcc71b884876c8aa707e725b50b5_260
[31mERROR[0m:    [02-07-2026 19:30:47] Failed to send telemetry event CollectionDeleteEvent: capture() takes 1 positional argument but 3 were given
[32mINFO[0m:     [02-07-2026 19:30:47] 127.0.0.1:58567 - "POST /api/v1/collections/04b9833e-32a9-4ce2-877d-ac206ff5d36f/delete HTTP/1.1" 200
[33mWARNING[0m:  [02-07-2026 19:30:47] Delete of nonexisting embedding ID: 3459dcc71b884876c8aa707e725b50b5_43
[33mWARNING[0m:  [02-07-2026 19:30:47] Delete of nonexisting embedding ID: 3459dcc71b884876c8aa707e725b50b5_43
[31mERROR[0m:    [02-07-2026 19:30:47] Failed to send telemetry event CollectionDeleteEvent: capture() takes 1 positional argument but 3 were given
[32mINFO[0m:     [02-07-2026 19:30:47] 127.0.0.1:58567 - "POST /api/v1/collections/04b9833e-32a9-4ce2-877d-ac206ff5d36f/delete HTTP/1.1" 200
[33mWARNING[0m:  [02-07-2026 19:30:47] Delete of nonexisting embedding ID: 3459dcc71b884876c8aa707e725b50b5_275
[33mWARNING[0m:  [02-07-2026 19:30:47] Delete of nonexisting embedding ID: 3459dcc71b884876c8aa707e725b50b5_275
[31mERROR[0m:    [02-07-2026 19:30:47] Failed to send telemetry event CollectionDeleteEvent: capture() takes 1 positional argument but 3 were given
[32mINFO[0m:     [02-07-2026 19:30:47] 127.0.0.1:58567 - "POST /api/v1/collections/04b9833e-32a9-4ce2-877d-ac206ff5d36f/delete HTTP/1.1" 200
[33mWARNING[0m:  [02-07-2026 19:30:47] Delete of nonexisting embedding ID: 3459dcc71b884876c8aa707e725b50b5_385
[33mWARNING[0m:  [02-07-2026 19:30:47] Delete of nonexisting embedding ID: 3459dcc71b884876c8aa707e725b50b5_385
[31mERROR[0m:    [02-07-2026 19:30:48] Failed to send telemetry event CollectionDeleteEvent: capture() takes 1 positional argument but 3 were given
[32mINFO[0m:     [02-07-2026 19:30:48] 127.0.0.1:58567 - "POST /api/v1/collections/04b9833e-32a9-4ce2-877d-ac206ff5d36f/delete HTTP/1.1" 200
[33mWARNING[0m:  [02-07-2026 19:30:48] Delete of nonexisting embedding ID: 3459dcc71b884876c8aa707e725b50b5_67
[33mWARNING[0m:  [02-07-2026 19:30:48] Delete of nonexisting embedding ID: 3459dcc71b884876c8aa707e725b50b5_67
[31mERROR[0m:    [02-07-2026 19:30:48] Failed to send telemetry event CollectionDeleteEvent: capture() takes 1 positional argument but 3 were given
[32mINFO[0m:     [02-07-2026 19:30:48] 127.0.0.1:58567 - "POST /api/v1/collections/04b9833e-32a9-4ce2-877d-ac206ff5d36f/delete HTTP/1.1" 200
[33mWARNING[0m:  [02-07-2026 19:30:48] Delete of nonexisting embedding ID: 3459dcc71b884876c8aa707e725b50b5_254
[33mWARNING[0m:  [02-07-2026 19:30:48] Delete of nonexisting embedding ID: 3459dcc71b884876c8aa707e725b50b5_254
[31mERROR[0m:    [02-07-2026 19:30:48] Failed to send telemetry event CollectionDeleteEvent: capture() takes 1 positional argument but 3 were given
[32mINFO[0m:     [02-07-2026 19:30:48] 127.0.0.1:58567 - "POST /api/v1/collections/04b9833e-32a9-4ce2-877d-ac206ff5d36f/delete HTTP/1.1" 200
[33mWARNING[0m:  [02-07-2026 19:30:48] Delete of nonexisting embedding ID: 3459dcc71b884876c8aa707e725b50b5_281
[33mWARNING[0m:  [02-07-2026 19:30:48] Delete of nonexisting embedding ID: 3459dcc71b884876c8aa707e725b50b5_281
[31mERROR[0m:    [02-07-2026 19:30:48] Failed to send telemetry event CollectionDeleteEvent: capture() takes 1 positional argument but 3 were given
[32mINFO[0m:     [02-07-2026 19:30:48] 127.0.0.1:58567 - "POST /api/v1/collections/04b9833e-32a9-4ce2-877d-ac206ff5d36f/delete HTTP/1.1" 200
[33mWARNING[0m:  [02-07-2026 19:30:48] Delete of nonexisting embedding ID: 3459dcc71b884876c8aa707e725b50b5_251
[33mWARNING[0m:  [02-07-2026 19:30:48] Delete of nonexisting embedding ID: 3459dcc71b884876c8aa707e725b50b5_251
[31mERROR[0m:    [02-07-2026 19:30:48] Failed to send telemetry event CollectionDeleteEvent: capture() takes 1 positional argument but 3 were given
[32mINFO[0m:     [02-07-2026 19:30:48] 127.0.0.1:58567 - "POST /api/v1/collections/04b9833e-32a9-4ce2-877d-ac206ff5d36f/delete HTTP/1.1" 200
[33mWARNING[0m:  [02-07-2026 19:30:48] Delete of nonexisting embedding ID: 3459dcc71b884876c8aa707e725b50b5_78
[33mWARNING[0m:  [02-07-2026 19:30:48] Delete of nonexisting embedding ID: 3459dcc71b884876c8aa707e725b50b5_78
[31mERROR[0m:    [02-07-2026 19:30:48] Failed to send telemetry event CollectionDeleteEvent: capture() takes 1 positional argument but 3 were given
[32mINFO[0m:     [02-07-2026 19:30:48] 127.0.0.1:58567 - "POST /api/v1/collections/04b9833e-32a9-4ce2-877d-ac206ff5d36f/delete HTTP/1.1" 200
[33mWARNING[0m:  [02-07-2026 19:30:48] Delete of nonexisting embedding ID: 3459dcc71b884876c8aa707e725b50b5_261
[33mWARNING[0m:  [02-07-2026 19:30:48] Delete of nonexisting embedding ID: 3459dcc71b884876c8aa707e725b50b5_261
[31mERROR[0m:    [02-07-2026 19:30:48] Failed to send telemetry event CollectionDeleteEvent: capture() takes 1 positional argument but 3 were given
[32mINFO[0m:     [02-07-2026 19:30:48] 127.0.0.1:58567 - "POST /api/v1/collections/04b9833e-32a9-4ce2-877d-ac206ff5d36f/delete HTTP/1.1" 200
[33mWARNING[0m:  [02-07-2026 19:30:48] Delete of nonexisting embedding ID: 3459dcc71b884876c8aa707e725b50b5_402
[33mWARNING[0m:  [02-07-2026 19:30:48] Delete of nonexisting embedding ID: 3459dcc71b884876c8aa707e725b50b5_402
[31mERROR[0m:    [02-07-2026 19:30:49] Failed to send telemetry event CollectionDeleteEvent: capture() takes 1 positional argument but 3 were given
[32mINFO[0m:     [02-07-2026 19:30:49] 127.0.0.1:58567 - "POST /api/v1/collections/04b9833e-32a9-4ce2-877d-ac206ff5d36f/delete HTTP/1.1" 200
[33mWARNING[0m:  [02-07-2026 19:30:49] Delete of nonexisting embedding ID: 3459dcc71b884876c8aa707e725b50b5_329
[33mWARNING[0m:  [02-07-2026 19:30:49] Delete of nonexisting embedding ID: 3459dcc71b884876c8aa707e725b50b5_329
[31mERROR[0m:    [02-07-2026 19:30:49] Failed to send telemetry event CollectionDeleteEvent: capture() takes 1 positional argument but 3 were given
[32mINFO[0m:     [02-07-2026 19:30:49] 127.0.0.1:58567 - "POST /api/v1/collections/04b9833e-32a9-4ce2-877d-ac206ff5d36f/delete HTTP/1.1" 200
[33mWARNING[0m:  [02-07-2026 19:30:49] Delete of nonexisting embedding ID: 3459dcc71b884876c8aa707e725b50b5_199
[33mWARNING[0m:  [02-07-2026 19:30:49] Delete of nonexisting embedding ID: 3459dcc71b884876c8aa707e725b50b5_199
[31mERROR[0m:    [02-07-2026 19:30:49] Failed to send telemetry event CollectionDeleteEvent: capture() takes 1 positional argument but 3 were given
[32mINFO[0m:     [02-07-2026 19:30:49] 127.0.0.1:58567 - "POST /api/v1/collections/04b9833e-32a9-4ce2-877d-ac206ff5d36f/delete HTTP/1.1" 200
[33mWARNING[0m:  [02-07-2026 19:30:49] Delete of nonexisting embedding ID: 3459dcc71b884876c8aa707e725b50b5_0
[33mWARNING[0m:  [02-07-2026 19:30:49] Delete of nonexisting embedding ID: 3459dcc71b884876c8aa707e725b50b5_0
[31mERROR[0m:    [02-07-2026 19:30:49] Failed to send telemetry event CollectionDeleteEvent: capture() takes 1 positional argument but 3 were given
[32mINFO[0m:     [02-07-2026 19:30:49] 127.0.0.1:58567 - "POST /api/v1/collections/04b9833e-32a9-4ce2-877d-ac206ff5d36f/delete HTTP/1.1" 200
[33mWARNING[0m:  [02-07-2026 19:30:49] Delete of nonexisting embedding ID: 3459dcc71b884876c8aa707e725b50b5_328
[33mWARNING[0m:  [02-07-2026 19:30:49] Delete of nonexisting embedding ID: 3459dcc71b884876c8aa707e725b50b5_328
[31mERROR[0m:    [02-07-2026 19:30:50] Failed to send telemetry event CollectionDeleteEvent: capture() takes 1 positional argument but 3 were given
[32mINFO[0m:     [02-07-2026 19:30:50] 127.0.0.1:58567 - "POST /api/v1/collections/04b9833e-32a9-4ce2-877d-ac206ff5d36f/delete HTTP/1.1" 200
[33mWARNING[0m:  [02-07-2026 19:30:50] Delete of nonexisting embedding ID: 3459dcc71b884876c8aa707e725b50b5_312
[33mWARNING[0m:  [02-07-2026 19:30:50] Delete of nonexisting embedding ID: 3459dcc71b884876c8aa707e725b50b5_312
[31mERROR[0m:    [02-07-2026 19:30:50] Failed to send telemetry event CollectionDeleteEvent: capture() takes 1 positional argument but 3 were given
[32mINFO[0m:     [02-07-2026 19:30:50] 127.0.0.1:58567 - "POST /api/v1/collections/04b9833e-32a9-4ce2-877d-ac206ff5d36f/delete HTTP/1.1" 200
[33mWARNING[0m:  [02-07-2026 19:30:50] Delete of nonexisting embedding ID: 3459dcc71b884876c8aa707e725b50b5_274
[33mWARNING[0m:  [02-07-2026 19:30:50] Delete of nonexisting embedding ID: 3459dcc71b884876c8aa707e725b50b5_274
[31mERROR[0m:    [02-07-2026 19:30:50] Failed to send telemetry event CollectionDeleteEvent: capture() takes 1 positional argument but 3 were given
[32mINFO[0m:     [02-07-2026 19:30:50] 127.0.0.1:58567 - "POST /api/v1/collections/04b9833e-32a9-4ce2-877d-ac206ff5d36f/delete HTTP/1.1" 200
[33mWARNING[0m:  [02-07-2026 19:30:50] Delete of nonexisting embedding ID: 3459dcc71b884876c8aa707e725b50b5_287
[33mWARNING[0m:  [02-07-2026 19:30:50] Delete of nonexisting embedding ID: 3459dcc71b884876c8aa707e725b50b5_287
[31mERROR[0m:    [02-07-2026 19:30:50] Failed to send telemetry event CollectionDeleteEvent: capture() takes 1 positional argument but 3 were given
[32mINFO[0m:     [02-07-2026 19:30:50] 127.0.0.1:58567 - "POST /api/v1/collections/04b9833e-32a9-4ce2-877d-ac206ff5d36f/delete HTTP/1.1" 200
[33mWARNING[0m:  [02-07-2026 19:30:50] Delete of nonexisting embedding ID: 3459dcc71b884876c8aa707e725b50b5_396
[33mWARNING[0m:  [02-07-2026 19:30:50] Delete of nonexisting embedding ID: 3459dcc71b884876c8aa707e725b50b5_396
[31mERROR[0m:    [02-07-2026 19:30:50] Failed to send telemetry event CollectionDeleteEvent: capture() takes 1 positional argument but 3 were given
[32mINFO[0m:     [02-07-2026 19:30:50] 127.0.0.1:58567 - "POST /api/v1/collections/04b9833e-32a9-4ce2-877d-ac206ff5d36f/delete HTTP/1.1" 200
[33mWARNING[0m:  [02-07-2026 19:30:50] Delete of nonexisting embedding ID: 3459dcc71b884876c8aa707e725b50b5_178
[33mWARNING[0m:  [02-07-2026 19:30:50] Delete of nonexisting embedding ID: 3459dcc71b884876c8aa707e725b50b5_178
[31mERROR[0m:    [02-07-2026 19:30:50] Failed to send telemetry event CollectionDeleteEvent: capture() takes 1 positional argument but 3 were given
[32mINFO[0m:     [02-07-2026 19:30:50] 127.0.0.1:58567 - "POST /api/v1/collections/04b9833e-32a9-4ce2-877d-ac206ff5d36f/delete HTTP/1.1" 200
[33mWARNING[0m:  [02-07-2026 19:30:50] Delete of nonexisting embedding ID: 3459dcc71b884876c8aa707e725b50b5_215
[33mWARNING[0m:  [02-07-2026 19:30:50] Delete of nonexisting embedding ID: 3459dcc71b884876c8aa707e725b50b5_215
[31mERROR[0m:    [02-07-2026 19:30:50] Failed to send telemetry event CollectionDeleteEvent: capture() takes 1 positional argument but 3 were given
[32mINFO[0m:     [02-07-2026 19:30:50] 127.0.0.1:58567 - "POST /api/v1/collections/04b9833e-32a9-4ce2-877d-ac206ff5d36f/delete HTTP/1.1" 200
[33mWARNING[0m:  [02-07-2026 19:30:50] Delete of nonexisting embedding ID: 3459dcc71b884876c8aa707e725b50b5_356
[33mWARNING[0m:  [02-07-2026 19:30:50] Delete of nonexisting embedding ID: 3459dcc71b884876c8aa707e725b50b5_356
[31mERROR[0m:    [02-07-2026 19:30:51] Failed to send telemetry event CollectionDeleteEvent: capture() takes 1 positional argument but 3 were given
[32mINFO[0m:     [02-07-2026 19:30:51] 127.0.0.1:58567 - "POST /api/v1/collections/04b9833e-32a9-4ce2-877d-ac206ff5d36f/delete HTTP/1.1" 200
[33mWARNING[0m:  [02-07-2026 19:30:51] Delete of nonexisting embedding ID: 3459dcc71b884876c8aa707e725b50b5_322
[33mWARNING[0m:  [02-07-2026 19:30:51] Delete of nonexisting embedding ID: 3459dcc71b884876c8aa707e725b50b5_322
[31mERROR[0m:    [02-07-2026 19:30:51] Failed to send telemetry event CollectionDeleteEvent: capture() takes 1 positional argument but 3 were given
[32mINFO[0m:     [02-07-2026 19:30:51] 127.0.0.1:58567 - "POST /api/v1/collections/04b9833e-32a9-4ce2-877d-ac206ff5d36f/delete HTTP/1.1" 200
[33mWARNING[0m:  [02-07-2026 19:30:51] Delete of nonexisting embedding ID: 3459dcc71b884876c8aa707e725b50b5_349
[33mWARNING[0m:  [02-07-2026 19:30:51] Delete of nonexisting embedding ID: 3459dcc71b884876c8aa707e725b50b5_349
[31mERROR[0m:    [02-07-2026 19:30:51] Failed to send telemetry event CollectionDeleteEvent: capture() takes 1 positional argument but 3 were given
[32mINFO[0m:     [02-07-2026 19:30:51] 127.0.0.1:58567 - "POST /api/v1/collections/04b9833e-32a9-4ce2-877d-ac206ff5d36f/delete HTTP/1.1" 200
[33mWARNING[0m:  [02-07-2026 19:30:51] Delete of nonexisting embedding ID: 3459dcc71b884876c8aa707e725b50b5_184
[33mWARNING[0m:  [02-07-2026 19:30:51] Delete of nonexisting embedding ID: 3459dcc71b884876c8aa707e725b50b5_184
[31mERROR[0m:    [02-07-2026 19:30:51] Failed to send telemetry event CollectionDeleteEvent: capture() takes 1 positional argument but 3 were given
[32mINFO[0m:     [02-07-2026 19:30:51] 127.0.0.1:58567 - "POST /api/v1/collections/04b9833e-32a9-4ce2-877d-ac206ff5d36f/delete HTTP/1.1" 200
[33mWARNING[0m:  [02-07-2026 19:30:51] Delete of nonexisting embedding ID: 3459dcc71b884876c8aa707e725b50b5_272
[33mWARNING[0m:  [02-07-2026 19:30:51] Delete of nonexisting embedding ID: 3459dcc71b884876c8aa707e725b50b5_272
[31mERROR[0m:    [02-07-2026 19:30:51] Failed to send telemetry event CollectionDeleteEvent: capture() takes 1 positional argument but 3 were given
[32mINFO[0m:     [02-07-2026 19:30:51] 127.0.0.1:58567 - "POST /api/v1/collections/04b9833e-32a9-4ce2-877d-ac206ff5d36f/delete HTTP/1.1" 200
[33mWARNING[0m:  [02-07-2026 19:30:51] Delete of nonexisting embedding ID: 3459dcc71b884876c8aa707e725b50b5_327
[33mWARNING[0m:  [02-07-2026 19:30:51] Delete of nonexisting embedding ID: 3459dcc71b884876c8aa707e725b50b5_327
[31mERROR[0m:    [02-07-2026 19:30:51] Failed to send telemetry event CollectionDeleteEvent: capture() takes 1 positional argument but 3 were given
[32mINFO[0m:     [02-07-2026 19:30:51] 127.0.0.1:58567 - "POST /api/v1/collections/04b9833e-32a9-4ce2-877d-ac206ff5d36f/delete HTTP/1.1" 200
[33mWARNING[0m:  [02-07-2026 19:30:51] Delete of nonexisting embedding ID: 3459dcc71b884876c8aa707e725b50b5_243
[33mWARNING[0m:  [02-07-2026 19:30:51] Delete of nonexisting embedding ID: 3459dcc71b884876c8aa707e725b50b5_243
[31mERROR[0m:    [02-07-2026 19:30:51] Failed to send telemetry event CollectionDeleteEvent: capture() takes 1 positional argument but 3 were given
[32mINFO[0m:     [02-07-2026 19:30:51] 127.0.0.1:58567 - "POST /api/v1/collections/04b9833e-32a9-4ce2-877d-ac206ff5d36f/delete HTTP/1.1" 200
[33mWARNING[0m:  [02-07-2026 19:30:51] Delete of nonexisting embedding ID: 3459dcc71b884876c8aa707e725b50b5_227
[33mWARNING[0m:  [02-07-2026 19:30:51] Delete of nonexisting embedding ID: 3459dcc71b884876c8aa707e725b50b5_227
[31mERROR[0m:    [02-07-2026 19:30:52] Failed to send telemetry event CollectionDeleteEvent: capture() takes 1 positional argument but 3 were given
[32mINFO[0m:     [02-07-2026 19:30:52] 127.0.0.1:58567 - "POST /api/v1/collections/04b9833e-32a9-4ce2-877d-ac206ff5d36f/delete HTTP/1.1" 200
[33mWARNING[0m:  [02-07-2026 19:30:52] Delete of nonexisting embedding ID: 3459dcc71b884876c8aa707e725b50b5_277
[33mWARNING[0m:  [02-07-2026 19:30:52] Delete of nonexisting embedding ID: 3459dcc71b884876c8aa707e725b50b5_277
[31mERROR[0m:    [02-07-2026 19:30:52] Failed to send telemetry event CollectionDeleteEvent: capture() takes 1 positional argument but 3 were given
[32mINFO[0m:     [02-07-2026 19:30:52] 127.0.0.1:58567 - "POST /api/v1/collections/04b9833e-32a9-4ce2-877d-ac206ff5d36f/delete HTTP/1.1" 200
[33mWARNING[0m:  [02-07-2026 19:30:52] Delete of nonexisting embedding ID: 3459dcc71b884876c8aa707e725b50b5_218
[33mWARNING[0m:  [02-07-2026 19:30:52] Delete of nonexisting embedding ID: 3459dcc71b884876c8aa707e725b50b5_218
[31mERROR[0m:    [02-07-2026 19:30:52] Failed to send telemetry event CollectionDeleteEvent: capture() takes 1 positional argument but 3 were given
[32mINFO[0m:     [02-07-2026 19:30:52] 127.0.0.1:58567 - "POST /api/v1/collections/04b9833e-32a9-4ce2-877d-ac206ff5d36f/delete HTTP/1.1" 200
[33mWARNING[0m:  [02-07-2026 19:30:52] Delete of nonexisting embedding ID: 3459dcc71b884876c8aa707e725b50b5_378
[33mWARNING[0m:  [02-07-2026 19:30:52] Delete of nonexisting embedding ID: 3459dcc71b884876c8aa707e725b50b5_378
[31mERROR[0m:    [02-07-2026 19:30:52] Failed to send telemetry event CollectionDeleteEvent: capture() takes 1 positional argument but 3 were given
[32mINFO[0m:     [02-07-2026 19:30:52] 127.0.0.1:58567 - "POST /api/v1/collections/04b9833e-32a9-4ce2-877d-ac206ff5d36f/delete HTTP/1.1" 200
[33mWARNING[0m:  [02-07-2026 19:30:52] Delete of nonexisting embedding ID: 3459dcc71b884876c8aa707e725b50b5_284
[33mWARNING[0m:  [02-07-2026 19:30:52] Delete of nonexisting embedding ID: 3459dcc71b884876c8aa707e725b50b5_284
[31mERROR[0m:    [02-07-2026 19:30:52] Failed to send telemetry event CollectionDeleteEvent: capture() takes 1 positional argument but 3 were given
[32mINFO[0m:     [02-07-2026 19:30:52] 127.0.0.1:58567 - "POST /api/v1/collections/04b9833e-32a9-4ce2-877d-ac206ff5d36f/delete HTTP/1.1" 200
[33mWARNING[0m:  [02-07-2026 19:30:52] Delete of nonexisting embedding ID: 3459dcc71b884876c8aa707e725b50b5_366
[33mWARNING[0m:  [02-07-2026 19:30:52] Delete of nonexisting embedding ID: 3459dcc71b884876c8aa707e725b50b5_366
[31mERROR[0m:    [02-07-2026 19:30:52] Failed to send telemetry event CollectionDeleteEvent: capture() takes 1 positional argument but 3 were given
[32mINFO[0m:     [02-07-2026 19:30:52] 127.0.0.1:58567 - "POST /api/v1/collections/04b9833e-32a9-4ce2-877d-ac206ff5d36f/delete HTTP/1.1" 200
[33mWARNING[0m:  [02-07-2026 19:30:52] Delete of nonexisting embedding ID: 3459dcc71b884876c8aa707e725b50b5_315
[33mWARNING[0m:  [02-07-2026 19:30:52] Delete of nonexisting embedding ID: 3459dcc71b884876c8aa707e725b50b5_315
[31mERROR[0m:    [02-07-2026 19:30:52] Failed to send telemetry event CollectionDeleteEvent: capture() takes 1 positional argument but 3 were given
[32mINFO[0m:     [02-07-2026 19:30:52] 127.0.0.1:58567 - "POST /api/v1/collections/04b9833e-32a9-4ce2-877d-ac206ff5d36f/delete HTTP/1.1" 200
[33mWARNING[0m:  [02-07-2026 19:30:52] Delete of nonexisting embedding ID: 3459dcc71b884876c8aa707e725b50b5_279
[33mWARNING[0m:  [02-07-2026 19:30:52] Delete of nonexisting embedding ID: 3459dcc71b884876c8aa707e725b50b5_279
[31mERROR[0m:    [02-07-2026 19:30:53] Failed to send telemetry event CollectionDeleteEvent: capture() takes 1 positional argument but 3 were given
[32mINFO[0m:     [02-07-2026 19:30:53] 127.0.0.1:58567 - "POST /api/v1/collections/04b9833e-32a9-4ce2-877d-ac206ff5d36f/delete HTTP/1.1" 200
[33mWARNING[0m:  [02-07-2026 19:30:53] Delete of nonexisting embedding ID: 3459dcc71b884876c8aa707e725b50b5_258
[33mWARNING[0m:  [02-07-2026 19:30:53] Delete of nonexisting embedding ID: 3459dcc71b884876c8aa707e725b50b5_258
[31mERROR[0m:    [02-07-2026 19:30:53] Failed to send telemetry event CollectionDeleteEvent: capture() takes 1 positional argument but 3 were given
[32mINFO[0m:     [02-07-2026 19:30:53] 127.0.0.1:58567 - "POST /api/v1/collections/04b9833e-32a9-4ce2-877d-ac206ff5d36f/delete HTTP/1.1" 200
[33mWARNING[0m:  [02-07-2026 19:30:53] Delete of nonexisting embedding ID: 3459dcc71b884876c8aa707e725b50b5_8
[33mWARNING[0m:  [02-07-2026 19:30:53] Delete of nonexisting embedding ID: 3459dcc71b884876c8aa707e725b50b5_8
[31mERROR[0m:    [02-07-2026 19:30:53] Failed to send telemetry event CollectionDeleteEvent: capture() takes 1 positional argument but 3 were given
[32mINFO[0m:     [02-07-2026 19:30:53] 127.0.0.1:58567 - "POST /api/v1/collections/04b9833e-32a9-4ce2-877d-ac206ff5d36f/delete HTTP/1.1" 200
[33mWARNING[0m:  [02-07-2026 19:30:53] Delete of nonexisting embedding ID: 3459dcc71b884876c8aa707e725b50b5_318
[33mWARNING[0m:  [02-07-2026 19:30:53] Delete of nonexisting embedding ID: 3459dcc71b884876c8aa707e725b50b5_318
[31mERROR[0m:    [02-07-2026 19:30:53] Failed to send telemetry event CollectionDeleteEvent: capture() takes 1 positional argument but 3 were given
[32mINFO[0m:     [02-07-2026 19:30:53] 127.0.0.1:58567 - "POST /api/v1/collections/04b9833e-32a9-4ce2-877d-ac206ff5d36f/delete HTTP/1.1" 200
[33mWARNING[0m:  [02-07-2026 19:30:53] Delete of nonexisting embedding ID: 3459dcc71b884876c8aa707e725b50b5_68
[33mWARNING[0m:  [02-07-2026 19:30:53] Delete of nonexisting embedding ID: 3459dcc71b884876c8aa707e725b50b5_68
[31mERROR[0m:    [02-07-2026 19:30:53] Failed to send telemetry event CollectionDeleteEvent: capture() takes 1 positional argument but 3 were given
[32mINFO[0m:     [02-07-2026 19:30:53] 127.0.0.1:58567 - "POST /api/v1/collections/04b9833e-32a9-4ce2-877d-ac206ff5d36f/delete HTTP/1.1" 200
[33mWARNING[0m:  [02-07-2026 19:30:53] Delete of nonexisting embedding ID: 3459dcc71b884876c8aa707e725b50b5_35
[33mWARNING[0m:  [02-07-2026 19:30:53] Delete of nonexisting embedding ID: 3459dcc71b884876c8aa707e725b50b5_35
[31mERROR[0m:    [02-07-2026 19:30:53] Failed to send telemetry event CollectionDeleteEvent: capture() takes 1 positional argument but 3 were given
[32mINFO[0m:     [02-07-2026 19:30:53] 127.0.0.1:58567 - "POST /api/v1/collections/04b9833e-32a9-4ce2-877d-ac206ff5d36f/delete HTTP/1.1" 200
[33mWARNING[0m:  [02-07-2026 19:30:53] Delete of nonexisting embedding ID: 3459dcc71b884876c8aa707e725b50b5_66
[33mWARNING[0m:  [02-07-2026 19:30:53] Delete of nonexisting embedding ID: 3459dcc71b884876c8aa707e725b50b5_66
[31mERROR[0m:    [02-07-2026 19:30:54] Failed to send telemetry event CollectionDeleteEvent: capture() takes 1 positional argument but 3 were given
[32mINFO[0m:     [02-07-2026 19:30:54] 127.0.0.1:58567 - "POST /api/v1/collections/04b9833e-32a9-4ce2-877d-ac206ff5d36f/delete HTTP/1.1" 200
[33mWARNING[0m:  [02-07-2026 19:30:54] Delete of nonexisting embedding ID: 3459dcc71b884876c8aa707e725b50b5_381
[33mWARNING[0m:  [02-07-2026 19:30:54] Delete of nonexisting embedding ID: 3459dcc71b884876c8aa707e725b50b5_381
[31mERROR[0m:    [02-07-2026 19:30:54] Failed to send telemetry event CollectionDeleteEvent: capture() takes 1 positional argument but 3 were given
[32mINFO[0m:     [02-07-2026 19:30:54] 127.0.0.1:58567 - "POST /api/v1/collections/04b9833e-32a9-4ce2-877d-ac206ff5d36f/delete HTTP/1.1" 200
[33mWARNING[0m:  [02-07-2026 19:30:54] Delete of nonexisting embedding ID: 3459dcc71b884876c8aa707e725b50b5_216
[33mWARNING[0m:  [02-07-2026 19:30:54] Delete of nonexisting embedding ID: 3459dcc71b884876c8aa707e725b50b5_216
[31mERROR[0m:    [02-07-2026 19:30:54] Failed to send telemetry event CollectionDeleteEvent: capture() takes 1 positional argument but 3 were given
[32mINFO[0m:     [02-07-2026 19:30:54] 127.0.0.1:58567 - "POST /api/v1/collections/04b9833e-32a9-4ce2-877d-ac206ff5d36f/delete HTTP/1.1" 200
[33mWARNING[0m:  [02-07-2026 19:30:54] Delete of nonexisting embedding ID: 3459dcc71b884876c8aa707e725b50b5_145
[33mWARNING[0m:  [02-07-2026 19:30:54] Delete of nonexisting embedding ID: 3459dcc71b884876c8aa707e725b50b5_145
[31mERROR[0m:    [02-07-2026 19:30:54] Failed to send telemetry event CollectionDeleteEvent: capture() takes 1 positional argument but 3 were given
[32mINFO[0m:     [02-07-2026 19:30:54] 127.0.0.1:58567 - "POST /api/v1/collections/04b9833e-32a9-4ce2-877d-ac206ff5d36f/delete HTTP/1.1" 200
[33mWARNING[0m:  [02-07-2026 19:30:54] Delete of nonexisting embedding ID: 3459dcc71b884876c8aa707e725b50b5_116
[33mWARNING[0m:  [02-07-2026 19:30:54] Delete of nonexisting embedding ID: 3459dcc71b884876c8aa707e725b50b5_116
[31mERROR[0m:    [02-07-2026 19:30:54] Failed to send telemetry event CollectionDeleteEvent: capture() takes 1 positional argument but 3 were given
[32mINFO[0m:     [02-07-2026 19:30:54] 127.0.0.1:58567 - "POST /api/v1/collections/04b9833e-32a9-4ce2-877d-ac206ff5d36f/delete HTTP/1.1" 200
[33mWARNING[0m:  [02-07-2026 19:30:54] Delete of nonexisting embedding ID: 3459dcc71b884876c8aa707e725b50b5_252
[33mWARNING[0m:  [02-07-2026 19:30:54] Delete of nonexisting embedding ID: 3459dcc71b884876c8aa707e725b50b5_252
[31mERROR[0m:    [02-07-2026 19:30:54] Failed to send telemetry event CollectionDeleteEvent: capture() takes 1 positional argument but 3 were given
[32mINFO[0m:     [02-07-2026 19:30:54] 127.0.0.1:58567 - "POST /api/v1/collections/04b9833e-32a9-4ce2-877d-ac206ff5d36f/delete HTTP/1.1" 200
[33mWARNING[0m:  [02-07-2026 19:30:54] Delete of nonexisting embedding ID: 3459dcc71b884876c8aa707e725b50b5_4
[33mWARNING[0m:  [02-07-2026 19:30:54] Delete of nonexisting embedding ID: 3459dcc71b884876c8aa707e725b50b5_4
[31mERROR[0m:    [02-07-2026 19:30:55] Failed to send telemetry event CollectionDeleteEvent: capture() takes 1 positional argument but 3 were given
[32mINFO[0m:     [02-07-2026 19:30:55] 127.0.0.1:58567 - "POST /api/v1/collections/04b9833e-32a9-4ce2-877d-ac206ff5d36f/delete HTTP/1.1" 200
[33mWARNING[0m:  [02-07-2026 19:30:55] Delete of nonexisting embedding ID: 3459dcc71b884876c8aa707e725b50b5_83
[33mWARNING[0m:  [02-07-2026 19:30:55] Delete of nonexisting embedding ID: 3459dcc71b884876c8aa707e725b50b5_83
[31mERROR[0m:    [02-07-2026 19:30:55] Failed to send telemetry event CollectionDeleteEvent: capture() takes 1 positional argument but 3 were given
[32mINFO[0m:     [02-07-2026 19:30:55] 127.0.0.1:58567 - "POST /api/v1/collections/04b9833e-32a9-4ce2-877d-ac206ff5d36f/delete HTTP/1.1" 200
[33mWARNING[0m:  [02-07-2026 19:30:55] Delete of nonexisting embedding ID: 3459dcc71b884876c8aa707e725b50b5_163
[33mWARNING[0m:  [02-07-2026 19:30:55] Delete of nonexisting embedding ID: 3459dcc71b884876c8aa707e725b50b5_163
[31mERROR[0m:    [02-07-2026 19:30:55] Failed to send telemetry event CollectionDeleteEvent: capture() takes 1 positional argument but 3 were given
[32mINFO[0m:     [02-07-2026 19:30:55] 127.0.0.1:58567 - "POST /api/v1/collections/04b9833e-32a9-4ce2-877d-ac206ff5d36f/delete HTTP/1.1" 200
[33mWARNING[0m:  [02-07-2026 19:30:55] Delete of nonexisting embedding ID: 3459dcc71b884876c8aa707e725b50b5_100
[33mWARNING[0m:  [02-07-2026 19:30:55] Delete of nonexisting embedding ID: 3459dcc71b884876c8aa707e725b50b5_100
[31mERROR[0m:    [02-07-2026 19:30:55] Failed to send telemetry event CollectionDeleteEvent: capture() takes 1 positional argument but 3 were given
[32mINFO[0m:     [02-07-2026 19:30:55] 127.0.0.1:58567 - "POST /api/v1/collections/04b9833e-32a9-4ce2-877d-ac206ff5d36f/delete HTTP/1.1" 200
[33mWARNING[0m:  [02-07-2026 19:30:55] Delete of nonexisting embedding ID: 3459dcc71b884876c8aa707e725b50b5_75
[33mWARNING[0m:  [02-07-2026 19:30:55] Delete of nonexisting embedding ID: 3459dcc71b884876c8aa707e725b50b5_75
[31mERROR[0m:    [02-07-2026 19:30:55] Failed to send telemetry event CollectionDeleteEvent: capture() takes 1 positional argument but 3 were given
[32mINFO[0m:     [02-07-2026 19:30:55] 127.0.0.1:58567 - "POST /api/v1/collections/04b9833e-32a9-4ce2-877d-ac206ff5d36f/delete HTTP/1.1" 200
[33mWARNING[0m:  [02-07-2026 19:30:55] Delete of nonexisting embedding ID: 3459dcc71b884876c8aa707e725b50b5_267
[33mWARNING[0m:  [02-07-2026 19:30:55] Delete of nonexisting embedding ID: 3459dcc71b884876c8aa707e725b50b5_267
[31mERROR[0m:    [02-07-2026 19:30:55] Failed to send telemetry event CollectionDeleteEvent: capture() takes 1 positional argument but 3 were given
[32mINFO[0m:     [02-07-2026 19:30:55] 127.0.0.1:58567 - "POST /api/v1/collections/04b9833e-32a9-4ce2-877d-ac206ff5d36f/delete HTTP/1.1" 200
[33mWARNING[0m:  [02-07-2026 19:30:55] Delete of nonexisting embedding ID: 3459dcc71b884876c8aa707e725b50b5_311
[33mWARNING[0m:  [02-07-2026 19:30:55] Delete of nonexisting embedding ID: 3459dcc71b884876c8aa707e725b50b5_311
[31mERROR[0m:    [02-07-2026 19:30:55] Failed to send telemetry event CollectionDeleteEvent: capture() takes 1 positional argument but 3 were given
[32mINFO[0m:     [02-07-2026 19:30:55] 127.0.0.1:58567 - "POST /api/v1/collections/04b9833e-32a9-4ce2-877d-ac206ff5d36f/delete HTTP/1.1" 200
[33mWARNING[0m:  [02-07-2026 19:30:55] Delete of nonexisting embedding ID: 3459dcc71b884876c8aa707e725b50b5_293
[33mWARNING[0m:  [02-07-2026 19:30:55] Delete of nonexisting embedding ID: 3459dcc71b884876c8aa707e725b50b5_293
[31mERROR[0m:    [02-07-2026 19:30:55] Failed to send telemetry event CollectionDeleteEvent: capture() takes 1 positional argument but 3 were given
[32mINFO[0m:     [02-07-2026 19:30:55] 127.0.0.1:58567 - "POST /api/v1/collections/04b9833e-32a9-4ce2-877d-ac206ff5d36f/delete HTTP/1.1" 200
[33mWARNING[0m:  [02-07-2026 19:30:55] Delete of nonexisting embedding ID: 3459dcc71b884876c8aa707e725b50b5_355
[33mWARNING[0m:  [02-07-2026 19:30:55] Delete of nonexisting embedding ID: 3459dcc71b884876c8aa707e725b50b5_355
[31mERROR[0m:    [02-07-2026 19:30:56] Failed to send telemetry event CollectionDeleteEvent: capture() takes 1 positional argument but 3 were given
[32mINFO[0m:     [02-07-2026 19:30:56] 127.0.0.1:58567 - "POST /api/v1/collections/04b9833e-32a9-4ce2-877d-ac206ff5d36f/delete HTTP/1.1" 200
[33mWARNING[0m:  [02-07-2026 19:30:56] Delete of nonexisting embedding ID: 3459dcc71b884876c8aa707e725b50b5_158
[33mWARNING[0m:  [02-07-2026 19:30:56] Delete of nonexisting embedding ID: 3459dcc71b884876c8aa707e725b50b5_158
[31mERROR[0m:    [02-07-2026 19:30:57] Failed to send telemetry event CollectionDeleteEvent: capture() takes 1 positional argument but 3 were given
[32mINFO[0m:     [02-07-2026 19:30:57] 127.0.0.1:58567 - "POST /api/v1/collections/04b9833e-32a9-4ce2-877d-ac206ff5d36f/delete HTTP/1.1" 200
[33mWARNING[0m:  [02-07-2026 19:30:57] Delete of nonexisting embedding ID: 3459dcc71b884876c8aa707e725b50b5_296
[33mWARNING[0m:  [02-07-2026 19:30:57] Delete of nonexisting embedding ID: 3459dcc71b884876c8aa707e725b50b5_296
[31mERROR[0m:    [02-07-2026 19:30:57] Failed to send telemetry event CollectionDeleteEvent: capture() takes 1 positional argument but 3 were given
[32mINFO[0m:     [02-07-2026 19:30:57] 127.0.0.1:58567 - "POST /api/v1/collections/04b9833e-32a9-4ce2-877d-ac206ff5d36f/delete HTTP/1.1" 200
[33mWARNING[0m:  [02-07-2026 19:30:57] Delete of nonexisting embedding ID: 3459dcc71b884876c8aa707e725b50b5_390
[33mWARNING[0m:  [02-07-2026 19:30:57] Delete of nonexisting embedding ID: 3459dcc71b884876c8aa707e725b50b5_390
[31mERROR[0m:    [02-07-2026 19:30:57] Failed to send telemetry event CollectionDeleteEvent: capture() takes 1 positional argument but 3 were given
[32mINFO[0m:     [02-07-2026 19:30:57] 127.0.0.1:58567 - "POST /api/v1/collections/04b9833e-32a9-4ce2-877d-ac206ff5d36f/delete HTTP/1.1" 200
[33mWARNING[0m:  [02-07-2026 19:30:57] Delete of nonexisting embedding ID: 3459dcc71b884876c8aa707e725b50b5_263
[33mWARNING[0m:  [02-07-2026 19:30:57] Delete of nonexisting embedding ID: 3459dcc71b884876c8aa707e725b50b5_263
[31mERROR[0m:    [02-07-2026 19:30:57] Failed to send telemetry event CollectionDeleteEvent: capture() takes 1 positional argument but 3 were given
[32mINFO[0m:     [02-07-2026 19:30:57] 127.0.0.1:58567 - "POST /api/v1/collections/04b9833e-32a9-4ce2-877d-ac206ff5d36f/delete HTTP/1.1" 200
[33mWARNING[0m:  [02-07-2026 19:30:57] Delete of nonexisting embedding ID: 3459dcc71b884876c8aa707e725b50b5_20
[33mWARNING[0m:  [02-07-2026 19:30:57] Delete of nonexisting embedding ID: 3459dcc71b884876c8aa707e725b50b5_20
[31mERROR[0m:    [02-07-2026 19:30:57] Failed to send telemetry event CollectionDeleteEvent: capture() takes 1 positional argument but 3 were given
[32mINFO[0m:     [02-07-2026 19:30:57] 127.0.0.1:58567 - "POST /api/v1/collections/04b9833e-32a9-4ce2-877d-ac206ff5d36f/delete HTTP/1.1" 200
[33mWARNING[0m:  [02-07-2026 19:30:57] Delete of nonexisting embedding ID: 3459dcc71b884876c8aa707e725b50b5_278
[33mWARNING[0m:  [02-07-2026 19:30:57] Delete of nonexisting embedding ID: 3459dcc71b884876c8aa707e725b50b5_278
[31mERROR[0m:    [02-07-2026 19:30:57] Failed to send telemetry event CollectionDeleteEvent: capture() takes 1 positional argument but 3 were given
[32mINFO[0m:     [02-07-2026 19:30:57] 127.0.0.1:58567 - "POST /api/v1/collections/04b9833e-32a9-4ce2-877d-ac206ff5d36f/delete HTTP/1.1" 200
[33mWARNING[0m:  [02-07-2026 19:30:57] Delete of nonexisting embedding ID: 3459dcc71b884876c8aa707e725b50b5_123
[33mWARNING[0m:  [02-07-2026 19:30:57] Delete of nonexisting embedding ID: 3459dcc71b884876c8aa707e725b50b5_123
[31mERROR[0m:    [02-07-2026 19:30:58] Failed to send telemetry event CollectionDeleteEvent: capture() takes 1 positional argument but 3 were given
[32mINFO[0m:     [02-07-2026 19:30:58] 127.0.0.1:58567 - "POST /api/v1/collections/04b9833e-32a9-4ce2-877d-ac206ff5d36f/delete HTTP/1.1" 200
[33mWARNING[0m:  [02-07-2026 19:30:58] Delete of nonexisting embedding ID: 3459dcc71b884876c8aa707e725b50b5_74
[33mWARNING[0m:  [02-07-2026 19:30:58] Delete of nonexisting embedding ID: 3459dcc71b884876c8aa707e725b50b5_74
[31mERROR[0m:    [02-07-2026 19:30:58] Failed to send telemetry event CollectionDeleteEvent: capture() takes 1 positional argument but 3 were given
[32mINFO[0m:     [02-07-2026 19:30:58] 127.0.0.1:58567 - "POST /api/v1/collections/04b9833e-32a9-4ce2-877d-ac206ff5d36f/delete HTTP/1.1" 200
[33mWARNING[0m:  [02-07-2026 19:30:58] Delete of nonexisting embedding ID: 3459dcc71b884876c8aa707e725b50b5_361
[33mWARNING[0m:  [02-07-2026 19:30:58] Delete of nonexisting embedding ID: 3459dcc71b884876c8aa707e725b50b5_361
[31mERROR[0m:    [02-07-2026 19:30:58] Failed to send telemetry event CollectionDeleteEvent: capture() takes 1 positional argument but 3 were given
[32mINFO[0m:     [02-07-2026 19:30:58] 127.0.0.1:58567 - "POST /api/v1/collections/04b9833e-32a9-4ce2-877d-ac206ff5d36f/delete HTTP/1.1" 200
[33mWARNING[0m:  [02-07-2026 19:30:58] Delete of nonexisting embedding ID: 3459dcc71b884876c8aa707e725b50b5_188
[33mWARNING[0m:  [02-07-2026 19:30:58] Delete of nonexisting embedding ID: 3459dcc71b884876c8aa707e725b50b5_188
[31mERROR[0m:    [02-07-2026 19:30:58] Failed to send telemetry event CollectionDeleteEvent: capture() takes 1 positional argument but 3 were given
[32mINFO[0m:     [02-07-2026 19:30:58] 127.0.0.1:58567 - "POST /api/v1/collections/04b9833e-32a9-4ce2-877d-ac206ff5d36f/delete HTTP/1.1" 200
[33mWARNING[0m:  [02-07-2026 19:30:58] Delete of nonexisting embedding ID: 3459dcc71b884876c8aa707e725b50b5_209
[33mWARNING[0m:  [02-07-2026 19:30:58] Delete of nonexisting embedding ID: 3459dcc71b884876c8aa707e725b50b5_209
[31mERROR[0m:    [02-07-2026 19:30:58] Failed to send telemetry event CollectionDeleteEvent: capture() takes 1 positional argument but 3 were given
[32mINFO[0m:     [02-07-2026 19:30:58] 127.0.0.1:58567 - "POST /api/v1/collections/04b9833e-32a9-4ce2-877d-ac206ff5d36f/delete HTTP/1.1" 200
[33mWARNING[0m:  [02-07-2026 19:30:58] Delete of nonexisting embedding ID: 3459dcc71b884876c8aa707e725b50b5_253
[33mWARNING[0m:  [02-07-2026 19:30:58] Delete of nonexisting embedding ID: 3459dcc71b884876c8aa707e725b50b5_253
[31mERROR[0m:    [02-07-2026 19:30:58] Failed to send telemetry event CollectionDeleteEvent: capture() takes 1 positional argument but 3 were given
[32mINFO[0m:     [02-07-2026 19:30:58] 127.0.0.1:58567 - "POST /api/v1/collections/04b9833e-32a9-4ce2-877d-ac206ff5d36f/delete HTTP/1.1" 200
[33mWARNING[0m:  [02-07-2026 19:30:58] Delete of nonexisting embedding ID: 3459dcc71b884876c8aa707e725b50b5_64
[33mWARNING[0m:  [02-07-2026 19:30:58] Delete of nonexisting embedding ID: 3459dcc71b884876c8aa707e725b50b5_64
[31mERROR[0m:    [02-07-2026 19:30:59] Failed to send telemetry event CollectionDeleteEvent: capture() takes 1 positional argument but 3 were given
[32mINFO[0m:     [02-07-2026 19:30:59] 127.0.0.1:58567 - "POST /api/v1/collections/04b9833e-32a9-4ce2-877d-ac206ff5d36f/delete HTTP/1.1" 200
[33mWARNING[0m:  [02-07-2026 19:30:59] Delete of nonexisting embedding ID: 3459dcc71b884876c8aa707e725b50b5_200
[33mWARNING[0m:  [02-07-2026 19:30:59] Delete of nonexisting embedding ID: 3459dcc71b884876c8aa707e725b50b5_200
[31mERROR[0m:    [02-07-2026 19:30:59] Failed to send telemetry event CollectionDeleteEvent: capture() takes 1 positional argument but 3 were given
[32mINFO[0m:     [02-07-2026 19:30:59] 127.0.0.1:58567 - "POST /api/v1/collections/04b9833e-32a9-4ce2-877d-ac206ff5d36f/delete HTTP/1.1" 200
[33mWARNING[0m:  [02-07-2026 19:30:59] Delete of nonexisting embedding ID: 3459dcc71b884876c8aa707e725b50b5_175
[33mWARNING[0m:  [02-07-2026 19:30:59] Delete of nonexisting embedding ID: 3459dcc71b884876c8aa707e725b50b5_175
[31mERROR[0m:    [02-07-2026 19:30:59] Failed to send telemetry event CollectionDeleteEvent: capture() takes 1 positional argument but 3 were given
[32mINFO[0m:     [02-07-2026 19:30:59] 127.0.0.1:58567 - "POST /api/v1/collections/04b9833e-32a9-4ce2-877d-ac206ff5d36f/delete HTTP/1.1" 200
[33mWARNING[0m:  [02-07-2026 19:30:59] Delete of nonexisting embedding ID: 3459dcc71b884876c8aa707e725b50b5_222
[33mWARNING[0m:  [02-07-2026 19:30:59] Delete of nonexisting embedding ID: 3459dcc71b884876c8aa707e725b50b5_222
[31mERROR[0m:    [02-07-2026 19:30:59] Failed to send telemetry event CollectionDeleteEvent: capture() takes 1 positional argument but 3 were given
[32mINFO[0m:     [02-07-2026 19:30:59] 127.0.0.1:58567 - "POST /api/v1/collections/04b9833e-32a9-4ce2-877d-ac206ff5d36f/delete HTTP/1.1" 200
[33mWARNING[0m:  [02-07-2026 19:30:59] Delete of nonexisting embedding ID: 3459dcc71b884876c8aa707e725b50b5_319
[33mWARNING[0m:  [02-07-2026 19:30:59] Delete of nonexisting embedding ID: 3459dcc71b884876c8aa707e725b50b5_319
[31mERROR[0m:    [02-07-2026 19:30:59] Failed to send telemetry event CollectionDeleteEvent: capture() takes 1 positional argument but 3 were given
[32mINFO[0m:     [02-07-2026 19:30:59] 127.0.0.1:58567 - "POST /api/v1/collections/04b9833e-32a9-4ce2-877d-ac206ff5d36f/delete HTTP/1.1" 200
[33mWARNING[0m:  [02-07-2026 19:30:59] Delete of nonexisting embedding ID: 3459dcc71b884876c8aa707e725b50b5_306
[33mWARNING[0m:  [02-07-2026 19:30:59] Delete of nonexisting embedding ID: 3459dcc71b884876c8aa707e725b50b5_306
[31mERROR[0m:    [02-07-2026 19:30:59] Failed to send telemetry event CollectionDeleteEvent: capture() takes 1 positional argument but 3 were given
[32mINFO[0m:     [02-07-2026 19:30:59] 127.0.0.1:58567 - "POST /api/v1/collections/04b9833e-32a9-4ce2-877d-ac206ff5d36f/delete HTTP/1.1" 200
[33mWARNING[0m:  [02-07-2026 19:30:59] Delete of nonexisting embedding ID: 3459dcc71b884876c8aa707e725b50b5_370
[33mWARNING[0m:  [02-07-2026 19:30:59] Delete of nonexisting embedding ID: 3459dcc71b884876c8aa707e725b50b5_370
[31mERROR[0m:    [02-07-2026 19:31:00] Failed to send telemetry event CollectionDeleteEvent: capture() takes 1 positional argument but 3 were given
[32mINFO[0m:     [02-07-2026 19:31:00] 127.0.0.1:58567 - "POST /api/v1/collections/04b9833e-32a9-4ce2-877d-ac206ff5d36f/delete HTTP/1.1" 200
[33mWARNING[0m:  [02-07-2026 19:31:00] Delete of nonexisting embedding ID: 3459dcc71b884876c8aa707e725b50b5_348
[33mWARNING[0m:  [02-07-2026 19:31:00] Delete of nonexisting embedding ID: 3459dcc71b884876c8aa707e725b50b5_348
[31mERROR[0m:    [02-07-2026 19:31:00] Failed to send telemetry event CollectionDeleteEvent: capture() takes 1 positional argument but 3 were given
[32mINFO[0m:     [02-07-2026 19:31:00] 127.0.0.1:58567 - "POST /api/v1/collections/04b9833e-32a9-4ce2-877d-ac206ff5d36f/delete HTTP/1.1" 200
[33mWARNING[0m:  [02-07-2026 19:31:00] Delete of nonexisting embedding ID: 3459dcc71b884876c8aa707e725b50b5_193
[33mWARNING[0m:  [02-07-2026 19:31:00] Delete of nonexisting embedding ID: 3459dcc71b884876c8aa707e725b50b5_193
[31mERROR[0m:    [02-07-2026 19:31:00] Failed to send telemetry event CollectionDeleteEvent: capture() takes 1 positional argument but 3 were given
[32mINFO[0m:     [02-07-2026 19:31:00] 127.0.0.1:58567 - "POST /api/v1/collections/04b9833e-32a9-4ce2-877d-ac206ff5d36f/delete HTTP/1.1" 200
[33mWARNING[0m:  [02-07-2026 19:31:00] Delete of nonexisting embedding ID: 3459dcc71b884876c8aa707e725b50b5_226
[33mWARNING[0m:  [02-07-2026 19:31:00] Delete of nonexisting embedding ID: 3459dcc71b884876c8aa707e725b50b5_226
[31mERROR[0m:    [02-07-2026 19:31:00] Failed to send telemetry event CollectionDeleteEvent: capture() takes 1 positional argument but 3 were given
[32mINFO[0m:     [02-07-2026 19:31:00] 127.0.0.1:58567 - "POST /api/v1/collections/04b9833e-32a9-4ce2-877d-ac206ff5d36f/delete HTTP/1.1" 200
[33mWARNING[0m:  [02-07-2026 19:31:00] Delete of nonexisting embedding ID: 3459dcc71b884876c8aa707e725b50b5_12
[33mWARNING[0m:  [02-07-2026 19:31:00] Delete of nonexisting embedding ID: 3459dcc71b884876c8aa707e725b50b5_12
[31mERROR[0m:    [02-07-2026 19:31:01] Failed to send telemetry event CollectionDeleteEvent: capture() takes 1 positional argument but 3 were given
[32mINFO[0m:     [02-07-2026 19:31:01] 127.0.0.1:58567 - "POST /api/v1/collections/04b9833e-32a9-4ce2-877d-ac206ff5d36f/delete HTTP/1.1" 200
[33mWARNING[0m:  [02-07-2026 19:31:01] Delete of nonexisting embedding ID: 3459dcc71b884876c8aa707e725b50b5_343
[33mWARNING[0m:  [02-07-2026 19:31:01] Delete of nonexisting embedding ID: 3459dcc71b884876c8aa707e725b50b5_343
[31mERROR[0m:    [02-07-2026 19:31:01] Failed to send telemetry event CollectionDeleteEvent: capture() takes 1 positional argument but 3 were given
[32mINFO[0m:     [02-07-2026 19:31:01] 127.0.0.1:58567 - "POST /api/v1/collections/04b9833e-32a9-4ce2-877d-ac206ff5d36f/delete HTTP/1.1" 200
[33mWARNING[0m:  [02-07-2026 19:31:01] Delete of nonexisting embedding ID: 3459dcc71b884876c8aa707e725b50b5_31
[33mWARNING[0m:  [02-07-2026 19:31:01] Delete of nonexisting embedding ID: 3459dcc71b884876c8aa707e725b50b5_31
[31mERROR[0m:    [02-07-2026 19:31:01] Failed to send telemetry event CollectionDeleteEvent: capture() takes 1 positional argument but 3 were given
[32mINFO[0m:     [02-07-2026 19:31:01] 127.0.0.1:58567 - "POST /api/v1/collections/04b9833e-32a9-4ce2-877d-ac206ff5d36f/delete HTTP/1.1" 200
[33mWARNING[0m:  [02-07-2026 19:31:01] Delete of nonexisting embedding ID: 3459dcc71b884876c8aa707e725b50b5_186
[33mWARNING[0m:  [02-07-2026 19:31:01] Delete of nonexisting embedding ID: 3459dcc71b884876c8aa707e725b50b5_186
[31mERROR[0m:    [02-07-2026 19:31:01] Failed to send telemetry event CollectionDeleteEvent: capture() takes 1 positional argument but 3 were given
[32mINFO[0m:     [02-07-2026 19:31:01] 127.0.0.1:58567 - "POST /api/v1/collections/04b9833e-32a9-4ce2-877d-ac206ff5d36f/delete HTTP/1.1" 200
[33mWARNING[0m:  [02-07-2026 19:31:01] Delete of nonexisting embedding ID: 3459dcc71b884876c8aa707e725b50b5_107
[33mWARNING[0m:  [02-07-2026 19:31:01] Delete of nonexisting embedding ID: 3459dcc71b884876c8aa707e725b50b5_107
[31mERROR[0m:    [02-07-2026 19:31:01] Failed to send telemetry event CollectionDeleteEvent: capture() takes 1 positional argument but 3 were given
[32mINFO[0m:     [02-07-2026 19:31:01] 127.0.0.1:58567 - "POST /api/v1/collections/04b9833e-32a9-4ce2-877d-ac206ff5d36f/delete HTTP/1.1" 200
[33mWARNING[0m:  [02-07-2026 19:31:01] Delete of nonexisting embedding ID: 3459dcc71b884876c8aa707e725b50b5_23
[33mWARNING[0m:  [02-07-2026 19:31:01] Delete of nonexisting embedding ID: 3459dcc71b884876c8aa707e725b50b5_23
[31mERROR[0m:    [02-07-2026 19:31:01] Failed to send telemetry event CollectionDeleteEvent: capture() takes 1 positional argument but 3 were given
[32mINFO[0m:     [02-07-2026 19:31:01] 127.0.0.1:58567 - "POST /api/v1/collections/04b9833e-32a9-4ce2-877d-ac206ff5d36f/delete HTTP/1.1" 200
[33mWARNING[0m:  [02-07-2026 19:31:01] Delete of nonexisting embedding ID: 3459dcc71b884876c8aa707e725b50b5_168
[33mWARNING[0m:  [02-07-2026 19:31:01] Delete of nonexisting embedding ID: 3459dcc71b884876c8aa707e725b50b5_168
[31mERROR[0m:    [02-07-2026 19:31:01] Failed to send telemetry event CollectionDeleteEvent: capture() takes 1 positional argument but 3 were given
[32mINFO[0m:     [02-07-2026 19:31:01] 127.0.0.1:58567 - "POST /api/v1/collections/04b9833e-32a9-4ce2-877d-ac206ff5d36f/delete HTTP/1.1" 200
[33mWARNING[0m:  [02-07-2026 19:31:01] Delete of nonexisting embedding ID: 3459dcc71b884876c8aa707e725b50b5_177
[33mWARNING[0m:  [02-07-2026 19:31:01] Delete of nonexisting embedding ID: 3459dcc71b884876c8aa707e725b50b5_177
[31mERROR[0m:    [02-07-2026 19:31:02] Failed to send telemetry event CollectionDeleteEvent: capture() takes 1 positional argument but 3 were given
[32mINFO[0m:     [02-07-2026 19:31:02] 127.0.0.1:58567 - "POST /api/v1/collections/04b9833e-32a9-4ce2-877d-ac206ff5d36f/delete HTTP/1.1" 200
[33mWARNING[0m:  [02-07-2026 19:31:02] Delete of nonexisting embedding ID: 3459dcc71b884876c8aa707e725b50b5_157
[33mWARNING[0m:  [02-07-2026 19:31:02] Delete of nonexisting embedding ID: 3459dcc71b884876c8aa707e725b50b5_157
[31mERROR[0m:    [02-07-2026 19:31:02] Failed to send telemetry event CollectionDeleteEvent: capture() takes 1 positional argument but 3 were given
[32mINFO[0m:     [02-07-2026 19:31:02] 127.0.0.1:58567 - "POST /api/v1/collections/04b9833e-32a9-4ce2-877d-ac206ff5d36f/delete HTTP/1.1" 200
[33mWARNING[0m:  [02-07-2026 19:31:02] Delete of nonexisting embedding ID: 3459dcc71b884876c8aa707e725b50b5_397
[33mWARNING[0m:  [02-07-2026 19:31:02] Delete of nonexisting embedding ID: 3459dcc71b884876c8aa707e725b50b5_397
[31mERROR[0m:    [02-07-2026 19:31:02] Failed to send telemetry event CollectionDeleteEvent: capture() takes 1 positional argument but 3 were given
[32mINFO[0m:     [02-07-2026 19:31:02] 127.0.0.1:58567 - "POST /api/v1/collections/04b9833e-32a9-4ce2-877d-ac206ff5d36f/delete HTTP/1.1" 200
[33mWARNING[0m:  [02-07-2026 19:31:02] Delete of nonexisting embedding ID: 3459dcc71b884876c8aa707e725b50b5_415
[33mWARNING[0m:  [02-07-2026 19:31:02] Delete of nonexisting embedding ID: 3459dcc71b884876c8aa707e725b50b5_415
[31mERROR[0m:    [02-07-2026 19:31:02] Failed to send telemetry event CollectionDeleteEvent: capture() takes 1 positional argument but 3 were given
[32mINFO[0m:     [02-07-2026 19:31:02] 127.0.0.1:58567 - "POST /api/v1/collections/04b9833e-32a9-4ce2-877d-ac206ff5d36f/delete HTTP/1.1" 200
[33mWARNING[0m:  [02-07-2026 19:31:02] Delete of nonexisting embedding ID: 3459dcc71b884876c8aa707e725b50b5_5
[33mWARNING[0m:  [02-07-2026 19:31:02] Delete of nonexisting embedding ID: 3459dcc71b884876c8aa707e725b50b5_5
[31mERROR[0m:    [02-07-2026 19:31:02] Failed to send telemetry event CollectionDeleteEvent: capture() takes 1 positional argument but 3 were given
[32mINFO[0m:     [02-07-2026 19:31:02] 127.0.0.1:58567 - "POST /api/v1/collections/04b9833e-32a9-4ce2-877d-ac206ff5d36f/delete HTTP/1.1" 200
[33mWARNING[0m:  [02-07-2026 19:31:02] Delete of nonexisting embedding ID: 3459dcc71b884876c8aa707e725b50b5_414
[33mWARNING[0m:  [02-07-2026 19:31:02] Delete of nonexisting embedding ID: 3459dcc71b884876c8aa707e725b50b5_414
[31mERROR[0m:    [02-07-2026 19:31:02] Failed to send telemetry event CollectionDeleteEvent: capture() takes 1 positional argument but 3 were given
[32mINFO[0m:     [02-07-2026 19:31:02] 127.0.0.1:58567 - "POST /api/v1/collections/04b9833e-32a9-4ce2-877d-ac206ff5d36f/delete HTTP/1.1" 200
[33mWARNING[0m:  [02-07-2026 19:31:02] Delete of nonexisting embedding ID: 3459dcc71b884876c8aa707e725b50b5_122
[33mWARNING[0m:  [02-07-2026 19:31:02] Delete of nonexisting embedding ID: 3459dcc71b884876c8aa707e725b50b5_122
[31mERROR[0m:    [02-07-2026 19:31:03] Failed to send telemetry event CollectionDeleteEvent: capture() takes 1 positional argument but 3 were given
[32mINFO[0m:     [02-07-2026 19:31:03] 127.0.0.1:58567 - "POST /api/v1/collections/04b9833e-32a9-4ce2-877d-ac206ff5d36f/delete HTTP/1.1" 200
[33mWARNING[0m:  [02-07-2026 19:31:03] Delete of nonexisting embedding ID: 3459dcc71b884876c8aa707e725b50b5_9
[33mWARNING[0m:  [02-07-2026 19:31:03] Delete of nonexisting embedding ID: 3459dcc71b884876c8aa707e725b50b5_9
[31mERROR[0m:    [02-07-2026 19:31:03] Failed to send telemetry event CollectionDeleteEvent: capture() takes 1 positional argument but 3 were given
[32mINFO[0m:     [02-07-2026 19:31:03] 127.0.0.1:58567 - "POST /api/v1/collections/04b9833e-32a9-4ce2-877d-ac206ff5d36f/delete HTTP/1.1" 200
[33mWARNING[0m:  [02-07-2026 19:31:03] Delete of nonexisting embedding ID: 3459dcc71b884876c8aa707e725b50b5_383
[33mWARNING[0m:  [02-07-2026 19:31:03] Delete of nonexisting embedding ID: 3459dcc71b884876c8aa707e725b50b5_383
[31mERROR[0m:    [02-07-2026 19:31:03] Failed to send telemetry event CollectionDeleteEvent: capture() takes 1 positional argument but 3 were given
[32mINFO[0m:     [02-07-2026 19:31:03] 127.0.0.1:58567 - "POST /api/v1/collections/04b9833e-32a9-4ce2-877d-ac206ff5d36f/delete HTTP/1.1" 200
[33mWARNING[0m:  [02-07-2026 19:31:03] Delete of nonexisting embedding ID: 3459dcc71b884876c8aa707e725b50b5_164
[33mWARNING[0m:  [02-07-2026 19:31:03] Delete of nonexisting embedding ID: 3459dcc71b884876c8aa707e725b50b5_164
[31mERROR[0m:    [02-07-2026 19:31:03] Failed to send telemetry event CollectionDeleteEvent: capture() takes 1 positional argument but 3 were given
[32mINFO[0m:     [02-07-2026 19:31:03] 127.0.0.1:58567 - "POST /api/v1/collections/04b9833e-32a9-4ce2-877d-ac206ff5d36f/delete HTTP/1.1" 200
[33mWARNING[0m:  [02-07-2026 19:31:03] Delete of nonexisting embedding ID: 3459dcc71b884876c8aa707e725b50b5_196
[33mWARNING[0m:  [02-07-2026 19:31:03] Delete of nonexisting embedding ID: 3459dcc71b884876c8aa707e725b50b5_196
[31mERROR[0m:    [02-07-2026 19:31:03] Failed to send telemetry event CollectionDeleteEvent: capture() takes 1 positional argument but 3 were given
[32mINFO[0m:     [02-07-2026 19:31:03] 127.0.0.1:58567 - "POST /api/v1/collections/04b9833e-32a9-4ce2-877d-ac206ff5d36f/delete HTTP/1.1" 200
[33mWARNING[0m:  [02-07-2026 19:31:03] Delete of nonexisting embedding ID: 3459dcc71b884876c8aa707e725b50b5_142
[33mWARNING[0m:  [02-07-2026 19:31:03] Delete of nonexisting embedding ID: 3459dcc71b884876c8aa707e725b50b5_142
[31mERROR[0m:    [02-07-2026 19:31:03] Failed to send telemetry event CollectionDeleteEvent: capture() takes 1 positional argument but 3 were given
[32mINFO[0m:     [02-07-2026 19:31:03] 127.0.0.1:58567 - "POST /api/v1/collections/04b9833e-32a9-4ce2-877d-ac206ff5d36f/delete HTTP/1.1" 200
[33mWARNING[0m:  [02-07-2026 19:31:03] Delete of nonexisting embedding ID: 3459dcc71b884876c8aa707e725b50b5_81
[33mWARNING[0m:  [02-07-2026 19:31:03] Delete of nonexisting embedding ID: 3459dcc71b884876c8aa707e725b50b5_81
[31mERROR[0m:    [02-07-2026 19:31:04] Failed to send telemetry event CollectionDeleteEvent: capture() takes 1 positional argument but 3 were given
[32mINFO[0m:     [02-07-2026 19:31:04] 127.0.0.1:58567 - "POST /api/v1/collections/04b9833e-32a9-4ce2-877d-ac206ff5d36f/delete HTTP/1.1" 200
[33mWARNING[0m:  [02-07-2026 19:31:04] Delete of nonexisting embedding ID: 3459dcc71b884876c8aa707e725b50b5_198
[33mWARNING[0m:  [02-07-2026 19:31:04] Delete of nonexisting embedding ID: 3459dcc71b884876c8aa707e725b50b5_198
[31mERROR[0m:    [02-07-2026 19:31:04] Failed to send telemetry event CollectionDeleteEvent: capture() takes 1 positional argument but 3 were given
[32mINFO[0m:     [02-07-2026 19:31:04] 127.0.0.1:58567 - "POST /api/v1/collections/04b9833e-32a9-4ce2-877d-ac206ff5d36f/delete HTTP/1.1" 200
[33mWARNING[0m:  [02-07-2026 19:31:04] Delete of nonexisting embedding ID: 3459dcc71b884876c8aa707e725b50b5_56
[33mWARNING[0m:  [02-07-2026 19:31:04] Delete of nonexisting embedding ID: 3459dcc71b884876c8aa707e725b50b5_56
[31mERROR[0m:    [02-07-2026 19:31:04] Failed to send telemetry event CollectionDeleteEvent: capture() takes 1 positional argument but 3 were given
[32mINFO[0m:     [02-07-2026 19:31:04] 127.0.0.1:58567 - "POST /api/v1/collections/04b9833e-32a9-4ce2-877d-ac206ff5d36f/delete HTTP/1.1" 200
[33mWARNING[0m:  [02-07-2026 19:31:04] Delete of nonexisting embedding ID: 3459dcc71b884876c8aa707e725b50b5_65
[33mWARNING[0m:  [02-07-2026 19:31:04] Delete of nonexisting embedding ID: 3459dcc71b884876c8aa707e725b50b5_65
[31mERROR[0m:    [02-07-2026 19:31:05] Failed to send telemetry event CollectionDeleteEvent: capture() takes 1 positional argument but 3 were given
[32mINFO[0m:     [02-07-2026 19:31:05] 127.0.0.1:58567 - "POST /api/v1/collections/04b9833e-32a9-4ce2-877d-ac206ff5d36f/delete HTTP/1.1" 200
[33mWARNING[0m:  [02-07-2026 19:31:05] Delete of nonexisting embedding ID: 3459dcc71b884876c8aa707e725b50b5_55
[33mWARNING[0m:  [02-07-2026 19:31:05] Delete of nonexisting embedding ID: 3459dcc71b884876c8aa707e725b50b5_55
[31mERROR[0m:    [02-07-2026 19:31:05] Failed to send telemetry event CollectionDeleteEvent: capture() takes 1 positional argument but 3 were given
[32mINFO[0m:     [02-07-2026 19:31:05] 127.0.0.1:58567 - "POST /api/v1/collections/04b9833e-32a9-4ce2-877d-ac206ff5d36f/delete HTTP/1.1" 200
[33mWARNING[0m:  [02-07-2026 19:31:05] Delete of nonexisting embedding ID: 3459dcc71b884876c8aa707e725b50b5_47
[33mWARNING[0m:  [02-07-2026 19:31:05] Delete of nonexisting embedding ID: 3459dcc71b884876c8aa707e725b50b5_47
[31mERROR[0m:    [02-07-2026 19:31:06] Failed to send telemetry event CollectionDeleteEvent: capture() takes 1 positional argument but 3 were given
[32mINFO[0m:     [02-07-2026 19:31:06] 127.0.0.1:58567 - "POST /api/v1/collections/04b9833e-32a9-4ce2-877d-ac206ff5d36f/delete HTTP/1.1" 200
[33mWARNING[0m:  [02-07-2026 19:31:06] Delete of nonexisting embedding ID: 3459dcc71b884876c8aa707e725b50b5_11
[33mWARNING[0m:  [02-07-2026 19:31:06] Delete of nonexisting embedding ID: 3459dcc71b884876c8aa707e725b50b5_11
[31mERROR[0m:    [02-07-2026 19:31:06] Failed to send telemetry event CollectionDeleteEvent: capture() takes 1 positional argument but 3 were given
[32mINFO[0m:     [02-07-2026 19:31:06] 127.0.0.1:58567 - "POST /api/v1/collections/04b9833e-32a9-4ce2-877d-ac206ff5d36f/delete HTTP/1.1" 200
[33mWARNING[0m:  [02-07-2026 19:31:06] Delete of nonexisting embedding ID: 3459dcc71b884876c8aa707e725b50b5_57
[33mWARNING[0m:  [02-07-2026 19:31:06] Delete of nonexisting embedding ID: 3459dcc71b884876c8aa707e725b50b5_57
[31mERROR[0m:    [02-07-2026 19:31:06] Failed to send telemetry event CollectionDeleteEvent: capture() takes 1 positional argument but 3 were given
[32mINFO[0m:     [02-07-2026 19:31:06] 127.0.0.1:58567 - "POST /api/v1/collections/04b9833e-32a9-4ce2-877d-ac206ff5d36f/delete HTTP/1.1" 200
[33mWARNING[0m:  [02-07-2026 19:31:06] Delete of nonexisting embedding ID: 3459dcc71b884876c8aa707e725b50b5_303
[33mWARNING[0m:  [02-07-2026 19:31:06] Delete of nonexisting embedding ID: 3459dcc71b884876c8aa707e725b50b5_303
[31mERROR[0m:    [02-07-2026 19:31:06] Failed to send telemetry event CollectionDeleteEvent: capture() takes 1 positional argument but 3 were given
[32mINFO[0m:     [02-07-2026 19:31:06] 127.0.0.1:58567 - "POST /api/v1/collections/04b9833e-32a9-4ce2-877d-ac206ff5d36f/delete HTTP/1.1" 200
[33mWARNING[0m:  [02-07-2026 19:31:06] Delete of nonexisting embedding ID: 3459dcc71b884876c8aa707e725b50b5_416
[33mWARNING[0m:  [02-07-2026 19:31:06] Delete of nonexisting embedding ID: 3459dcc71b884876c8aa707e725b50b5_416
[31mERROR[0m:    [02-07-2026 19:31:06] Failed to send telemetry event CollectionDeleteEvent: capture() takes 1 positional argument but 3 were given
[32mINFO[0m:     [02-07-2026 19:31:06] 127.0.0.1:58567 - "POST /api/v1/collections/04b9833e-32a9-4ce2-877d-ac206ff5d36f/delete HTTP/1.1" 200
[33mWARNING[0m:  [02-07-2026 19:31:06] Delete of nonexisting embedding ID: 3459dcc71b884876c8aa707e725b50b5_305
[33mWARNING[0m:  [02-07-2026 19:31:06] Delete of nonexisting embedding ID: 3459dcc71b884876c8aa707e725b50b5_305
[31mERROR[0m:    [02-07-2026 19:31:07] Failed to send telemetry event CollectionDeleteEvent: capture() takes 1 positional argument but 3 were given
[32mINFO[0m:     [02-07-2026 19:31:07] 127.0.0.1:58567 - "POST /api/v1/collections/04b9833e-32a9-4ce2-877d-ac206ff5d36f/delete HTTP/1.1" 200
[33mWARNING[0m:  [02-07-2026 19:31:07] Delete of nonexisting embedding ID: 3459dcc71b884876c8aa707e725b50b5_13
[33mWARNING[0m:  [02-07-2026 19:31:07] Delete of nonexisting embedding ID: 3459dcc71b884876c8aa707e725b50b5_13
[31mERROR[0m:    [02-07-2026 19:31:07] Failed to send telemetry event CollectionDeleteEvent: capture() takes 1 positional argument but 3 were given
[32mINFO[0m:     [02-07-2026 19:31:07] 127.0.0.1:58567 - "POST /api/v1/collections/04b9833e-32a9-4ce2-877d-ac206ff5d36f/delete HTTP/1.1" 200
[33mWARNING[0m:  [02-07-2026 19:31:07] Delete of nonexisting embedding ID: 3459dcc71b884876c8aa707e725b50b5_159
[33mWARNING[0m:  [02-07-2026 19:31:07] Delete of nonexisting embedding ID: 3459dcc71b884876c8aa707e725b50b5_159
[31mERROR[0m:    [02-07-2026 19:31:07] Failed to send telemetry event CollectionDeleteEvent: capture() takes 1 positional argument but 3 were given
[32mINFO[0m:     [02-07-2026 19:31:07] 127.0.0.1:58567 - "POST /api/v1/collections/04b9833e-32a9-4ce2-877d-ac206ff5d36f/delete HTTP/1.1" 200
[33mWARNING[0m:  [02-07-2026 19:31:07] Delete of nonexisting embedding ID: 3459dcc71b884876c8aa707e725b50b5_270
[33mWARNING[0m:  [02-07-2026 19:31:07] Delete of nonexisting embedding ID: 3459dcc71b884876c8aa707e725b50b5_270
[31mERROR[0m:    [02-07-2026 19:31:07] Failed to send telemetry event CollectionDeleteEvent: capture() takes 1 positional argument but 3 were given
[32mINFO[0m:     [02-07-2026 19:31:07] 127.0.0.1:58567 - "POST /api/v1/collections/04b9833e-32a9-4ce2-877d-ac206ff5d36f/delete HTTP/1.1" 200
[33mWARNING[0m:  [02-07-2026 19:31:07] Delete of nonexisting embedding ID: 3459dcc71b884876c8aa707e725b50b5_50
[33mWARNING[0m:  [02-07-2026 19:31:07] Delete of nonexisting embedding ID: 3459dcc71b884876c8aa707e725b50b5_50
[31mERROR[0m:    [02-07-2026 19:31:07] Failed to send telemetry event CollectionDeleteEvent: capture() takes 1 positional argument but 3 were given
[32mINFO[0m:     [02-07-2026 19:31:07] 127.0.0.1:58567 - "POST /api/v1/collections/04b9833e-32a9-4ce2-877d-ac206ff5d36f/delete HTTP/1.1" 200
[33mWARNING[0m:  [02-07-2026 19:31:07] Delete of nonexisting embedding ID: 3459dcc71b884876c8aa707e725b50b5_207
[33mWARNING[0m:  [02-07-2026 19:31:07] Delete of nonexisting embedding ID: 3459dcc71b884876c8aa707e725b50b5_207
[31mERROR[0m:    [02-07-2026 19:31:07] Failed to send telemetry event CollectionDeleteEvent: capture() takes 1 positional argument but 3 were given
[32mINFO[0m:     [02-07-2026 19:31:07] 127.0.0.1:58567 - "POST /api/v1/collections/04b9833e-32a9-4ce2-877d-ac206ff5d36f/delete HTTP/1.1" 200
[33mWARNING[0m:  [02-07-2026 19:31:07] Delete of nonexisting embedding ID: 3459dcc71b884876c8aa707e725b50b5_255
[33mWARNING[0m:  [02-07-2026 19:31:07] Delete of nonexisting embedding ID: 3459dcc71b884876c8aa707e725b50b5_255
[31mERROR[0m:    [02-07-2026 19:31:07] Failed to send telemetry event CollectionDeleteEvent: capture() takes 1 positional argument but 3 were given
[32mINFO[0m:     [02-07-2026 19:31:07] 127.0.0.1:58567 - "POST /api/v1/collections/04b9833e-32a9-4ce2-877d-ac206ff5d36f/delete HTTP/1.1" 200
[33mWARNING[0m:  [02-07-2026 19:31:07] Delete of nonexisting embedding ID: 3459dcc71b884876c8aa707e725b50b5_205
[33mWARNING[0m:  [02-07-2026 19:31:07] Delete of nonexisting embedding ID: 3459dcc71b884876c8aa707e725b50b5_205
[31mERROR[0m:    [02-07-2026 19:31:08] Failed to send telemetry event CollectionDeleteEvent: capture() takes 1 positional argument but 3 were given
[32mINFO[0m:     [02-07-2026 19:31:08] 127.0.0.1:58567 - "POST /api/v1/collections/04b9833e-32a9-4ce2-877d-ac206ff5d36f/delete HTTP/1.1" 200
[33mWARNING[0m:  [02-07-2026 19:31:08] Delete of nonexisting embedding ID: 3459dcc71b884876c8aa707e725b50b5_374
[33mWARNING[0m:  [02-07-2026 19:31:08] Delete of nonexisting embedding ID: 3459dcc71b884876c8aa707e725b50b5_374
[31mERROR[0m:    [02-07-2026 19:31:08] Failed to send telemetry event CollectionDeleteEvent: capture() takes 1 positional argument but 3 were given
[32mINFO[0m:     [02-07-2026 19:31:08] 127.0.0.1:58567 - "POST /api/v1/collections/04b9833e-32a9-4ce2-877d-ac206ff5d36f/delete HTTP/1.1" 200
[33mWARNING[0m:  [02-07-2026 19:31:08] Delete of nonexisting embedding ID: 3459dcc71b884876c8aa707e725b50b5_71
[33mWARNING[0m:  [02-07-2026 19:31:08] Delete of nonexisting embedding ID: 3459dcc71b884876c8aa707e725b50b5_71
[31mERROR[0m:    [02-07-2026 19:31:08] Failed to send telemetry event CollectionDeleteEvent: capture() takes 1 positional argument but 3 were given
[32mINFO[0m:     [02-07-2026 19:31:08] 127.0.0.1:58567 - "POST /api/v1/collections/04b9833e-32a9-4ce2-877d-ac206ff5d36f/delete HTTP/1.1" 200
[33mWARNING[0m:  [02-07-2026 19:31:08] Delete of nonexisting embedding ID: 3459dcc71b884876c8aa707e725b50b5_204
[33mWARNING[0m:  [02-07-2026 19:31:08] Delete of nonexisting embedding ID: 3459dcc71b884876c8aa707e725b50b5_204
[31mERROR[0m:    [02-07-2026 19:31:08] Failed to send telemetry event CollectionDeleteEvent: capture() takes 1 positional argument but 3 were given
[32mINFO[0m:     [02-07-2026 19:31:08] 127.0.0.1:58567 - "POST /api/v1/collections/04b9833e-32a9-4ce2-877d-ac206ff5d36f/delete HTTP/1.1" 200
[33mWARNING[0m:  [02-07-2026 19:31:08] Delete of nonexisting embedding ID: 3459dcc71b884876c8aa707e725b50b5_369
[33mWARNING[0m:  [02-07-2026 19:31:08] Delete of nonexisting embedding ID: 3459dcc71b884876c8aa707e725b50b5_369
[31mERROR[0m:    [02-07-2026 19:31:08] Failed to send telemetry event CollectionDeleteEvent: capture() takes 1 positional argument but 3 were given
[32mINFO[0m:     [02-07-2026 19:31:08] 127.0.0.1:58567 - "POST /api/v1/collections/04b9833e-32a9-4ce2-877d-ac206ff5d36f/delete HTTP/1.1" 200
[33mWARNING[0m:  [02-07-2026 19:31:08] Delete of nonexisting embedding ID: 3459dcc71b884876c8aa707e725b50b5_170
[33mWARNING[0m:  [02-07-2026 19:31:08] Delete of nonexisting embedding ID: 3459dcc71b884876c8aa707e725b50b5_170
[31mERROR[0m:    [02-07-2026 19:31:08] Failed to send telemetry event CollectionDeleteEvent: capture() takes 1 positional argument but 3 were given
[32mINFO[0m:     [02-07-2026 19:31:08] 127.0.0.1:58567 - "POST /api/v1/collections/04b9833e-32a9-4ce2-877d-ac206ff5d36f/delete HTTP/1.1" 200
[33mWARNING[0m:  [02-07-2026 19:31:08] Delete of nonexisting embedding ID: 3459dcc71b884876c8aa707e725b50b5_350
[33mWARNING[0m:  [02-07-2026 19:31:08] Delete of nonexisting embedding ID: 3459dcc71b884876c8aa707e725b50b5_350
[31mERROR[0m:    [02-07-2026 19:31:09] Failed to send telemetry event CollectionDeleteEvent: capture() takes 1 positional argument but 3 were given
[32mINFO[0m:     [02-07-2026 19:31:09] 127.0.0.1:58567 - "POST /api/v1/collections/04b9833e-32a9-4ce2-877d-ac206ff5d36f/delete HTTP/1.1" 200
[33mWARNING[0m:  [02-07-2026 19:31:09] Delete of nonexisting embedding ID: 3459dcc71b884876c8aa707e725b50b5_89
[33mWARNING[0m:  [02-07-2026 19:31:09] Delete of nonexisting embedding ID: 3459dcc71b884876c8aa707e725b50b5_89
[31mERROR[0m:    [02-07-2026 19:31:09] Failed to send telemetry event CollectionDeleteEvent: capture() takes 1 positional argument but 3 were given
[32mINFO[0m:     [02-07-2026 19:31:09] 127.0.0.1:58567 - "POST /api/v1/collections/04b9833e-32a9-4ce2-877d-ac206ff5d36f/delete HTTP/1.1" 200
[33mWARNING[0m:  [02-07-2026 19:31:09] Delete of nonexisting embedding ID: 3459dcc71b884876c8aa707e725b50b5_262
[33mWARNING[0m:  [02-07-2026 19:31:09] Delete of nonexisting embedding ID: 3459dcc71b884876c8aa707e725b50b5_262
[31mERROR[0m:    [02-07-2026 19:31:09] Failed to send telemetry event CollectionDeleteEvent: capture() takes 1 positional argument but 3 were given
[32mINFO[0m:     [02-07-2026 19:31:09] 127.0.0.1:58567 - "POST /api/v1/collections/04b9833e-32a9-4ce2-877d-ac206ff5d36f/delete HTTP/1.1" 200
[33mWARNING[0m:  [02-07-2026 19:31:09] Delete of nonexisting embedding ID: 3459dcc71b884876c8aa707e725b50b5_244
[33mWARNING[0m:  [02-07-2026 19:31:09] Delete of nonexisting embedding ID: 3459dcc71b884876c8aa707e725b50b5_244
[31mERROR[0m:    [02-07-2026 19:31:09] Failed to send telemetry event CollectionDeleteEvent: capture() takes 1 positional argument but 3 were given
[32mINFO[0m:     [02-07-2026 19:31:09] 127.0.0.1:58567 - "POST /api/v1/collections/04b9833e-32a9-4ce2-877d-ac206ff5d36f/delete HTTP/1.1" 200
[33mWARNING[0m:  [02-07-2026 19:31:09] Delete of nonexisting embedding ID: 3459dcc71b884876c8aa707e725b50b5_60
[33mWARNING[0m:  [02-07-2026 19:31:09] Delete of nonexisting embedding ID: 3459dcc71b884876c8aa707e725b50b5_60
[31mERROR[0m:    [02-07-2026 19:31:09] Failed to send telemetry event CollectionDeleteEvent: capture() takes 1 positional argument but 3 were given
[32mINFO[0m:     [02-07-2026 19:31:09] 127.0.0.1:58567 - "POST /api/v1/collections/04b9833e-32a9-4ce2-877d-ac206ff5d36f/delete HTTP/1.1" 200
[33mWARNING[0m:  [02-07-2026 19:31:09] Delete of nonexisting embedding ID: 3459dcc71b884876c8aa707e725b50b5_233
[33mWARNING[0m:  [02-07-2026 19:31:09] Delete of nonexisting embedding ID: 3459dcc71b884876c8aa707e725b50b5_233
[31mERROR[0m:    [02-07-2026 19:31:09] Failed to send telemetry event CollectionDeleteEvent: capture() takes 1 positional argument but 3 were given
[32mINFO[0m:     [02-07-2026 19:31:09] 127.0.0.1:58567 - "POST /api/v1/collections/04b9833e-32a9-4ce2-877d-ac206ff5d36f/delete HTTP/1.1" 200
[33mWARNING[0m:  [02-07-2026 19:31:09] Delete of nonexisting embedding ID: 3459dcc71b884876c8aa707e725b50b5_103
[33mWARNING[0m:  [02-07-2026 19:31:09] Delete of nonexisting embedding ID: 3459dcc71b884876c8aa707e725b50b5_103
[31mERROR[0m:    [02-07-2026 19:31:09] Failed to send telemetry event CollectionDeleteEvent: capture() takes 1 positional argument but 3 were given
[32mINFO[0m:     [02-07-2026 19:31:09] 127.0.0.1:58567 - "POST /api/v1/collections/04b9833e-32a9-4ce2-877d-ac206ff5d36f/delete HTTP/1.1" 200
[33mWARNING[0m:  [02-07-2026 19:31:09] Delete of nonexisting embedding ID: 3459dcc71b884876c8aa707e725b50b5_203
[33mWARNING[0m:  [02-07-2026 19:31:09] Delete of nonexisting embedding ID: 3459dcc71b884876c8aa707e725b50b5_203
[31mERROR[0m:    [02-07-2026 19:31:10] Failed to send telemetry event CollectionDeleteEvent: capture() takes 1 positional argument but 3 were given
[32mINFO[0m:     [02-07-2026 19:31:10] 127.0.0.1:58567 - "POST /api/v1/collections/04b9833e-32a9-4ce2-877d-ac206ff5d36f/delete HTTP/1.1" 200
[33mWARNING[0m:  [02-07-2026 19:31:10] Delete of nonexisting embedding ID: 3459dcc71b884876c8aa707e725b50b5_45
[33mWARNING[0m:  [02-07-2026 19:31:10] Delete of nonexisting embedding ID: 3459dcc71b884876c8aa707e725b50b5_45
[31mERROR[0m:    [02-07-2026 19:31:10] Failed to send telemetry event CollectionDeleteEvent: capture() takes 1 positional argument but 3 were given
[32mINFO[0m:     [02-07-2026 19:31:10] 127.0.0.1:58567 - "POST /api/v1/collections/04b9833e-32a9-4ce2-877d-ac206ff5d36f/delete HTTP/1.1" 200
[33mWARNING[0m:  [02-07-2026 19:31:10] Delete of nonexisting embedding ID: 3459dcc71b884876c8aa707e725b50b5_52
[33mWARNING[0m:  [02-07-2026 19:31:10] Delete of nonexisting embedding ID: 3459dcc71b884876c8aa707e725b50b5_52
[31mERROR[0m:    [02-07-2026 19:31:10] Failed to send telemetry event CollectionDeleteEvent: capture() takes 1 positional argument but 3 were given
[32mINFO[0m:     [02-07-2026 19:31:10] 127.0.0.1:58567 - "POST /api/v1/collections/04b9833e-32a9-4ce2-877d-ac206ff5d36f/delete HTTP/1.1" 200
[33mWARNING[0m:  [02-07-2026 19:31:10] Delete of nonexisting embedding ID: 3459dcc71b884876c8aa707e725b50b5_365
[33mWARNING[0m:  [02-07-2026 19:31:10] Delete of nonexisting embedding ID: 3459dcc71b884876c8aa707e725b50b5_365
[31mERROR[0m:    [02-07-2026 19:31:10] Failed to send telemetry event CollectionDeleteEvent: capture() takes 1 positional argument but 3 were given
[32mINFO[0m:     [02-07-2026 19:31:10] 127.0.0.1:58567 - "POST /api/v1/collections/04b9833e-32a9-4ce2-877d-ac206ff5d36f/delete HTTP/1.1" 200
[33mWARNING[0m:  [02-07-2026 19:31:10] Delete of nonexisting embedding ID: 3459dcc71b884876c8aa707e725b50b5_410
[33mWARNING[0m:  [02-07-2026 19:31:10] Delete of nonexisting embedding ID: 3459dcc71b884876c8aa707e725b50b5_410
[31mERROR[0m:    [02-07-2026 19:31:10] Failed to send telemetry event CollectionDeleteEvent: capture() takes 1 positional argument but 3 were given
[32mINFO[0m:     [02-07-2026 19:31:10] 127.0.0.1:58567 - "POST /api/v1/collections/04b9833e-32a9-4ce2-877d-ac206ff5d36f/delete HTTP/1.1" 200
[33mWARNING[0m:  [02-07-2026 19:31:10] Delete of nonexisting embedding ID: 3459dcc71b884876c8aa707e725b50b5_15
[33mWARNING[0m:  [02-07-2026 19:31:10] Delete of nonexisting embedding ID: 3459dcc71b884876c8aa707e725b50b5_15
[31mERROR[0m:    [02-07-2026 19:31:10] Failed to send telemetry event CollectionDeleteEvent: capture() takes 1 positional argument but 3 were given
[32mINFO[0m:     [02-07-2026 19:31:10] 127.0.0.1:58567 - "POST /api/v1/collections/04b9833e-32a9-4ce2-877d-ac206ff5d36f/delete HTTP/1.1" 200
[33mWARNING[0m:  [02-07-2026 19:31:10] Delete of nonexisting embedding ID: 3459dcc71b884876c8aa707e725b50b5_292
[33mWARNING[0m:  [02-07-2026 19:31:10] Delete of nonexisting embedding ID: 3459dcc71b884876c8aa707e725b50b5_292
[31mERROR[0m:    [02-07-2026 19:31:11] Failed to send telemetry event CollectionDeleteEvent: capture() takes 1 positional argument but 3 were given
[32mINFO[0m:     [02-07-2026 19:31:11] 127.0.0.1:58567 - "POST /api/v1/collections/04b9833e-32a9-4ce2-877d-ac206ff5d36f/delete HTTP/1.1" 200
[33mWARNING[0m:  [02-07-2026 19:31:11] Delete of nonexisting embedding ID: 3459dcc71b884876c8aa707e725b50b5_368
[33mWARNING[0m:  [02-07-2026 19:31:11] Delete of nonexisting embedding ID: 3459dcc71b884876c8aa707e725b50b5_368
[31mERROR[0m:    [02-07-2026 19:31:11] Failed to send telemetry event CollectionDeleteEvent: capture() takes 1 positional argument but 3 were given
[32mINFO[0m:     [02-07-2026 19:31:11] 127.0.0.1:58567 - "POST /api/v1/collections/04b9833e-32a9-4ce2-877d-ac206ff5d36f/delete HTTP/1.1" 200
[33mWARNING[0m:  [02-07-2026 19:31:11] Delete of nonexisting embedding ID: 3459dcc71b884876c8aa707e725b50b5_316
[33mWARNING[0m:  [02-07-2026 19:31:11] Delete of nonexisting embedding ID: 3459dcc71b884876c8aa707e725b50b5_316
[31mERROR[0m:    [02-07-2026 19:31:11] Failed to send telemetry event CollectionDeleteEvent: capture() takes 1 positional argument but 3 were given
[32mINFO[0m:     [02-07-2026 19:31:11] 127.0.0.1:58567 - "POST /api/v1/collections/04b9833e-32a9-4ce2-877d-ac206ff5d36f/delete HTTP/1.1" 200
[33mWARNING[0m:  [02-07-2026 19:31:11] Delete of nonexisting embedding ID: 3459dcc71b884876c8aa707e725b50b5_25
[33mWARNING[0m:  [02-07-2026 19:31:11] Delete of nonexisting embedding ID: 3459dcc71b884876c8aa707e725b50b5_25
[31mERROR[0m:    [02-07-2026 19:31:11] Failed to send telemetry event CollectionDeleteEvent: capture() takes 1 positional argument but 3 were given
[32mINFO[0m:     [02-07-2026 19:31:11] 127.0.0.1:58567 - "POST /api/v1/collections/04b9833e-32a9-4ce2-877d-ac206ff5d36f/delete HTTP/1.1" 200
[33mWARNING[0m:  [02-07-2026 19:31:11] Delete of nonexisting embedding ID: 3459dcc71b884876c8aa707e725b50b5_1
[33mWARNING[0m:  [02-07-2026 19:31:11] Delete of nonexisting embedding ID: 3459dcc71b884876c8aa707e725b50b5_1
[31mERROR[0m:    [02-07-2026 19:31:11] Failed to send telemetry event CollectionDeleteEvent: capture() takes 1 positional argument but 3 were given
[32mINFO[0m:     [02-07-2026 19:31:11] 127.0.0.1:58567 - "POST /api/v1/collections/04b9833e-32a9-4ce2-877d-ac206ff5d36f/delete HTTP/1.1" 200
[33mWARNING[0m:  [02-07-2026 19:31:11] Delete of nonexisting embedding ID: 3459dcc71b884876c8aa707e725b50b5_51
[33mWARNING[0m:  [02-07-2026 19:31:11] Delete of nonexisting embedding ID: 3459dcc71b884876c8aa707e725b50b5_51
[31mERROR[0m:    [02-07-2026 19:31:12] Failed to send telemetry event CollectionDeleteEvent: capture() takes 1 positional argument but 3 were given
[32mINFO[0m:     [02-07-2026 19:31:12] 127.0.0.1:58567 - "POST /api/v1/collections/04b9833e-32a9-4ce2-877d-ac206ff5d36f/delete HTTP/1.1" 200
[33mWARNING[0m:  [02-07-2026 19:31:12] Delete of nonexisting embedding ID: 3459dcc71b884876c8aa707e725b50b5_391
[33mWARNING[0m:  [02-07-2026 19:31:12] Delete of nonexisting embedding ID: 3459dcc71b884876c8aa707e725b50b5_391
[31mERROR[0m:    [02-07-2026 19:31:12] Failed to send telemetry event CollectionDeleteEvent: capture() takes 1 positional argument but 3 were given
[32mINFO[0m:     [02-07-2026 19:31:12] 127.0.0.1:58567 - "POST /api/v1/collections/04b9833e-32a9-4ce2-877d-ac206ff5d36f/delete HTTP/1.1" 200
[33mWARNING[0m:  [02-07-2026 19:31:12] Delete of nonexisting embedding ID: 3459dcc71b884876c8aa707e725b50b5_182
[33mWARNING[0m:  [02-07-2026 19:31:12] Delete of nonexisting embedding ID: 3459dcc71b884876c8aa707e725b50b5_182
[31mERROR[0m:    [02-07-2026 19:31:12] Failed to send telemetry event CollectionDeleteEvent: capture() takes 1 positional argument but 3 were given
[32mINFO[0m:     [02-07-2026 19:31:12] 127.0.0.1:58567 - "POST /api/v1/collections/04b9833e-32a9-4ce2-877d-ac206ff5d36f/delete HTTP/1.1" 200
[33mWARNING[0m:  [02-07-2026 19:31:12] Delete of nonexisting embedding ID: 3459dcc71b884876c8aa707e725b50b5_161
[33mWARNING[0m:  [02-07-2026 19:31:12] Delete of nonexisting embedding ID: 3459dcc71b884876c8aa707e725b50b5_161
[31mERROR[0m:    [02-07-2026 19:31:12] Failed to send telemetry event CollectionDeleteEvent: capture() takes 1 positional argument but 3 were given
[32mINFO[0m:     [02-07-2026 19:31:12] 127.0.0.1:58567 - "POST /api/v1/collections/04b9833e-32a9-4ce2-877d-ac206ff5d36f/delete HTTP/1.1" 200
[33mWARNING[0m:  [02-07-2026 19:31:12] Delete of nonexisting embedding ID: 3459dcc71b884876c8aa707e725b50b5_80
[33mWARNING[0m:  [02-07-2026 19:31:12] Delete of nonexisting embedding ID: 3459dcc71b884876c8aa707e725b50b5_80
[31mERROR[0m:    [02-07-2026 19:31:12] Failed to send telemetry event CollectionDeleteEvent: capture() takes 1 positional argument but 3 were given
[32mINFO[0m:     [02-07-2026 19:31:12] 127.0.0.1:58567 - "POST /api/v1/collections/04b9833e-32a9-4ce2-877d-ac206ff5d36f/delete HTTP/1.1" 200
[33mWARNING[0m:  [02-07-2026 19:31:12] Delete of nonexisting embedding ID: 3459dcc71b884876c8aa707e725b50b5_3
[33mWARNING[0m:  [02-07-2026 19:31:12] Delete of nonexisting embedding ID: 3459dcc71b884876c8aa707e725b50b5_3
[31mERROR[0m:    [02-07-2026 19:31:12] Failed to send telemetry event CollectionDeleteEvent: capture() takes 1 positional argument but 3 were given
[32mINFO[0m:     [02-07-2026 19:31:12] 127.0.0.1:58567 - "POST /api/v1/collections/04b9833e-32a9-4ce2-877d-ac206ff5d36f/delete HTTP/1.1" 200
[33mWARNING[0m:  [02-07-2026 19:31:12] Delete of nonexisting embedding ID: 3459dcc71b884876c8aa707e725b50b5_359
[33mWARNING[0m:  [02-07-2026 19:31:12] Delete of nonexisting embedding ID: 3459dcc71b884876c8aa707e725b50b5_359
[31mERROR[0m:    [02-07-2026 19:31:13] Failed to send telemetry event CollectionDeleteEvent: capture() takes 1 positional argument but 3 were given
[32mINFO[0m:     [02-07-2026 19:31:13] 127.0.0.1:58567 - "POST /api/v1/collections/04b9833e-32a9-4ce2-877d-ac206ff5d36f/delete HTTP/1.1" 200
[33mWARNING[0m:  [02-07-2026 19:31:13] Delete of nonexisting embedding ID: 3459dcc71b884876c8aa707e725b50b5_246
[33mWARNING[0m:  [02-07-2026 19:31:13] Delete of nonexisting embedding ID: 3459dcc71b884876c8aa707e725b50b5_246
[31mERROR[0m:    [02-07-2026 19:31:14] Failed to send telemetry event CollectionDeleteEvent: capture() takes 1 positional argument but 3 were given
[32mINFO[0m:     [02-07-2026 19:31:14] 127.0.0.1:58567 - "POST /api/v1/collections/04b9833e-32a9-4ce2-877d-ac206ff5d36f/delete HTTP/1.1" 200
[33mWARNING[0m:  [02-07-2026 19:31:14] Delete of nonexisting embedding ID: 3459dcc71b884876c8aa707e725b50b5_224
[33mWARNING[0m:  [02-07-2026 19:31:14] Delete of nonexisting embedding ID: 3459dcc71b884876c8aa707e725b50b5_224
[31mERROR[0m:    [02-07-2026 19:31:14] Failed to send telemetry event CollectionDeleteEvent: capture() takes 1 positional argument but 3 were given
[32mINFO[0m:     [02-07-2026 19:31:14] 127.0.0.1:58567 - "POST /api/v1/collections/04b9833e-32a9-4ce2-877d-ac206ff5d36f/delete HTTP/1.1" 200
[33mWARNING[0m:  [02-07-2026 19:31:14] Delete of nonexisting embedding ID: 3459dcc71b884876c8aa707e725b50b5_111
[33mWARNING[0m:  [02-07-2026 19:31:14] Delete of nonexisting embedding ID: 3459dcc71b884876c8aa707e725b50b5_111
[31mERROR[0m:    [02-07-2026 19:31:14] Failed to send telemetry event CollectionDeleteEvent: capture() takes 1 positional argument but 3 were given
[32mINFO[0m:     [02-07-2026 19:31:14] 127.0.0.1:58567 - "POST /api/v1/collections/04b9833e-32a9-4ce2-877d-ac206ff5d36f/delete HTTP/1.1" 200
[33mWARNING[0m:  [02-07-2026 19:31:14] Delete of nonexisting embedding ID: 3459dcc71b884876c8aa707e725b50b5_102
[33mWARNING[0m:  [02-07-2026 19:31:14] Delete of nonexisting embedding ID: 3459dcc71b884876c8aa707e725b50b5_102
[31mERROR[0m:    [02-07-2026 19:31:14] Failed to send telemetry event CollectionDeleteEvent: capture() takes 1 positional argument but 3 were given
[32mINFO[0m:     [02-07-2026 19:31:14] 127.0.0.1:58567 - "POST /api/v1/collections/04b9833e-32a9-4ce2-877d-ac206ff5d36f/delete HTTP/1.1" 200
[33mWARNING[0m:  [02-07-2026 19:31:14] Delete of nonexisting embedding ID: 3459dcc71b884876c8aa707e725b50b5_249
[33mWARNING[0m:  [02-07-2026 19:31:14] Delete of nonexisting embedding ID: 3459dcc71b884876c8aa707e725b50b5_249
[31mERROR[0m:    [02-07-2026 19:31:14] Failed to send telemetry event CollectionDeleteEvent: capture() takes 1 positional argument but 3 were given
[32mINFO[0m:     [02-07-2026 19:31:14] 127.0.0.1:58567 - "POST /api/v1/collections/04b9833e-32a9-4ce2-877d-ac206ff5d36f/delete HTTP/1.1" 200
[33mWARNING[0m:  [02-07-2026 19:31:14] Delete of nonexisting embedding ID: 3459dcc71b884876c8aa707e725b50b5_181
[33mWARNING[0m:  [02-07-2026 19:31:14] Delete of nonexisting embedding ID: 3459dcc71b884876c8aa707e725b50b5_181
[31mERROR[0m:    [02-07-2026 19:31:14] Failed to send telemetry event CollectionDeleteEvent: capture() takes 1 positional argument but 3 were given
[32mINFO[0m:     [02-07-2026 19:31:14] 127.0.0.1:58567 - "POST /api/v1/collections/04b9833e-32a9-4ce2-877d-ac206ff5d36f/delete HTTP/1.1" 200
[33mWARNING[0m:  [02-07-2026 19:31:14] Delete of nonexisting embedding ID: 3459dcc71b884876c8aa707e725b50b5_24
[33mWARNING[0m:  [02-07-2026 19:31:14] Delete of nonexisting embedding ID: 3459dcc71b884876c8aa707e725b50b5_24
[31mERROR[0m:    [02-07-2026 19:31:14] Failed to send telemetry event CollectionDeleteEvent: capture() takes 1 positional argument but 3 were given
[32mINFO[0m:     [02-07-2026 19:31:14] 127.0.0.1:58567 - "POST /api/v1/collections/04b9833e-32a9-4ce2-877d-ac206ff5d36f/delete HTTP/1.1" 200
[33mWARNING[0m:  [02-07-2026 19:31:14] Delete of nonexisting embedding ID: 3459dcc71b884876c8aa707e725b50b5_167
[33mWARNING[0m:  [02-07-2026 19:31:14] Delete of nonexisting embedding ID: 3459dcc71b884876c8aa707e725b50b5_167
[31mERROR[0m:    [02-07-2026 19:31:15] Failed to send telemetry event CollectionDeleteEvent: capture() takes 1 positional argument but 3 were given
[32mINFO[0m:     [02-07-2026 19:31:15] 127.0.0.1:58567 - "POST /api/v1/collections/04b9833e-32a9-4ce2-877d-ac206ff5d36f/delete HTTP/1.1" 200
[33mWARNING[0m:  [02-07-2026 19:31:15] Delete of nonexisting embedding ID: 3459dcc71b884876c8aa707e725b50b5_206
[33mWARNING[0m:  [02-07-2026 19:31:15] Delete of nonexisting embedding ID: 3459dcc71b884876c8aa707e725b50b5_206
[31mERROR[0m:    [02-07-2026 19:31:15] Failed to send telemetry event CollectionDeleteEvent: capture() takes 1 positional argument but 3 were given
[32mINFO[0m:     [02-07-2026 19:31:15] 127.0.0.1:58567 - "POST /api/v1/collections/04b9833e-32a9-4ce2-877d-ac206ff5d36f/delete HTTP/1.1" 200
[33mWARNING[0m:  [02-07-2026 19:31:15] Delete of nonexisting embedding ID: 3459dcc71b884876c8aa707e725b50b5_248
[33mWARNING[0m:  [02-07-2026 19:31:15] Delete of nonexisting embedding ID: 3459dcc71b884876c8aa707e725b50b5_248
[31mERROR[0m:    [02-07-2026 19:31:15] Failed to send telemetry event CollectionDeleteEvent: capture() takes 1 positional argument but 3 were given
[32mINFO[0m:     [02-07-2026 19:31:15] 127.0.0.1:58567 - "POST /api/v1/collections/04b9833e-32a9-4ce2-877d-ac206ff5d36f/delete HTTP/1.1" 200
[33mWARNING[0m:  [02-07-2026 19:31:15] Delete of nonexisting embedding ID: 3459dcc71b884876c8aa707e725b50b5_88
[33mWARNING[0m:  [02-07-2026 19:31:15] Delete of nonexisting embedding ID: 3459dcc71b884876c8aa707e725b50b5_88
[31mERROR[0m:    [02-07-2026 19:31:15] Failed to send telemetry event CollectionDeleteEvent: capture() takes 1 positional argument but 3 were given
[32mINFO[0m:     [02-07-2026 19:31:15] 127.0.0.1:58567 - "POST /api/v1/collections/04b9833e-32a9-4ce2-877d-ac206ff5d36f/delete HTTP/1.1" 200
[33mWARNING[0m:  [02-07-2026 19:31:15] Delete of nonexisting embedding ID: 3459dcc71b884876c8aa707e725b50b5_141
[33mWARNING[0m:  [02-07-2026 19:31:15] Delete of nonexisting embedding ID: 3459dcc71b884876c8aa707e725b50b5_141
[31mERROR[0m:    [02-07-2026 19:31:15] Failed to send telemetry event CollectionDeleteEvent: capture() takes 1 positional argument but 3 were given
[32mINFO[0m:     [02-07-2026 19:31:15] 127.0.0.1:58567 - "POST /api/v1/collections/04b9833e-32a9-4ce2-877d-ac206ff5d36f/delete HTTP/1.1" 200
[33mWARNING[0m:  [02-07-2026 19:31:15] Delete of nonexisting embedding ID: 3459dcc71b884876c8aa707e725b50b5_339
[33mWARNING[0m:  [02-07-2026 19:31:15] Delete of nonexisting embedding ID: 3459dcc71b884876c8aa707e725b50b5_339
[31mERROR[0m:    [02-07-2026 19:31:15] Failed to send telemetry event CollectionDeleteEvent: capture() takes 1 positional argument but 3 were given
[32mINFO[0m:     [02-07-2026 19:31:15] 127.0.0.1:58567 - "POST /api/v1/collections/04b9833e-32a9-4ce2-877d-ac206ff5d36f/delete HTTP/1.1" 200
[33mWARNING[0m:  [02-07-2026 19:31:15] Delete of nonexisting embedding ID: 3459dcc71b884876c8aa707e725b50b5_87
[33mWARNING[0m:  [02-07-2026 19:31:15] Delete of nonexisting embedding ID: 3459dcc71b884876c8aa707e725b50b5_87
[31mERROR[0m:    [02-07-2026 19:31:16] Failed to send telemetry event CollectionDeleteEvent: capture() takes 1 positional argument but 3 were given
[32mINFO[0m:     [02-07-2026 19:31:16] 127.0.0.1:58567 - "POST /api/v1/collections/04b9833e-32a9-4ce2-877d-ac206ff5d36f/delete HTTP/1.1" 200
[33mWARNING[0m:  [02-07-2026 19:31:16] Delete of nonexisting embedding ID: 3459dcc71b884876c8aa707e725b50b5_346
[33mWARNING[0m:  [02-07-2026 19:31:16] Delete of nonexisting embedding ID: 3459dcc71b884876c8aa707e725b50b5_346
[31mERROR[0m:    [02-07-2026 19:31:16] Failed to send telemetry event CollectionDeleteEvent: capture() takes 1 positional argument but 3 were given
[32mINFO[0m:     [02-07-2026 19:31:16] 127.0.0.1:58567 - "POST /api/v1/collections/04b9833e-32a9-4ce2-877d-ac206ff5d36f/delete HTTP/1.1" 200
[33mWARNING[0m:  [02-07-2026 19:31:16] Delete of nonexisting embedding ID: 3459dcc71b884876c8aa707e725b50b5_367
[33mWARNING[0m:  [02-07-2026 19:31:16] Delete of nonexisting embedding ID: 3459dcc71b884876c8aa707e725b50b5_367
[31mERROR[0m:    [02-07-2026 19:31:16] Failed to send telemetry event CollectionDeleteEvent: capture() takes 1 positional argument but 3 were given
[32mINFO[0m:     [02-07-2026 19:31:16] 127.0.0.1:58567 - "POST /api/v1/collections/04b9833e-32a9-4ce2-877d-ac206ff5d36f/delete HTTP/1.1" 200
[33mWARNING[0m:  [02-07-2026 19:31:16] Delete of nonexisting embedding ID: 3459dcc71b884876c8aa707e725b50b5_406
[33mWARNING[0m:  [02-07-2026 19:31:16] Delete of nonexisting embedding ID: 3459dcc71b884876c8aa707e725b50b5_406
[31mERROR[0m:    [02-07-2026 19:31:16] Failed to send telemetry event CollectionDeleteEvent: capture() takes 1 positional argument but 3 were given
[32mINFO[0m:     [02-07-2026 19:31:16] 127.0.0.1:58567 - "POST /api/v1/collections/04b9833e-32a9-4ce2-877d-ac206ff5d36f/delete HTTP/1.1" 200
[33mWARNING[0m:  [02-07-2026 19:31:16] Delete of nonexisting embedding ID: 3459dcc71b884876c8aa707e725b50b5_162
[33mWARNING[0m:  [02-07-2026 19:31:16] Delete of nonexisting embedding ID: 3459dcc71b884876c8aa707e725b50b5_162
[31mERROR[0m:    [02-07-2026 19:31:16] Failed to send telemetry event CollectionDeleteEvent: capture() takes 1 positional argument but 3 were given
[32mINFO[0m:     [02-07-2026 19:31:16] 127.0.0.1:58567 - "POST /api/v1/collections/04b9833e-32a9-4ce2-877d-ac206ff5d36f/delete HTTP/1.1" 200
[33mWARNING[0m:  [02-07-2026 19:31:16] Delete of nonexisting embedding ID: 3459dcc71b884876c8aa707e725b50b5_333
[33mWARNING[0m:  [02-07-2026 19:31:16] Delete of nonexisting embedding ID: 3459dcc71b884876c8aa707e725b50b5_333
[31mERROR[0m:    [02-07-2026 19:31:16] Failed to send telemetry event CollectionDeleteEvent: capture() takes 1 positional argument but 3 were given
[32mINFO[0m:     [02-07-2026 19:31:16] 127.0.0.1:58567 - "POST /api/v1/collections/04b9833e-32a9-4ce2-877d-ac206ff5d36f/delete HTTP/1.1" 200
[33mWARNING[0m:  [02-07-2026 19:31:16] Delete of nonexisting embedding ID: 3459dcc71b884876c8aa707e725b50b5_364
[33mWARNING[0m:  [02-07-2026 19:31:16] Delete of nonexisting embedding ID: 3459dcc71b884876c8aa707e725b50b5_364
[31mERROR[0m:    [02-07-2026 19:31:16] Failed to send telemetry event CollectionDeleteEvent: capture() takes 1 positional argument but 3 were given
[32mINFO[0m:     [02-07-2026 19:31:16] 127.0.0.1:58567 - "POST /api/v1/collections/04b9833e-32a9-4ce2-877d-ac206ff5d36f/delete HTTP/1.1" 200
[33mWARNING[0m:  [02-07-2026 19:31:16] Delete of nonexisting embedding ID: 3459dcc71b884876c8aa707e725b50b5_372
[33mWARNING[0m:  [02-07-2026 19:31:16] Delete of nonexisting embedding ID: 3459dcc71b884876c8aa707e725b50b5_372
[31mERROR[0m:    [02-07-2026 19:31:17] Failed to send telemetry event CollectionDeleteEvent: capture() takes 1 positional argument but 3 were given
[32mINFO[0m:     [02-07-2026 19:31:17] 127.0.0.1:58567 - "POST /api/v1/collections/04b9833e-32a9-4ce2-877d-ac206ff5d36f/delete HTTP/1.1" 200
[33mWARNING[0m:  [02-07-2026 19:31:17] Delete of nonexisting embedding ID: 3459dcc71b884876c8aa707e725b50b5_144
[33mWARNING[0m:  [02-07-2026 19:31:17] Delete of nonexisting embedding ID: 3459dcc71b884876c8aa707e725b50b5_144
[31mERROR[0m:    [02-07-2026 19:31:17] Failed to send telemetry event CollectionDeleteEvent: capture() takes 1 positional argument but 3 were given
[32mINFO[0m:     [02-07-2026 19:31:17] 127.0.0.1:58567 - "POST /api/v1/collections/04b9833e-32a9-4ce2-877d-ac206ff5d36f/delete HTTP/1.1" 200
[33mWARNING[0m:  [02-07-2026 19:31:17] Delete of nonexisting embedding ID: 3459dcc71b884876c8aa707e725b50b5_139
[33mWARNING[0m:  [02-07-2026 19:31:17] Delete of nonexisting embedding ID: 3459dcc71b884876c8aa707e725b50b5_139
[31mERROR[0m:    [02-07-2026 19:31:17] Failed to send telemetry event CollectionDeleteEvent: capture() takes 1 positional argument but 3 were given
[32mINFO[0m:     [02-07-2026 19:31:17] 127.0.0.1:58567 - "POST /api/v1/collections/04b9833e-32a9-4ce2-877d-ac206ff5d36f/delete HTTP/1.1" 200
[33mWARNING[0m:  [02-07-2026 19:31:17] Delete of nonexisting embedding ID: 3459dcc71b884876c8aa707e725b50b5_245
[33mWARNING[0m:  [02-07-2026 19:31:17] Delete of nonexisting embedding ID: 3459dcc71b884876c8aa707e725b50b5_245
[31mERROR[0m:    [02-07-2026 19:31:17] Failed to send telemetry event CollectionDeleteEvent: capture() takes 1 positional argument but 3 were given
[32mINFO[0m:     [02-07-2026 19:31:17] 127.0.0.1:58567 - "POST /api/v1/collections/04b9833e-32a9-4ce2-877d-ac206ff5d36f/delete HTTP/1.1" 200
[33mWARNING[0m:  [02-07-2026 19:31:17] Delete of nonexisting embedding ID: 3459dcc71b884876c8aa707e725b50b5_358
[33mWARNING[0m:  [02-07-2026 19:31:17] Delete of nonexisting embedding ID: 3459dcc71b884876c8aa707e725b50b5_358
[31mERROR[0m:    [02-07-2026 19:31:17] Failed to send telemetry event CollectionDeleteEvent: capture() takes 1 positional argument but 3 were given
[32mINFO[0m:     [02-07-2026 19:31:17] 127.0.0.1:58567 - "POST /api/v1/collections/04b9833e-32a9-4ce2-877d-ac206ff5d36f/delete HTTP/1.1" 200
[33mWARNING[0m:  [02-07-2026 19:31:17] Delete of nonexisting embedding ID: 3459dcc71b884876c8aa707e725b50b5_377
[33mWARNING[0m:  [02-07-2026 19:31:17] Delete of nonexisting embedding ID: 3459dcc71b884876c8aa707e725b50b5_377
[31mERROR[0m:    [02-07-2026 19:31:17] Failed to send telemetry event CollectionDeleteEvent: capture() takes 1 positional argument but 3 were given
[32mINFO[0m:     [02-07-2026 19:31:17] 127.0.0.1:58567 - "POST /api/v1/collections/04b9833e-32a9-4ce2-877d-ac206ff5d36f/delete HTTP/1.1" 200
[33mWARNING[0m:  [02-07-2026 19:31:17] Delete of nonexisting embedding ID: 3459dcc71b884876c8aa707e725b50b5_405
[33mWARNING[0m:  [02-07-2026 19:31:17] Delete of nonexisting embedding ID: 3459dcc71b884876c8aa707e725b50b5_405
[31mERROR[0m:    [02-07-2026 19:31:18] Failed to send telemetry event CollectionDeleteEvent: capture() takes 1 positional argument but 3 were given
[32mINFO[0m:     [02-07-2026 19:31:18] 127.0.0.1:58567 - "POST /api/v1/collections/04b9833e-32a9-4ce2-877d-ac206ff5d36f/delete HTTP/1.1" 200
[33mWARNING[0m:  [02-07-2026 19:31:18] Delete of nonexisting embedding ID: 3459dcc71b884876c8aa707e725b50b5_242
[33mWARNING[0m:  [02-07-2026 19:31:18] Delete of nonexisting embedding ID: 3459dcc71b884876c8aa707e725b50b5_242
[31mERROR[0m:    [02-07-2026 19:31:18] Failed to send telemetry event CollectionDeleteEvent: capture() takes 1 positional argument but 3 were given
[32mINFO[0m:     [02-07-2026 19:31:18] 127.0.0.1:58567 - "POST /api/v1/collections/04b9833e-32a9-4ce2-877d-ac206ff5d36f/delete HTTP/1.1" 200
[33mWARNING[0m:  [02-07-2026 19:31:18] Delete of nonexisting embedding ID: 3459dcc71b884876c8aa707e725b50b5_150
[33mWARNING[0m:  [02-07-2026 19:31:18] Delete of nonexisting embedding ID: 3459dcc71b884876c8aa707e725b50b5_150
[31mERROR[0m:    [02-07-2026 19:31:18] Failed to send telemetry event CollectionDeleteEvent: capture() takes 1 positional argument but 3 were given
[32mINFO[0m:     [02-07-2026 19:31:18] 127.0.0.1:58567 - "POST /api/v1/collections/04b9833e-32a9-4ce2-877d-ac206ff5d36f/delete HTTP/1.1" 200
[33mWARNING[0m:  [02-07-2026 19:31:18] Delete of nonexisting embedding ID: 3459dcc71b884876c8aa707e725b50b5_19
[33mWARNING[0m:  [02-07-2026 19:31:18] Delete of nonexisting embedding ID: 3459dcc71b884876c8aa707e725b50b5_19
[31mERROR[0m:    [02-07-2026 19:31:18] Failed to send telemetry event CollectionDeleteEvent: capture() takes 1 positional argument but 3 were given
[32mINFO[0m:     [02-07-2026 19:31:18] 127.0.0.1:58567 - "POST /api/v1/collections/04b9833e-32a9-4ce2-877d-ac206ff5d36f/delete HTTP/1.1" 200
[33mWARNING[0m:  [02-07-2026 19:31:18] Delete of nonexisting embedding ID: 3459dcc71b884876c8aa707e725b50b5_82
[33mWARNING[0m:  [02-07-2026 19:31:18] Delete of nonexisting embedding ID: 3459dcc71b884876c8aa707e725b50b5_82
[31mERROR[0m:    [02-07-2026 19:31:18] Failed to send telemetry event CollectionDeleteEvent: capture() takes 1 positional argument but 3 were given
[32mINFO[0m:     [02-07-2026 19:31:18] 127.0.0.1:58567 - "POST /api/v1/collections/04b9833e-32a9-4ce2-877d-ac206ff5d36f/delete HTTP/1.1" 200
[33mWARNING[0m:  [02-07-2026 19:31:18] Delete of nonexisting embedding ID: 3459dcc71b884876c8aa707e725b50b5_214
[33mWARNING[0m:  [02-07-2026 19:31:18] Delete of nonexisting embedding ID: 3459dcc71b884876c8aa707e725b50b5_214
[31mERROR[0m:    [02-07-2026 19:31:18] Failed to send telemetry event CollectionDeleteEvent: capture() takes 1 positional argument but 3 were given
[32mINFO[0m:     [02-07-2026 19:31:18] 127.0.0.1:58567 - "POST /api/v1/collections/04b9833e-32a9-4ce2-877d-ac206ff5d36f/delete HTTP/1.1" 200
[33mWARNING[0m:  [02-07-2026 19:31:18] Delete of nonexisting embedding ID: 3459dcc71b884876c8aa707e725b50b5_360
[33mWARNING[0m:  [02-07-2026 19:31:18] Delete of nonexisting embedding ID: 3459dcc71b884876c8aa707e725b50b5_360
[31mERROR[0m:    [02-07-2026 19:31:19] Failed to send telemetry event CollectionDeleteEvent: capture() takes 1 positional argument but 3 were given
[32mINFO[0m:     [02-07-2026 19:31:19] 127.0.0.1:58567 - "POST /api/v1/collections/04b9833e-32a9-4ce2-877d-ac206ff5d36f/delete HTTP/1.1" 200
[33mWARNING[0m:  [02-07-2026 19:31:19] Delete of nonexisting embedding ID: 3459dcc71b884876c8aa707e725b50b5_190
[33mWARNING[0m:  [02-07-2026 19:31:19] Delete of nonexisting embedding ID: 3459dcc71b884876c8aa707e725b50b5_190
[31mERROR[0m:    [02-07-2026 19:31:19] Failed to send telemetry event CollectionDeleteEvent: capture() takes 1 positional argument but 3 were given
[32mINFO[0m:     [02-07-2026 19:31:19] 127.0.0.1:58567 - "POST /api/v1/collections/04b9833e-32a9-4ce2-877d-ac206ff5d36f/delete HTTP/1.1" 200
[33mWARNING[0m:  [02-07-2026 19:31:19] Delete of nonexisting embedding ID: 3459dcc71b884876c8aa707e725b50b5_127
[33mWARNING[0m:  [02-07-2026 19:31:19] Delete of nonexisting embedding ID: 3459dcc71b884876c8aa707e725b50b5_127
[31mERROR[0m:    [02-07-2026 19:31:19] Failed to send telemetry event CollectionDeleteEvent: capture() takes 1 positional argument but 3 were given
[32mINFO[0m:     [02-07-2026 19:31:19] 127.0.0.1:58567 - "POST /api/v1/collections/04b9833e-32a9-4ce2-877d-ac206ff5d36f/delete HTTP/1.1" 200
[33mWARNING[0m:  [02-07-2026 19:31:19] Delete of nonexisting embedding ID: 3459dcc71b884876c8aa707e725b50b5_166
[33mWARNING[0m:  [02-07-2026 19:31:19] Delete of nonexisting embedding ID: 3459dcc71b884876c8aa707e725b50b5_166
[31mERROR[0m:    [02-07-2026 19:31:19] Failed to send telemetry event CollectionDeleteEvent: capture() takes 1 positional argument but 3 were given
[32mINFO[0m:     [02-07-2026 19:31:19] 127.0.0.1:58567 - "POST /api/v1/collections/04b9833e-32a9-4ce2-877d-ac206ff5d36f/delete HTTP/1.1" 200
[33mWARNING[0m:  [02-07-2026 19:31:19] Delete of nonexisting embedding ID: 3459dcc71b884876c8aa707e725b50b5_210
[33mWARNING[0m:  [02-07-2026 19:31:19] Delete of nonexisting embedding ID: 3459dcc71b884876c8aa707e725b50b5_210
[31mERROR[0m:    [02-07-2026 19:31:19] Failed to send telemetry event CollectionDeleteEvent: capture() takes 1 positional argument but 3 were given
[32mINFO[0m:     [02-07-2026 19:31:19] 127.0.0.1:58567 - "POST /api/v1/collections/04b9833e-32a9-4ce2-877d-ac206ff5d36f/delete HTTP/1.1" 200
[33mWARNING[0m:  [02-07-2026 19:31:19] Delete of nonexisting embedding ID: 3459dcc71b884876c8aa707e725b50b5_334
[33mWARNING[0m:  [02-07-2026 19:31:19] Delete of nonexisting embedding ID: 3459dcc71b884876c8aa707e725b50b5_334
[31mERROR[0m:    [02-07-2026 19:31:20] Failed to send telemetry event CollectionDeleteEvent: capture() takes 1 positional argument but 3 were given
[32mINFO[0m:     [02-07-2026 19:31:20] 127.0.0.1:58567 - "POST /api/v1/collections/04b9833e-32a9-4ce2-877d-ac206ff5d36f/delete HTTP/1.1" 200
[33mWARNING[0m:  [02-07-2026 19:31:20] Delete of nonexisting embedding ID: 3459dcc71b884876c8aa707e725b50b5_185
[33mWARNING[0m:  [02-07-2026 19:31:20] Delete of nonexisting embedding ID: 3459dcc71b884876c8aa707e725b50b5_185
[31mERROR[0m:    [02-07-2026 19:31:20] Failed to send telemetry event CollectionDeleteEvent: capture() takes 1 positional argument but 3 were given
[32mINFO[0m:     [02-07-2026 19:31:20] 127.0.0.1:58567 - "POST /api/v1/collections/04b9833e-32a9-4ce2-877d-ac206ff5d36f/delete HTTP/1.1" 200
[33mWARNING[0m:  [02-07-2026 19:31:20] Delete of nonexisting embedding ID: 3459dcc71b884876c8aa707e725b50b5_72
[33mWARNING[0m:  [02-07-2026 19:31:20] Delete of nonexisting embedding ID: 3459dcc71b884876c8aa707e725b50b5_72
[31mERROR[0m:    [02-07-2026 19:31:20] Failed to send telemetry event CollectionDeleteEvent: capture() takes 1 positional argument but 3 were given
[32mINFO[0m:     [02-07-2026 19:31:20] 127.0.0.1:58567 - "POST /api/v1/collections/04b9833e-32a9-4ce2-877d-ac206ff5d36f/delete HTTP/1.1" 200
[33mWARNING[0m:  [02-07-2026 19:31:20] Delete of nonexisting embedding ID: 3459dcc71b884876c8aa707e725b50b5_26
[33mWARNING[0m:  [02-07-2026 19:31:20] Delete of nonexisting embedding ID: 3459dcc71b884876c8aa707e725b50b5_26
[31mERROR[0m:    [02-07-2026 19:31:20] Failed to send telemetry event CollectionDeleteEvent: capture() takes 1 positional argument but 3 were given
[32mINFO[0m:     [02-07-2026 19:31:20] 127.0.0.1:58567 - "POST /api/v1/collections/04b9833e-32a9-4ce2-877d-ac206ff5d36f/delete HTTP/1.1" 200
[33mWARNING[0m:  [02-07-2026 19:31:20] Delete of nonexisting embedding ID: 3459dcc71b884876c8aa707e725b50b5_169
[33mWARNING[0m:  [02-07-2026 19:31:20] Delete of nonexisting embedding ID: 3459dcc71b884876c8aa707e725b50b5_169
[31mERROR[0m:    [02-07-2026 19:31:20] Failed to send telemetry event CollectionDeleteEvent: capture() takes 1 positional argument but 3 were given
[32mINFO[0m:     [02-07-2026 19:31:20] 127.0.0.1:58567 - "POST /api/v1/collections/04b9833e-32a9-4ce2-877d-ac206ff5d36f/delete HTTP/1.1" 200
[33mWARNING[0m:  [02-07-2026 19:31:20] Delete of nonexisting embedding ID: 3459dcc71b884876c8aa707e725b50b5_54
[33mWARNING[0m:  [02-07-2026 19:31:20] Delete of nonexisting embedding ID: 3459dcc71b884876c8aa707e725b50b5_54
[31mERROR[0m:    [02-07-2026 19:31:20] Failed to send telemetry event CollectionDeleteEvent: capture() takes 1 positional argument but 3 were given
[32mINFO[0m:     [02-07-2026 19:31:20] 127.0.0.1:58567 - "POST /api/v1/collections/04b9833e-32a9-4ce2-877d-ac206ff5d36f/delete HTTP/1.1" 200
[33mWARNING[0m:  [02-07-2026 19:31:20] Delete of nonexisting embedding ID: 3459dcc71b884876c8aa707e725b50b5_110
[33mWARNING[0m:  [02-07-2026 19:31:20] Delete of nonexisting embedding ID: 3459dcc71b884876c8aa707e725b50b5_110
[31mERROR[0m:    [02-07-2026 19:31:21] Failed to send telemetry event CollectionDeleteEvent: capture() takes 1 positional argument but 3 were given
[32mINFO[0m:     [02-07-2026 19:31:21] 127.0.0.1:58567 - "POST /api/v1/collections/04b9833e-32a9-4ce2-877d-ac206ff5d36f/delete HTTP/1.1" 200
[33mWARNING[0m:  [02-07-2026 19:31:21] Delete of nonexisting embedding ID: 3459dcc71b884876c8aa707e725b50b5_228
[33mWARNING[0m:  [02-07-2026 19:31:21] Delete of nonexisting embedding ID: 3459dcc71b884876c8aa707e725b50b5_228
[31mERROR[0m:    [02-07-2026 19:31:22] Failed to send telemetry event CollectionDeleteEvent: capture() takes 1 positional argument but 3 were given
[32mINFO[0m:     [02-07-2026 19:31:22] 127.0.0.1:58567 - "POST /api/v1/collections/04b9833e-32a9-4ce2-877d-ac206ff5d36f/delete HTTP/1.1" 200
[33mWARNING[0m:  [02-07-2026 19:31:22] Delete of nonexisting embedding ID: 3459dcc71b884876c8aa707e725b50b5_171
[33mWARNING[0m:  [02-07-2026 19:31:22] Delete of nonexisting embedding ID: 3459dcc71b884876c8aa707e725b50b5_171
[31mERROR[0m:    [02-07-2026 19:31:22] Failed to send telemetry event CollectionDeleteEvent: capture() takes 1 positional argument but 3 were given
[32mINFO[0m:     [02-07-2026 19:31:22] 127.0.0.1:58567 - "POST /api/v1/collections/04b9833e-32a9-4ce2-877d-ac206ff5d36f/delete HTTP/1.1" 200
[33mWARNING[0m:  [02-07-2026 19:31:22] Delete of nonexisting embedding ID: 3459dcc71b884876c8aa707e725b50b5_247
[33mWARNING[0m:  [02-07-2026 19:31:22] Delete of nonexisting embedding ID: 3459dcc71b884876c8aa707e725b50b5_247
[31mERROR[0m:    [02-07-2026 19:31:22] Failed to send telemetry event CollectionDeleteEvent: capture() takes 1 positional argument but 3 were given
[32mINFO[0m:     [02-07-2026 19:31:22] 127.0.0.1:58567 - "POST /api/v1/collections/04b9833e-32a9-4ce2-877d-ac206ff5d36f/delete HTTP/1.1" 200
[33mWARNING[0m:  [02-07-2026 19:31:22] Delete of nonexisting embedding ID: 3459dcc71b884876c8aa707e725b50b5_194
[33mWARNING[0m:  [02-07-2026 19:31:22] Delete of nonexisting embedding ID: 3459dcc71b884876c8aa707e725b50b5_194
[31mERROR[0m:    [02-07-2026 19:31:23] Failed to send telemetry event CollectionDeleteEvent: capture() takes 1 positional argument but 3 were given
[32mINFO[0m:     [02-07-2026 19:31:23] 127.0.0.1:58567 - "POST /api/v1/collections/04b9833e-32a9-4ce2-877d-ac206ff5d36f/delete HTTP/1.1" 200
[33mWARNING[0m:  [02-07-2026 19:31:23] Delete of nonexisting embedding ID: 3459dcc71b884876c8aa707e725b50b5_395
[33mWARNING[0m:  [02-07-2026 19:31:23] Delete of nonexisting embedding ID: 3459dcc71b884876c8aa707e725b50b5_395
[31mERROR[0m:    [02-07-2026 19:31:23] Failed to send telemetry event CollectionDeleteEvent: capture() takes 1 positional argument but 3 were given
[32mINFO[0m:     [02-07-2026 19:31:23] 127.0.0.1:58567 - "POST /api/v1/collections/04b9833e-32a9-4ce2-877d-ac206ff5d36f/delete HTTP/1.1" 200
[33mWARNING[0m:  [02-07-2026 19:31:23] Delete of nonexisting embedding ID: 3459dcc71b884876c8aa707e725b50b5_98
[33mWARNING[0m:  [02-07-2026 19:31:23] Delete of nonexisting embedding ID: 3459dcc71b884876c8aa707e725b50b5_98
[31mERROR[0m:    [02-07-2026 19:31:23] Failed to send telemetry event CollectionDeleteEvent: capture() takes 1 positional argument but 3 were given
[32mINFO[0m:     [02-07-2026 19:31:23] 127.0.0.1:58567 - "POST /api/v1/collections/04b9833e-32a9-4ce2-877d-ac206ff5d36f/delete HTTP/1.1" 200
[33mWARNING[0m:  [02-07-2026 19:31:23] Delete of nonexisting embedding ID: 3459dcc71b884876c8aa707e725b50b5_201
[33mWARNING[0m:  [02-07-2026 19:31:23] Delete of nonexisting embedding ID: 3459dcc71b884876c8aa707e725b50b5_201
[31mERROR[0m:    [02-07-2026 19:31:23] Failed to send telemetry event CollectionDeleteEvent: capture() takes 1 positional argument but 3 were given
[32mINFO[0m:     [02-07-2026 19:31:23] 127.0.0.1:58567 - "POST /api/v1/collections/04b9833e-32a9-4ce2-877d-ac206ff5d36f/delete HTTP/1.1" 200
[33mWARNING[0m:  [02-07-2026 19:31:23] Delete of nonexisting embedding ID: 3459dcc71b884876c8aa707e725b50b5_259
[33mWARNING[0m:  [02-07-2026 19:31:23] Delete of nonexisting embedding ID: 3459dcc71b884876c8aa707e725b50b5_259
[31mERROR[0m:    [02-07-2026 19:31:23] Failed to send telemetry event CollectionDeleteEvent: capture() takes 1 positional argument but 3 were given
[32mINFO[0m:     [02-07-2026 19:31:23] 127.0.0.1:58567 - "POST /api/v1/collections/04b9833e-32a9-4ce2-877d-ac206ff5d36f/delete HTTP/1.1" 200
[33mWARNING[0m:  [02-07-2026 19:31:24] Delete of nonexisting embedding ID: 3459dcc71b884876c8aa707e725b50b5_105
[33mWARNING[0m:  [02-07-2026 19:31:24] Delete of nonexisting embedding ID: 3459dcc71b884876c8aa707e725b50b5_105
[31mERROR[0m:    [02-07-2026 19:31:24] Failed to send telemetry event CollectionDeleteEvent: capture() takes 1 positional argument but 3 were given
[32mINFO[0m:     [02-07-2026 19:31:24] 127.0.0.1:58567 - "POST /api/v1/collections/04b9833e-32a9-4ce2-877d-ac206ff5d36f/delete HTTP/1.1" 200
[33mWARNING[0m:  [02-07-2026 19:31:24] Delete of nonexisting embedding ID: 3459dcc71b884876c8aa707e725b50b5_392
[33mWARNING[0m:  [02-07-2026 19:31:24] Delete of nonexisting embedding ID: 3459dcc71b884876c8aa707e725b50b5_392
[31mERROR[0m:    [02-07-2026 19:31:24] Failed to send telemetry event CollectionDeleteEvent: capture() takes 1 positional argument but 3 were given
[32mINFO[0m:     [02-07-2026 19:31:24] 127.0.0.1:58567 - "POST /api/v1/collections/04b9833e-32a9-4ce2-877d-ac206ff5d36f/delete HTTP/1.1" 200
[33mWARNING[0m:  [02-07-2026 19:31:24] Delete of nonexisting embedding ID: 3459dcc71b884876c8aa707e725b50b5_400
[33mWARNING[0m:  [02-07-2026 19:31:24] Delete of nonexisting embedding ID: 3459dcc71b884876c8aa707e725b50b5_400
[31mERROR[0m:    [02-07-2026 19:31:24] Failed to send telemetry event CollectionDeleteEvent: capture() takes 1 positional argument but 3 were given
[32mINFO[0m:     [02-07-2026 19:31:24] 127.0.0.1:58567 - "POST /api/v1/collections/04b9833e-32a9-4ce2-877d-ac206ff5d36f/delete HTTP/1.1" 200
[33mWARNING[0m:  [02-07-2026 19:31:24] Delete of nonexisting embedding ID: 3459dcc71b884876c8aa707e725b50b5_304
[33mWARNING[0m:  [02-07-2026 19:31:24] Delete of nonexisting embedding ID: 3459dcc71b884876c8aa707e725b50b5_304
[31mERROR[0m:    [02-07-2026 19:31:24] Failed to send telemetry event CollectionDeleteEvent: capture() takes 1 positional argument but 3 were given
[32mINFO[0m:     [02-07-2026 19:31:24] 127.0.0.1:58567 - "POST /api/v1/collections/04b9833e-32a9-4ce2-877d-ac206ff5d36f/delete HTTP/1.1" 200
[33mWARNING[0m:  [02-07-2026 19:31:24] Delete of nonexisting embedding ID: 3459dcc71b884876c8aa707e725b50b5_118
[33mWARNING[0m:  [02-07-2026 19:31:24] Delete of nonexisting embedding ID: 3459dcc71b884876c8aa707e725b50b5_118
[31mERROR[0m:    [02-07-2026 19:31:25] Failed to send telemetry event CollectionDeleteEvent: capture() takes 1 positional argument but 3 were given
[32mINFO[0m:     [02-07-2026 19:31:25] 127.0.0.1:58567 - "POST /api/v1/collections/04b9833e-32a9-4ce2-877d-ac206ff5d36f/delete HTTP/1.1" 200
[33mWARNING[0m:  [02-07-2026 19:31:25] Delete of nonexisting embedding ID: 3459dcc71b884876c8aa707e725b50b5_362
[33mWARNING[0m:  [02-07-2026 19:31:25] Delete of nonexisting embedding ID: 3459dcc71b884876c8aa707e725b50b5_362
[31mERROR[0m:    [02-07-2026 19:31:25] Failed to send telemetry event CollectionDeleteEvent: capture() takes 1 positional argument but 3 were given
[32mINFO[0m:     [02-07-2026 19:31:25] 127.0.0.1:58567 - "POST /api/v1/collections/04b9833e-32a9-4ce2-877d-ac206ff5d36f/delete HTTP/1.1" 200
[33mWARNING[0m:  [02-07-2026 19:31:25] Delete of nonexisting embedding ID: 3459dcc71b884876c8aa707e725b50b5_208
[33mWARNING[0m:  [02-07-2026 19:31:25] Delete of nonexisting embedding ID: 3459dcc71b884876c8aa707e725b50b5_208
[31mERROR[0m:    [02-07-2026 19:31:25] Failed to send telemetry event CollectionDeleteEvent: capture() takes 1 positional argument but 3 were given
[32mINFO[0m:     [02-07-2026 19:31:25] 127.0.0.1:58567 - "POST /api/v1/collections/04b9833e-32a9-4ce2-877d-ac206ff5d36f/delete HTTP/1.1" 200
[33mWARNING[0m:  [02-07-2026 19:31:25] Delete of nonexisting embedding ID: 3459dcc71b884876c8aa707e725b50b5_317
[33mWARNING[0m:  [02-07-2026 19:31:25] Delete of nonexisting embedding ID: 3459dcc71b884876c8aa707e725b50b5_317
[31mERROR[0m:    [02-07-2026 19:31:25] Failed to send telemetry event CollectionDeleteEvent: capture() takes 1 positional argument but 3 were given
[32mINFO[0m:     [02-07-2026 19:31:25] 127.0.0.1:58567 - "POST /api/v1/collections/04b9833e-32a9-4ce2-877d-ac206ff5d36f/delete HTTP/1.1" 200
[33mWARNING[0m:  [02-07-2026 19:31:25] Delete of nonexisting embedding ID: 3459dcc71b884876c8aa707e725b50b5_27
[33mWARNING[0m:  [02-07-2026 19:31:25] Delete of nonexisting embedding ID: 3459dcc71b884876c8aa707e725b50b5_27
[31mERROR[0m:    [02-07-2026 19:31:25] Failed to send telemetry event CollectionDeleteEvent: capture() takes 1 positional argument but 3 were given
[32mINFO[0m:     [02-07-2026 19:31:25] 127.0.0.1:58567 - "POST /api/v1/collections/04b9833e-32a9-4ce2-877d-ac206ff5d36f/delete HTTP/1.1" 200
[33mWARNING[0m:  [02-07-2026 19:31:25] Delete of nonexisting embedding ID: 3459dcc71b884876c8aa707e725b50b5_86
[33mWARNING[0m:  [02-07-2026 19:31:25] Delete of nonexisting embedding ID: 3459dcc71b884876c8aa707e725b50b5_86
[31mERROR[0m:    [02-07-2026 19:31:26] Failed to send telemetry event CollectionDeleteEvent: capture() takes 1 positional argument but 3 were given
[32mINFO[0m:     [02-07-2026 19:31:26] 127.0.0.1:58567 - "POST /api/v1/collections/04b9833e-32a9-4ce2-877d-ac206ff5d36f/delete HTTP/1.1" 200
[33mWARNING[0m:  [02-07-2026 19:31:26] Delete of nonexisting embedding ID: 3459dcc71b884876c8aa707e725b50b5_58
[33mWARNING[0m:  [02-07-2026 19:31:26] Delete of nonexisting embedding ID: 3459dcc71b884876c8aa707e725b50b5_58
[31mERROR[0m:    [02-07-2026 19:31:26] Failed to send telemetry event CollectionDeleteEvent: capture() takes 1 positional argument but 3 were given
[32mINFO[0m:     [02-07-2026 19:31:26] 127.0.0.1:58567 - "POST /api/v1/collections/04b9833e-32a9-4ce2-877d-ac206ff5d36f/delete HTTP/1.1" 200
[33mWARNING[0m:  [02-07-2026 19:31:26] Delete of nonexisting embedding ID: 3459dcc71b884876c8aa707e725b50b5_173
[33mWARNING[0m:  [02-07-2026 19:31:26] Delete of nonexisting embedding ID: 3459dcc71b884876c8aa707e725b50b5_173
[31mERROR[0m:    [02-07-2026 19:31:26] Failed to send telemetry event CollectionDeleteEvent: capture() takes 1 positional argument but 3 were given
[32mINFO[0m:     [02-07-2026 19:31:26] 127.0.0.1:58567 - "POST /api/v1/collections/04b9833e-32a9-4ce2-877d-ac206ff5d36f/delete HTTP/1.1" 200
[33mWARNING[0m:  [02-07-2026 19:31:26] Delete of nonexisting embedding ID: 3459dcc71b884876c8aa707e725b50b5_225
[33mWARNING[0m:  [02-07-2026 19:31:26] Delete of nonexisting embedding ID: 3459dcc71b884876c8aa707e725b50b5_225
[31mERROR[0m:    [02-07-2026 19:31:26] Failed to send telemetry event CollectionDeleteEvent: capture() takes 1 positional argument but 3 were given
[32mINFO[0m:     [02-07-2026 19:31:26] 127.0.0.1:58567 - "POST /api/v1/collections/04b9833e-32a9-4ce2-877d-ac206ff5d36f/delete HTTP/1.1" 200
[33mWARNING[0m:  [02-07-2026 19:31:26] Delete of nonexisting embedding ID: 3459dcc71b884876c8aa707e725b50b5_176
[33mWARNING[0m:  [02-07-2026 19:31:26] Delete of nonexisting embedding ID: 3459dcc71b884876c8aa707e725b50b5_176
[31mERROR[0m:    [02-07-2026 19:31:27] Failed to send telemetry event CollectionDeleteEvent: capture() takes 1 positional argument but 3 were given
[32mINFO[0m:     [02-07-2026 19:31:27] 127.0.0.1:58567 - "POST /api/v1/collections/04b9833e-32a9-4ce2-877d-ac206ff5d36f/delete HTTP/1.1" 200
[33mWARNING[0m:  [02-07-2026 19:31:27] Delete of nonexisting embedding ID: 3459dcc71b884876c8aa707e725b50b5_29
[33mWARNING[0m:  [02-07-2026 19:31:27] Delete of nonexisting embedding ID: 3459dcc71b884876c8aa707e725b50b5_29
[31mERROR[0m:    [02-07-2026 19:31:27] Failed to send telemetry event CollectionDeleteEvent: capture() takes 1 positional argument but 3 were given
[32mINFO[0m:     [02-07-2026 19:31:27] 127.0.0.1:58567 - "POST /api/v1/collections/04b9833e-32a9-4ce2-877d-ac206ff5d36f/delete HTTP/1.1" 200
[33mWARNING[0m:  [02-07-2026 19:31:27] Delete of nonexisting embedding ID: 3459dcc71b884876c8aa707e725b50b5_217
[33mWARNING[0m:  [02-07-2026 19:31:27] Delete of nonexisting embedding ID: 3459dcc71b884876c8aa707e725b50b5_217
[31mERROR[0m:    [02-07-2026 19:31:27] Failed to send telemetry event CollectionDeleteEvent: capture() takes 1 positional argument but 3 were given
[32mINFO[0m:     [02-07-2026 19:31:27] 127.0.0.1:58567 - "POST /api/v1/collections/04b9833e-32a9-4ce2-877d-ac206ff5d36f/delete HTTP/1.1" 200
[33mWARNING[0m:  [02-07-2026 19:31:27] Delete of nonexisting embedding ID: 3459dcc71b884876c8aa707e725b50b5_174
[33mWARNING[0m:  [02-07-2026 19:31:27] Delete of nonexisting embedding ID: 3459dcc71b884876c8aa707e725b50b5_174
[31mERROR[0m:    [02-07-2026 19:31:28] Failed to send telemetry event CollectionDeleteEvent: capture() takes 1 positional argument but 3 were given
[32mINFO[0m:     [02-07-2026 19:31:28] 127.0.0.1:58567 - "POST /api/v1/collections/04b9833e-32a9-4ce2-877d-ac206ff5d36f/delete HTTP/1.1" 200
[33mWARNING[0m:  [02-07-2026 19:31:28] Delete of nonexisting embedding ID: 3459dcc71b884876c8aa707e725b50b5_10
[33mWARNING[0m:  [02-07-2026 19:31:28] Delete of nonexisting embedding ID: 3459dcc71b884876c8aa707e725b50b5_10
[31mERROR[0m:    [02-07-2026 19:31:28] Failed to send telemetry event CollectionDeleteEvent: capture() takes 1 positional argument but 3 were given
[32mINFO[0m:     [02-07-2026 19:31:28] 127.0.0.1:58567 - "POST /api/v1/collections/04b9833e-32a9-4ce2-877d-ac206ff5d36f/delete HTTP/1.1" 200
[33mWARNING[0m:  [02-07-2026 19:31:28] Delete of nonexisting embedding ID: 3459dcc71b884876c8aa707e725b50b5_22
[33mWARNING[0m:  [02-07-2026 19:31:28] Delete of nonexisting embedding ID: 3459dcc71b884876c8aa707e725b50b5_22
[31mERROR[0m:    [02-07-2026 19:31:28] Failed to send telemetry event CollectionDeleteEvent: capture() takes 1 positional argument but 3 were given
[32mINFO[0m:     [02-07-2026 19:31:28] 127.0.0.1:58567 - "POST /api/v1/collections/04b9833e-32a9-4ce2-877d-ac206ff5d36f/delete HTTP/1.1" 200
[33mWARNING[0m:  [02-07-2026 19:31:28] Delete of nonexisting embedding ID: 3459dcc71b884876c8aa707e725b50b5_46
[33mWARNING[0m:  [02-07-2026 19:31:28] Delete of nonexisting embedding ID: 3459dcc71b884876c8aa707e725b50b5_46
[31mERROR[0m:    [02-07-2026 19:31:28] Failed to send telemetry event CollectionDeleteEvent: capture() takes 1 positional argument but 3 were given
[32mINFO[0m:     [02-07-2026 19:31:28] 127.0.0.1:58567 - "POST /api/v1/collections/04b9833e-32a9-4ce2-877d-ac206ff5d36f/delete HTTP/1.1" 200
[33mWARNING[0m:  [02-07-2026 19:31:28] Delete of nonexisting embedding ID: 3459dcc71b884876c8aa707e725b50b5_238
[33mWARNING[0m:  [02-07-2026 19:31:28] Delete of nonexisting embedding ID: 3459dcc71b884876c8aa707e725b50b5_238
[31mERROR[0m:    [02-07-2026 19:31:29] Failed to send telemetry event CollectionDeleteEvent: capture() takes 1 positional argument but 3 were given
[32mINFO[0m:     [02-07-2026 19:31:29] 127.0.0.1:58567 - "POST /api/v1/collections/04b9833e-32a9-4ce2-877d-ac206ff5d36f/delete HTTP/1.1" 200
[33mWARNING[0m:  [02-07-2026 19:31:29] Delete of nonexisting embedding ID: 3459dcc71b884876c8aa707e725b50b5_398
[33mWARNING[0m:  [02-07-2026 19:31:29] Delete of nonexisting embedding ID: 3459dcc71b884876c8aa707e725b50b5_398
[31mERROR[0m:    [02-07-2026 19:31:29] Failed to send telemetry event CollectionDeleteEvent: capture() takes 1 positional argument but 3 were given
[32mINFO[0m:     [02-07-2026 19:31:29] 127.0.0.1:58567 - "POST /api/v1/collections/04b9833e-32a9-4ce2-877d-ac206ff5d36f/delete HTTP/1.1" 200
[33mWARNING[0m:  [02-07-2026 19:31:29] Delete of nonexisting embedding ID: 3459dcc71b884876c8aa707e725b50b5_49
[33mWARNING[0m:  [02-07-2026 19:31:29] Delete of nonexisting embedding ID: 3459dcc71b884876c8aa707e725b50b5_49
[31mERROR[0m:    [02-07-2026 19:31:29] Failed to send telemetry event CollectionDeleteEvent: capture() takes 1 positional argument but 3 were given
[32mINFO[0m:     [02-07-2026 19:31:29] 127.0.0.1:58567 - "POST /api/v1/collections/04b9833e-32a9-4ce2-877d-ac206ff5d36f/delete HTTP/1.1" 200
[33mWARNING[0m:  [02-07-2026 19:31:29] Delete of nonexisting embedding ID: 3459dcc71b884876c8aa707e725b50b5_79
[33mWARNING[0m:  [02-07-2026 19:31:29] Delete of nonexisting embedding ID: 3459dcc71b884876c8aa707e725b50b5_79
[31mERROR[0m:    [02-07-2026 19:31:29] Failed to send telemetry event CollectionDeleteEvent: capture() takes 1 positional argument but 3 were given
[32mINFO[0m:     [02-07-2026 19:31:29] 127.0.0.1:58567 - "POST /api/v1/collections/04b9833e-32a9-4ce2-877d-ac206ff5d36f/delete HTTP/1.1" 200
[33mWARNING[0m:  [02-07-2026 19:31:29] Delete of nonexisting embedding ID: 3459dcc71b884876c8aa707e725b50b5_2
[33mWARNING[0m:  [02-07-2026 19:31:29] Delete of nonexisting embedding ID: 3459dcc71b884876c8aa707e725b50b5_2
[31mERROR[0m:    [02-07-2026 19:31:29] Failed to send telemetry event CollectionDeleteEvent: capture() takes 1 positional argument but 3 were given
[32mINFO[0m:     [02-07-2026 19:31:29] 127.0.0.1:58567 - "POST /api/v1/collections/04b9833e-32a9-4ce2-877d-ac206ff5d36f/delete HTTP/1.1" 200
[33mWARNING[0m:  [02-07-2026 19:31:29] Delete of nonexisting embedding ID: 3459dcc71b884876c8aa707e725b50b5_239
[33mWARNING[0m:  [02-07-2026 19:31:29] Delete of nonexisting embedding ID: 3459dcc71b884876c8aa707e725b50b5_239
[31mERROR[0m:    [02-07-2026 19:31:29] Failed to send telemetry event CollectionDeleteEvent: capture() takes 1 positional argument but 3 were given
[32mINFO[0m:     [02-07-2026 19:31:29] 127.0.0.1:58567 - "POST /api/v1/collections/04b9833e-32a9-4ce2-877d-ac206ff5d36f/delete HTTP/1.1" 200
[33mWARNING[0m:  [02-07-2026 19:31:29] Delete of nonexisting embedding ID: 3459dcc71b884876c8aa707e725b50b5_99
[33mWARNING[0m:  [02-07-2026 19:31:29] Delete of nonexisting embedding ID: 3459dcc71b884876c8aa707e725b50b5_99
[31mERROR[0m:    [02-07-2026 19:31:30] Failed to send telemetry event CollectionDeleteEvent: capture() takes 1 positional argument but 3 were given
[32mINFO[0m:     [02-07-2026 19:31:30] 127.0.0.1:58567 - "POST /api/v1/collections/04b9833e-32a9-4ce2-877d-ac206ff5d36f/delete HTTP/1.1" 200
[33mWARNING[0m:  [02-07-2026 19:31:30] Delete of nonexisting embedding ID: 3459dcc71b884876c8aa707e725b50b5_34
[33mWARNING[0m:  [02-07-2026 19:31:30] Delete of nonexisting embedding ID: 3459dcc71b884876c8aa707e725b50b5_34
[31mERROR[0m:    [02-07-2026 19:31:30] Failed to send telemetry event CollectionDeleteEvent: capture() takes 1 positional argument but 3 were given
[32mINFO[0m:     [02-07-2026 19:31:30] 127.0.0.1:58567 - "POST /api/v1/collections/04b9833e-32a9-4ce2-877d-ac206ff5d36f/delete HTTP/1.1" 200
[33mWARNING[0m:  [02-07-2026 19:31:30] Delete of nonexisting embedding ID: 3459dcc71b884876c8aa707e725b50b5_140
[33mWARNING[0m:  [02-07-2026 19:31:30] Delete of nonexisting embedding ID: 3459dcc71b884876c8aa707e725b50b5_140
[31mERROR[0m:    [02-07-2026 19:31:30] Failed to send telemetry event CollectionDeleteEvent: capture() takes 1 positional argument but 3 were given
[32mINFO[0m:     [02-07-2026 19:31:30] 127.0.0.1:58567 - "POST /api/v1/collections/04b9833e-32a9-4ce2-877d-ac206ff5d36f/delete HTTP/1.1" 200
[33mWARNING[0m:  [02-07-2026 19:31:30] Delete of nonexisting embedding ID: 3459dcc71b884876c8aa707e725b50b5_108
[33mWARNING[0m:  [02-07-2026 19:31:30] Delete of nonexisting embedding ID: 3459dcc71b884876c8aa707e725b50b5_108
[31mERROR[0m:    [02-07-2026 19:31:30] Failed to send telemetry event CollectionDeleteEvent: capture() takes 1 positional argument but 3 were given
[32mINFO[0m:     [02-07-2026 19:31:30] 127.0.0.1:58567 - "POST /api/v1/collections/04b9833e-32a9-4ce2-877d-ac206ff5d36f/delete HTTP/1.1" 200
[33mWARNING[0m:  [02-07-2026 19:31:30] Delete of nonexisting embedding ID: 3459dcc71b884876c8aa707e725b50b5_151
[33mWARNING[0m:  [02-07-2026 19:31:30] Delete of nonexisting embedding ID: 3459dcc71b884876c8aa707e725b50b5_151
[31mERROR[0m:    [02-07-2026 19:31:30] Failed to send telemetry event CollectionDeleteEvent: capture() takes 1 positional argument but 3 were given
[32mINFO[0m:     [02-07-2026 19:31:30] 127.0.0.1:58567 - "POST /api/v1/collections/04b9833e-32a9-4ce2-877d-ac206ff5d36f/delete HTTP/1.1" 200
[33mWARNING[0m:  [02-07-2026 19:31:30] Delete of nonexisting embedding ID: 3459dcc71b884876c8aa707e725b50b5_101
[33mWARNING[0m:  [02-07-2026 19:31:30] Delete of nonexisting embedding ID: 3459dcc71b884876c8aa707e725b50b5_101
[31mERROR[0m:    [02-07-2026 19:31:30] Failed to send telemetry event CollectionDeleteEvent: capture() takes 1 positional argument but 3 were given
[32mINFO[0m:     [02-07-2026 19:31:30] 127.0.0.1:58567 - "POST /api/v1/collections/04b9833e-32a9-4ce2-877d-ac206ff5d36f/delete HTTP/1.1" 200
[33mWARNING[0m:  [02-07-2026 19:31:30] Delete of nonexisting embedding ID: 3459dcc71b884876c8aa707e725b50b5_219
[33mWARNING[0m:  [02-07-2026 19:31:30] Delete of nonexisting embedding ID: 3459dcc71b884876c8aa707e725b50b5_219
[31mERROR[0m:    [02-07-2026 19:31:31] Failed to send telemetry event CollectionDeleteEvent: capture() takes 1 positional argument but 3 were given
[32mINFO[0m:     [02-07-2026 19:31:31] 127.0.0.1:58567 - "POST /api/v1/collections/04b9833e-32a9-4ce2-877d-ac206ff5d36f/delete HTTP/1.1" 200
[33mWARNING[0m:  [02-07-2026 19:31:31] Delete of nonexisting embedding ID: 3459dcc71b884876c8aa707e725b50b5_189
[33mWARNING[0m:  [02-07-2026 19:31:31] Delete of nonexisting embedding ID: 3459dcc71b884876c8aa707e725b50b5_189
[31mERROR[0m:    [02-07-2026 19:31:31] Failed to send telemetry event CollectionDeleteEvent: capture() takes 1 positional argument but 3 were given
[32mINFO[0m:     [02-07-2026 19:31:31] 127.0.0.1:58567 - "POST /api/v1/collections/04b9833e-32a9-4ce2-877d-ac206ff5d36f/delete HTTP/1.1" 200
[33mWARNING[0m:  [02-07-2026 19:31:31] Delete of nonexisting embedding ID: 3459dcc71b884876c8aa707e725b50b5_230
[33mWARNING[0m:  [02-07-2026 19:31:31] Delete of nonexisting embedding ID: 3459dcc71b884876c8aa707e725b50b5_230
[31mERROR[0m:    [02-07-2026 19:31:31] Failed to send telemetry event CollectionDeleteEvent: capture() takes 1 positional argument but 3 were given
[32mINFO[0m:     [02-07-2026 19:31:31] 127.0.0.1:58567 - "POST /api/v1/collections/04b9833e-32a9-4ce2-877d-ac206ff5d36f/delete HTTP/1.1" 200
[33mWARNING[0m:  [02-07-2026 19:31:31] Delete of nonexisting embedding ID: 3459dcc71b884876c8aa707e725b50b5_124
[33mWARNING[0m:  [02-07-2026 19:31:31] Delete of nonexisting embedding ID: 3459dcc71b884876c8aa707e725b50b5_124
[31mERROR[0m:    [02-07-2026 19:31:31] Failed to send telemetry event CollectionDeleteEvent: capture() takes 1 positional argument but 3 were given
[32mINFO[0m:     [02-07-2026 19:31:31] 127.0.0.1:58567 - "POST /api/v1/collections/04b9833e-32a9-4ce2-877d-ac206ff5d36f/delete HTTP/1.1" 200
[33mWARNING[0m:  [02-07-2026 19:31:31] Delete of nonexisting embedding ID: 3459dcc71b884876c8aa707e725b50b5_48
[33mWARNING[0m:  [02-07-2026 19:31:31] Delete of nonexisting embedding ID: 3459dcc71b884876c8aa707e725b50b5_48
[31mERROR[0m:    [02-07-2026 19:31:32] Failed to send telemetry event CollectionDeleteEvent: capture() takes 1 positional argument but 3 were given
[32mINFO[0m:     [02-07-2026 19:31:32] 127.0.0.1:58567 - "POST /api/v1/collections/04b9833e-32a9-4ce2-877d-ac206ff5d36f/delete HTTP/1.1" 200
[33mWARNING[0m:  [02-07-2026 19:31:32] Delete of nonexisting embedding ID: 3459dcc71b884876c8aa707e725b50b5_202
[33mWARNING[0m:  [02-07-2026 19:31:32] Delete of nonexisting embedding ID: 3459dcc71b884876c8aa707e725b50b5_202
[31mERROR[0m:    [02-07-2026 19:31:33] Failed to send telemetry event CollectionDeleteEvent: capture() takes 1 positional argument but 3 were given
[32mINFO[0m:     [02-07-2026 19:31:33] 127.0.0.1:58567 - "POST /api/v1/collections/04b9833e-32a9-4ce2-877d-ac206ff5d36f/delete HTTP/1.1" 200
[33mWARNING[0m:  [02-07-2026 19:31:33] Delete of nonexisting embedding ID: 3459dcc71b884876c8aa707e725b50b5_18
[33mWARNING[0m:  [02-07-2026 19:31:33] Delete of nonexisting embedding ID: 3459dcc71b884876c8aa707e725b50b5_18
[31mERROR[0m:    [02-07-2026 19:31:33] Failed to send telemetry event CollectionDeleteEvent: capture() takes 1 positional argument but 3 were given
[32mINFO[0m:     [02-07-2026 19:31:33] 127.0.0.1:58567 - "POST /api/v1/collections/04b9833e-32a9-4ce2-877d-ac206ff5d36f/delete HTTP/1.1" 200
[33mWARNING[0m:  [02-07-2026 19:31:33] Delete of nonexisting embedding ID: 3459dcc71b884876c8aa707e725b50b5_7
[33mWARNING[0m:  [02-07-2026 19:31:33] Delete of nonexisting embedding ID: 3459dcc71b884876c8aa707e725b50b5_7
[31mERROR[0m:    [02-07-2026 19:31:33] Failed to send telemetry event CollectionDeleteEvent: capture() takes 1 positional argument but 3 were given
[32mINFO[0m:     [02-07-2026 19:31:33] 127.0.0.1:58567 - "POST /api/v1/collections/04b9833e-32a9-4ce2-877d-ac206ff5d36f/delete HTTP/1.1" 200
[33mWARNING[0m:  [02-07-2026 19:31:33] Delete of nonexisting embedding ID: 3459dcc71b884876c8aa707e725b50b5_112
[33mWARNING[0m:  [02-07-2026 19:31:33] Delete of nonexisting embedding ID: 3459dcc71b884876c8aa707e725b50b5_112
[31mERROR[0m:    [02-07-2026 19:31:33] Failed to send telemetry event CollectionDeleteEvent: capture() takes 1 positional argument but 3 were given
[32mINFO[0m:     [02-07-2026 19:31:33] 127.0.0.1:58567 - "POST /api/v1/collections/04b9833e-32a9-4ce2-877d-ac206ff5d36f/delete HTTP/1.1" 200
[33mWARNING[0m:  [02-07-2026 19:31:33] Delete of nonexisting embedding ID: 3459dcc71b884876c8aa707e725b50b5_21
[33mWARNING[0m:  [02-07-2026 19:31:33] Delete of nonexisting embedding ID: 3459dcc71b884876c8aa707e725b50b5_21
[31mERROR[0m:    [02-07-2026 19:31:34] Failed to send telemetry event CollectionDeleteEvent: capture() takes 1 positional argument but 3 were given
[32mINFO[0m:     [02-07-2026 19:31:34] 127.0.0.1:58567 - "POST /api/v1/collections/04b9833e-32a9-4ce2-877d-ac206ff5d36f/delete HTTP/1.1" 200
[33mWARNING[0m:  [02-07-2026 19:31:34] Delete of nonexisting embedding ID: 3459dcc71b884876c8aa707e725b50b5_17
[33mWARNING[0m:  [02-07-2026 19:31:34] Delete of nonexisting embedding ID: 3459dcc71b884876c8aa707e725b50b5_17
[31mERROR[0m:    [02-07-2026 19:31:34] Failed to send telemetry event CollectionDeleteEvent: capture() takes 1 positional argument but 3 were given
[32mINFO[0m:     [02-07-2026 19:31:34] 127.0.0.1:58567 - "POST /api/v1/collections/04b9833e-32a9-4ce2-877d-ac206ff5d36f/delete HTTP/1.1" 200
[33mWARNING[0m:  [02-07-2026 19:31:34] Delete of nonexisting embedding ID: 3459dcc71b884876c8aa707e725b50b5_117
[33mWARNING[0m:  [02-07-2026 19:31:34] Delete of nonexisting embedding ID: 3459dcc71b884876c8aa707e725b50b5_117
[31mERROR[0m:    [02-07-2026 19:31:35] Failed to send telemetry event CollectionDeleteEvent: capture() takes 1 positional argument but 3 were given
[32mINFO[0m:     [02-07-2026 19:31:35] 127.0.0.1:58567 - "POST /api/v1/collections/04b9833e-32a9-4ce2-877d-ac206ff5d36f/delete HTTP/1.1" 200
[33mWARNING[0m:  [02-07-2026 19:31:35] Delete of nonexisting embedding ID: 3459dcc71b884876c8aa707e725b50b5_357
[33mWARNING[0m:  [02-07-2026 19:31:35] Delete of nonexisting embedding ID: 3459dcc71b884876c8aa707e725b50b5_357
[31mERROR[0m:    [02-07-2026 19:31:35] Failed to send telemetry event CollectionDeleteEvent: capture() takes 1 positional argument but 3 were given
[32mINFO[0m:     [02-07-2026 19:31:35] 127.0.0.1:58567 - "POST /api/v1/collections/04b9833e-32a9-4ce2-877d-ac206ff5d36f/delete HTTP/1.1" 200
[33mWARNING[0m:  [02-07-2026 19:31:35] Delete of nonexisting embedding ID: 3459dcc71b884876c8aa707e725b50b5_231
[33mWARNING[0m:  [02-07-2026 19:31:35] Delete of nonexisting embedding ID: 3459dcc71b884876c8aa707e725b50b5_231
[31mERROR[0m:    [02-07-2026 19:31:35] Failed to send telemetry event CollectionDeleteEvent: capture() takes 1 positional argument but 3 were given
[32mINFO[0m:     [02-07-2026 19:31:35] 127.0.0.1:58567 - "POST /api/v1/collections/04b9833e-32a9-4ce2-877d-ac206ff5d36f/delete HTTP/1.1" 200
[33mWARNING[0m:  [02-07-2026 19:31:35] Delete of nonexisting embedding ID: 3459dcc71b884876c8aa707e725b50b5_147
[33mWARNING[0m:  [02-07-2026 19:31:35] Delete of nonexisting embedding ID: 3459dcc71b884876c8aa707e725b50b5_147
[31mERROR[0m:    [02-07-2026 19:31:35] Failed to send telemetry event CollectionDeleteEvent: capture() takes 1 positional argument but 3 were given
[32mINFO[0m:     [02-07-2026 19:31:35] 127.0.0.1:58567 - "POST /api/v1/collections/04b9833e-32a9-4ce2-877d-ac206ff5d36f/delete HTTP/1.1" 200
[33mWARNING[0m:  [02-07-2026 19:31:35] Delete of nonexisting embedding ID: 3459dcc71b884876c8aa707e725b50b5_53
[33mWARNING[0m:  [02-07-2026 19:31:35] Delete of nonexisting embedding ID: 3459dcc71b884876c8aa707e725b50b5_53
[31mERROR[0m:    [02-07-2026 19:31:35] Failed to send telemetry event CollectionDeleteEvent: capture() takes 1 positional argument but 3 were given
[32mINFO[0m:     [02-07-2026 19:31:35] 127.0.0.1:58567 - "POST /api/v1/collections/04b9833e-32a9-4ce2-877d-ac206ff5d36f/delete HTTP/1.1" 200
[33mWARNING[0m:  [02-07-2026 19:31:35] Delete of nonexisting embedding ID: 3459dcc71b884876c8aa707e725b50b5_91
[33mWARNING[0m:  [02-07-2026 19:31:35] Delete of nonexisting embedding ID: 3459dcc71b884876c8aa707e725b50b5_91
[31mERROR[0m:    [02-07-2026 19:31:36] Failed to send telemetry event CollectionDeleteEvent: capture() takes 1 positional argument but 3 were given
[32mINFO[0m:     [02-07-2026 19:31:36] 127.0.0.1:58567 - "POST /api/v1/collections/04b9833e-32a9-4ce2-877d-ac206ff5d36f/delete HTTP/1.1" 200
[33mWARNING[0m:  [02-07-2026 19:31:36] Delete of nonexisting embedding ID: 3459dcc71b884876c8aa707e725b50b5_212
[33mWARNING[0m:  [02-07-2026 19:31:36] Delete of nonexisting embedding ID: 3459dcc71b884876c8aa707e725b50b5_212
[31mERROR[0m:    [02-07-2026 19:31:36] Failed to send telemetry event CollectionDeleteEvent: capture() takes 1 positional argument but 3 were given
[32mINFO[0m:     [02-07-2026 19:31:36] 127.0.0.1:58567 - "POST /api/v1/collections/04b9833e-32a9-4ce2-877d-ac206ff5d36f/delete HTTP/1.1" 200
[33mWARNING[0m:  [02-07-2026 19:31:36] Delete of nonexisting embedding ID: 3459dcc71b884876c8aa707e725b50b5_221
[33mWARNING[0m:  [02-07-2026 19:31:36] Delete of nonexisting embedding ID: 3459dcc71b884876c8aa707e725b50b5_221
[31mERROR[0m:    [02-07-2026 19:31:36] Failed to send telemetry event CollectionDeleteEvent: capture() takes 1 positional argument but 3 were given
[32mINFO[0m:     [02-07-2026 19:31:36] 127.0.0.1:58567 - "POST /api/v1/collections/04b9833e-32a9-4ce2-877d-ac206ff5d36f/delete HTTP/1.1" 200
[33mWARNING[0m:  [02-07-2026 19:31:36] Delete of nonexisting embedding ID: 3459dcc71b884876c8aa707e725b50b5_135
[33mWARNING[0m:  [02-07-2026 19:31:36] Delete of nonexisting embedding ID: 3459dcc71b884876c8aa707e725b50b5_135
[31mERROR[0m:    [02-07-2026 19:31:36] Failed to send telemetry event CollectionDeleteEvent: capture() takes 1 positional argument but 3 were given
[32mINFO[0m:     [02-07-2026 19:31:36] 127.0.0.1:58567 - "POST /api/v1/collections/04b9833e-32a9-4ce2-877d-ac206ff5d36f/delete HTTP/1.1" 200
[33mWARNING[0m:  [02-07-2026 19:31:36] Delete of nonexisting embedding ID: 3459dcc71b884876c8aa707e725b50b5_241
[33mWARNING[0m:  [02-07-2026 19:31:36] Delete of nonexisting embedding ID: 3459dcc71b884876c8aa707e725b50b5_241
[31mERROR[0m:    [02-07-2026 19:31:37] Failed to send telemetry event CollectionDeleteEvent: capture() takes 1 positional argument but 3 were given
[32mINFO[0m:     [02-07-2026 19:31:37] 127.0.0.1:58567 - "POST /api/v1/collections/04b9833e-32a9-4ce2-877d-ac206ff5d36f/delete HTTP/1.1" 200
[33mWARNING[0m:  [02-07-2026 19:31:37] Delete of nonexisting embedding ID: 3459dcc71b884876c8aa707e725b50b5_232
[33mWARNING[0m:  [02-07-2026 19:31:37] Delete of nonexisting embedding ID: 3459dcc71b884876c8aa707e725b50b5_232
[31mERROR[0m:    [02-07-2026 19:31:37] Failed to send telemetry event CollectionDeleteEvent: capture() takes 1 positional argument but 3 were given
[32mINFO[0m:     [02-07-2026 19:31:37] 127.0.0.1:58567 - "POST /api/v1/collections/04b9833e-32a9-4ce2-877d-ac206ff5d36f/delete HTTP/1.1" 200
[33mWARNING[0m:  [02-07-2026 19:31:37] Delete of nonexisting embedding ID: 3459dcc71b884876c8aa707e725b50b5_120
[33mWARNING[0m:  [02-07-2026 19:31:37] Delete of nonexisting embedding ID: 3459dcc71b884876c8aa707e725b50b5_120
[31mERROR[0m:    [02-07-2026 19:31:37] Failed to send telemetry event CollectionDeleteEvent: capture() takes 1 positional argument but 3 were given
[32mINFO[0m:     [02-07-2026 19:31:37] 127.0.0.1:58567 - "POST /api/v1/collections/04b9833e-32a9-4ce2-877d-ac206ff5d36f/delete HTTP/1.1" 200
[33mWARNING[0m:  [02-07-2026 19:31:37] Delete of nonexisting embedding ID: 3459dcc71b884876c8aa707e725b50b5_33
[33mWARNING[0m:  [02-07-2026 19:31:37] Delete of nonexisting embedding ID: 3459dcc71b884876c8aa707e725b50b5_33
[31mERROR[0m:    [02-07-2026 19:31:38] Failed to send telemetry event CollectionDeleteEvent: capture() takes 1 positional argument but 3 were given
[32mINFO[0m:     [02-07-2026 19:31:38] 127.0.0.1:58567 - "POST /api/v1/collections/04b9833e-32a9-4ce2-877d-ac206ff5d36f/delete HTTP/1.1" 200
[33mWARNING[0m:  [02-07-2026 19:31:38] Delete of nonexisting embedding ID: 3459dcc71b884876c8aa707e725b50b5_90
[33mWARNING[0m:  [02-07-2026 19:31:38] Delete of nonexisting embedding ID: 3459dcc71b884876c8aa707e725b50b5_90
[31mERROR[0m:    [02-07-2026 19:31:38] Failed to send telemetry event CollectionDeleteEvent: capture() takes 1 positional argument but 3 were given
[32mINFO[0m:     [02-07-2026 19:31:38] 127.0.0.1:58567 - "POST /api/v1/collections/04b9833e-32a9-4ce2-877d-ac206ff5d36f/delete HTTP/1.1" 200
[33mWARNING[0m:  [02-07-2026 19:31:38] Delete of nonexisting embedding ID: 3459dcc71b884876c8aa707e725b50b5_30
[33mWARNING[0m:  [02-07-2026 19:31:38] Delete of nonexisting embedding ID: 3459dcc71b884876c8aa707e725b50b5_30
[31mERROR[0m:    [02-07-2026 19:31:38] Failed to send telemetry event CollectionDeleteEvent: capture() takes 1 positional argument but 3 were given
[32mINFO[0m:     [02-07-2026 19:31:38] 127.0.0.1:58567 - "POST /api/v1/collections/04b9833e-32a9-4ce2-877d-ac206ff5d36f/delete HTTP/1.1" 200
[33mWARNING[0m:  [02-07-2026 19:31:38] Delete of nonexisting embedding ID: 3459dcc71b884876c8aa707e725b50b5_85
[33mWARNING[0m:  [02-07-2026 19:31:38] Delete of nonexisting embedding ID: 3459dcc71b884876c8aa707e725b50b5_85
[31mERROR[0m:    [02-07-2026 19:31:38] Failed to send telemetry event CollectionDeleteEvent: capture() takes 1 positional argument but 3 were given
[32mINFO[0m:     [02-07-2026 19:31:38] 127.0.0.1:58567 - "POST /api/v1/collections/04b9833e-32a9-4ce2-877d-ac206ff5d36f/delete HTTP/1.1" 200
[33mWARNING[0m:  [02-07-2026 19:31:38] Delete of nonexisting embedding ID: 3459dcc71b884876c8aa707e725b50b5_129
[33mWARNING[0m:  [02-07-2026 19:31:38] Delete of nonexisting embedding ID: 3459dcc71b884876c8aa707e725b50b5_129
[31mERROR[0m:    [02-07-2026 19:31:38] Failed to send telemetry event CollectionDeleteEvent: capture() takes 1 positional argument but 3 were given
[32mINFO[0m:     [02-07-2026 19:31:38] 127.0.0.1:58567 - "POST /api/v1/collections/04b9833e-32a9-4ce2-877d-ac206ff5d36f/delete HTTP/1.1" 200
[33mWARNING[0m:  [02-07-2026 19:31:38] Delete of nonexisting embedding ID: 3459dcc71b884876c8aa707e725b50b5_128
[33mWARNING[0m:  [02-07-2026 19:31:38] Delete of nonexisting embedding ID: 3459dcc71b884876c8aa707e725b50b5_128
[31mERROR[0m:    [02-07-2026 19:31:39] Failed to send telemetry event CollectionDeleteEvent: capture() takes 1 positional argument but 3 were given
[32mINFO[0m:     [02-07-2026 19:31:39] 127.0.0.1:58567 - "POST /api/v1/collections/04b9833e-32a9-4ce2-877d-ac206ff5d36f/delete HTTP/1.1" 200
[33mWARNING[0m:  [02-07-2026 19:31:39] Delete of nonexisting embedding ID: 3459dcc71b884876c8aa707e725b50b5_160
[33mWARNING[0m:  [02-07-2026 19:31:39] Delete of nonexisting embedding ID: 3459dcc71b884876c8aa707e725b50b5_160
[31mERROR[0m:    [02-07-2026 19:31:39] Failed to send telemetry event CollectionDeleteEvent: capture() takes 1 positional argument but 3 were given
[32mINFO[0m:     [02-07-2026 19:31:39] 127.0.0.1:58567 - "POST /api/v1/collections/04b9833e-32a9-4ce2-877d-ac206ff5d36f/delete HTTP/1.1" 200
[33mWARNING[0m:  [02-07-2026 19:31:39] Delete of nonexisting embedding ID: 3459dcc71b884876c8aa707e725b50b5_408
[33mWARNING[0m:  [02-07-2026 19:31:39] Delete of nonexisting embedding ID: 3459dcc71b884876c8aa707e725b50b5_408
[31mERROR[0m:    [02-07-2026 19:31:39] Failed to send telemetry event CollectionDeleteEvent: capture() takes 1 positional argument but 3 were given
[32mINFO[0m:     [02-07-2026 19:31:39] 127.0.0.1:58567 - "POST /api/v1/collections/04b9833e-32a9-4ce2-877d-ac206ff5d36f/delete HTTP/1.1" 200
[33mWARNING[0m:  [02-07-2026 19:31:39] Delete of nonexisting embedding ID: 3459dcc71b884876c8aa707e725b50b5_234
[33mWARNING[0m:  [02-07-2026 19:31:39] Delete of nonexisting embedding ID: 3459dcc71b884876c8aa707e725b50b5_234
[31mERROR[0m:    [02-07-2026 19:31:40] Failed to send telemetry event CollectionDeleteEvent: capture() takes 1 positional argument but 3 were given
[32mINFO[0m:     [02-07-2026 19:31:40] 127.0.0.1:58567 - "POST /api/v1/collections/04b9833e-32a9-4ce2-877d-ac206ff5d36f/delete HTTP/1.1" 200
[33mWARNING[0m:  [02-07-2026 19:31:40] Delete of nonexisting embedding ID: 3459dcc71b884876c8aa707e725b50b5_250
[33mWARNING[0m:  [02-07-2026 19:31:40] Delete of nonexisting embedding ID: 3459dcc71b884876c8aa707e725b50b5_250
[31mERROR[0m:    [02-07-2026 19:31:40] Failed to send telemetry event CollectionDeleteEvent: capture() takes 1 positional argument but 3 were given
[32mINFO[0m:     [02-07-2026 19:31:40] 127.0.0.1:58567 - "POST /api/v1/collections/04b9833e-32a9-4ce2-877d-ac206ff5d36f/delete HTTP/1.1" 200
[33mWARNING[0m:  [02-07-2026 19:31:40] Delete of nonexisting embedding ID: 3459dcc71b884876c8aa707e725b50b5_59
[33mWARNING[0m:  [02-07-2026 19:31:40] Delete of nonexisting embedding ID: 3459dcc71b884876c8aa707e725b50b5_59
[31mERROR[0m:    [02-07-2026 19:31:40] Failed to send telemetry event CollectionDeleteEvent: capture() takes 1 positional argument but 3 were given
[32mINFO[0m:     [02-07-2026 19:31:40] 127.0.0.1:58567 - "POST /api/v1/collections/04b9833e-32a9-4ce2-877d-ac206ff5d36f/delete HTTP/1.1" 200
[33mWARNING[0m:  [02-07-2026 19:31:40] Delete of nonexisting embedding ID: 3459dcc71b884876c8aa707e725b50b5_376
[33mWARNING[0m:  [02-07-2026 19:31:40] Delete of nonexisting embedding ID: 3459dcc71b884876c8aa707e725b50b5_376
[31mERROR[0m:    [02-07-2026 19:31:40] Failed to send telemetry event CollectionDeleteEvent: capture() takes 1 positional argument but 3 were given
[32mINFO[0m:     [02-07-2026 19:31:40] 127.0.0.1:58567 - "POST /api/v1/collections/04b9833e-32a9-4ce2-877d-ac206ff5d36f/delete HTTP/1.1" 200
[33mWARNING[0m:  [02-07-2026 19:31:40] Delete of nonexisting embedding ID: 3459dcc71b884876c8aa707e725b50b5_121
[33mWARNING[0m:  [02-07-2026 19:31:40] Delete of nonexisting embedding ID: 3459dcc71b884876c8aa707e725b50b5_121
[31mERROR[0m:    [02-07-2026 19:31:40] Failed to send telemetry event CollectionDeleteEvent: capture() takes 1 positional argument but 3 were given
[32mINFO[0m:     [02-07-2026 19:31:40] 127.0.0.1:58567 - "POST /api/v1/collections/04b9833e-32a9-4ce2-877d-ac206ff5d36f/delete HTTP/1.1" 200
[33mWARNING[0m:  [02-07-2026 19:31:40] Delete of nonexisting embedding ID: 3459dcc71b884876c8aa707e725b50b5_229
[33mWARNING[0m:  [02-07-2026 19:31:40] Delete of nonexisting embedding ID: 3459dcc71b884876c8aa707e725b50b5_229
[31mERROR[0m:    [02-07-2026 19:31:40] Failed to send telemetry event CollectionDeleteEvent: capture() takes 1 positional argument but 3 were given
[32mINFO[0m:     [02-07-2026 19:31:40] 127.0.0.1:58567 - "POST /api/v1/collections/04b9833e-32a9-4ce2-877d-ac206ff5d36f/delete HTTP/1.1" 200
[33mWARNING[0m:  [02-07-2026 19:31:40] Delete of nonexisting embedding ID: 3459dcc71b884876c8aa707e725b50b5_187
[33mWARNING[0m:  [02-07-2026 19:31:40] Delete of nonexisting embedding ID: 3459dcc71b884876c8aa707e725b50b5_187
[31mERROR[0m:    [02-07-2026 19:31:40] Failed to send telemetry event CollectionDeleteEvent: capture() takes 1 positional argument but 3 were given
[32mINFO[0m:     [02-07-2026 19:31:40] 127.0.0.1:58567 - "POST /api/v1/collections/04b9833e-32a9-4ce2-877d-ac206ff5d36f/delete HTTP/1.1" 200
[33mWARNING[0m:  [02-07-2026 19:31:40] Delete of nonexisting embedding ID: 3459dcc71b884876c8aa707e725b50b5_172
[33mWARNING[0m:  [02-07-2026 19:31:40] Delete of nonexisting embedding ID: 3459dcc71b884876c8aa707e725b50b5_172
[31mERROR[0m:    [02-07-2026 19:31:41] Failed to send telemetry event CollectionDeleteEvent: capture() takes 1 positional argument but 3 were given
[32mINFO[0m:     [02-07-2026 19:31:41] 127.0.0.1:58567 - "POST /api/v1/collections/04b9833e-32a9-4ce2-877d-ac206ff5d36f/delete HTTP/1.1" 200
[33mWARNING[0m:  [02-07-2026 19:31:41] Delete of nonexisting embedding ID: 3459dcc71b884876c8aa707e725b50b5_223
[33mWARNING[0m:  [02-07-2026 19:31:41] Delete of nonexisting embedding ID: 3459dcc71b884876c8aa707e725b50b5_223
[31mERROR[0m:    [02-07-2026 19:31:41] Failed to send telemetry event CollectionDeleteEvent: capture() takes 1 positional argument but 3 were given
[32mINFO[0m:     [02-07-2026 19:31:41] 127.0.0.1:58567 - "POST /api/v1/collections/04b9833e-32a9-4ce2-877d-ac206ff5d36f/delete HTTP/1.1" 200
[33mWARNING[0m:  [02-07-2026 19:31:41] Delete of nonexisting embedding ID: 3459dcc71b884876c8aa707e725b50b5_235
[33mWARNING[0m:  [02-07-2026 19:31:41] Delete of nonexisting embedding ID: 3459dcc71b884876c8aa707e725b50b5_235
[31mERROR[0m:    [02-07-2026 19:31:41] Failed to send telemetry event CollectionDeleteEvent: capture() takes 1 positional argument but 3 were given
[32mINFO[0m:     [02-07-2026 19:31:41] 127.0.0.1:58567 - "POST /api/v1/collections/04b9833e-32a9-4ce2-877d-ac206ff5d36f/delete HTTP/1.1" 200
[33mWARNING[0m:  [02-07-2026 19:31:41] Delete of nonexisting embedding ID: 3459dcc71b884876c8aa707e725b50b5_137
[33mWARNING[0m:  [02-07-2026 19:31:41] Delete of nonexisting embedding ID: 3459dcc71b884876c8aa707e725b50b5_137
[31mERROR[0m:    [02-07-2026 19:31:41] Failed to send telemetry event CollectionDeleteEvent: capture() takes 1 positional argument but 3 were given
[32mINFO[0m:     [02-07-2026 19:31:41] 127.0.0.1:58567 - "POST /api/v1/collections/04b9833e-32a9-4ce2-877d-ac206ff5d36f/delete HTTP/1.1" 200
[33mWARNING[0m:  [02-07-2026 19:31:41] Delete of nonexisting embedding ID: 3459dcc71b884876c8aa707e725b50b5_104
[33mWARNING[0m:  [02-07-2026 19:31:41] Delete of nonexisting embedding ID: 3459dcc71b884876c8aa707e725b50b5_104
[31mERROR[0m:    [02-07-2026 19:31:41] Failed to send telemetry event CollectionDeleteEvent: capture() takes 1 positional argument but 3 were given
[32mINFO[0m:     [02-07-2026 19:31:41] 127.0.0.1:58567 - "POST /api/v1/collections/04b9833e-32a9-4ce2-877d-ac206ff5d36f/delete HTTP/1.1" 200
[33mWARNING[0m:  [02-07-2026 19:31:41] Delete of nonexisting embedding ID: 3459dcc71b884876c8aa707e725b50b5_363
[33mWARNING[0m:  [02-07-2026 19:31:41] Delete of nonexisting embedding ID: 3459dcc71b884876c8aa707e725b50b5_363
[31mERROR[0m:    [02-07-2026 19:31:41] Failed to send telemetry event CollectionDeleteEvent: capture() takes 1 positional argument but 3 were given
[32mINFO[0m:     [02-07-2026 19:31:41] 127.0.0.1:58567 - "POST /api/v1/collections/04b9833e-32a9-4ce2-877d-ac206ff5d36f/delete HTTP/1.1" 200
[33mWARNING[0m:  [02-07-2026 19:31:41] Delete of nonexisting embedding ID: 3459dcc71b884876c8aa707e725b50b5_153
[33mWARNING[0m:  [02-07-2026 19:31:41] Delete of nonexisting embedding ID: 3459dcc71b884876c8aa707e725b50b5_153
[31mERROR[0m:    [02-07-2026 19:31:41] Failed to send telemetry event CollectionDeleteEvent: capture() takes 1 positional argument but 3 were given
[32mINFO[0m:     [02-07-2026 19:31:41] 127.0.0.1:58567 - "POST /api/v1/collections/04b9833e-32a9-4ce2-877d-ac206ff5d36f/delete HTTP/1.1" 200
[33mWARNING[0m:  [02-07-2026 19:31:42] Delete of nonexisting embedding ID: 3459dcc71b884876c8aa707e725b50b5_92
[33mWARNING[0m:  [02-07-2026 19:31:42] Delete of nonexisting embedding ID: 3459dcc71b884876c8aa707e725b50b5_92
[31mERROR[0m:    [02-07-2026 19:31:42] Failed to send telemetry event CollectionDeleteEvent: capture() takes 1 positional argument but 3 were given
[32mINFO[0m:     [02-07-2026 19:31:42] 127.0.0.1:58567 - "POST /api/v1/collections/04b9833e-32a9-4ce2-877d-ac206ff5d36f/delete HTTP/1.1" 200
[33mWARNING[0m:  [02-07-2026 19:31:42] Delete of nonexisting embedding ID: 3459dcc71b884876c8aa707e725b50b5_152
[33mWARNING[0m:  [02-07-2026 19:31:42] Delete of nonexisting embedding ID: 3459dcc71b884876c8aa707e725b50b5_152
[31mERROR[0m:    [02-07-2026 19:31:42] Failed to send telemetry event CollectionDeleteEvent: capture() takes 1 positional argument but 3 were given
[32mINFO[0m:     [02-07-2026 19:31:42] 127.0.0.1:58567 - "POST /api/v1/collections/04b9833e-32a9-4ce2-877d-ac206ff5d36f/delete HTTP/1.1" 200
[33mWARNING[0m:  [02-07-2026 19:31:42] Delete of nonexisting embedding ID: 3459dcc71b884876c8aa707e725b50b5_113
[33mWARNING[0m:  [02-07-2026 19:31:42] Delete of nonexisting embedding ID: 3459dcc71b884876c8aa707e725b50b5_113
[31mERROR[0m:    [02-07-2026 19:31:42] Failed to send telemetry event CollectionDeleteEvent: capture() takes 1 positional argument but 3 were given
[32mINFO[0m:     [02-07-2026 19:31:42] 127.0.0.1:58567 - "POST /api/v1/collections/04b9833e-32a9-4ce2-877d-ac206ff5d36f/delete HTTP/1.1" 200
[33mWARNING[0m:  [02-07-2026 19:31:42] Delete of nonexisting embedding ID: 3459dcc71b884876c8aa707e725b50b5_148
[33mWARNING[0m:  [02-07-2026 19:31:42] Delete of nonexisting embedding ID: 3459dcc71b884876c8aa707e725b50b5_148
[31mERROR[0m:    [02-07-2026 19:31:42] Failed to send telemetry event CollectionDeleteEvent: capture() takes 1 positional argument but 3 were given
[32mINFO[0m:     [02-07-2026 19:31:42] 127.0.0.1:58567 - "POST /api/v1/collections/04b9833e-32a9-4ce2-877d-ac206ff5d36f/delete HTTP/1.1" 200
[33mWARNING[0m:  [02-07-2026 19:31:42] Delete of nonexisting embedding ID: 3459dcc71b884876c8aa707e725b50b5_6
[33mWARNING[0m:  [02-07-2026 19:31:42] Delete of nonexisting embedding ID: 3459dcc71b884876c8aa707e725b50b5_6
[31mERROR[0m:    [02-07-2026 19:31:42] Failed to send telemetry event CollectionDeleteEvent: capture() takes 1 positional argument but 3 were given
[32mINFO[0m:     [02-07-2026 19:31:42] 127.0.0.1:58567 - "POST /api/v1/collections/04b9833e-32a9-4ce2-877d-ac206ff5d36f/delete HTTP/1.1" 200
[33mWARNING[0m:  [02-07-2026 19:31:42] Delete of nonexisting embedding ID: 3459dcc71b884876c8aa707e725b50b5_126
[33mWARNING[0m:  [02-07-2026 19:31:42] Delete of nonexisting embedding ID: 3459dcc71b884876c8aa707e725b50b5_126
[31mERROR[0m:    [02-07-2026 19:31:42] Failed to send telemetry event CollectionDeleteEvent: capture() takes 1 positional argument but 3 were given
[32mINFO[0m:     [02-07-2026 19:31:42] 127.0.0.1:58567 - "POST /api/v1/collections/04b9833e-32a9-4ce2-877d-ac206ff5d36f/delete HTTP/1.1" 200
[33mWARNING[0m:  [02-07-2026 19:31:42] Delete of nonexisting embedding ID: 3459dcc71b884876c8aa707e725b50b5_94
[33mWARNING[0m:  [02-07-2026 19:31:42] Delete of nonexisting embedding ID: 3459dcc71b884876c8aa707e725b50b5_94
[31mERROR[0m:    [02-07-2026 19:31:43] Failed to send telemetry event CollectionDeleteEvent: capture() takes 1 positional argument but 3 were given
[32mINFO[0m:     [02-07-2026 19:31:43] 127.0.0.1:58567 - "POST /api/v1/collections/04b9833e-32a9-4ce2-877d-ac206ff5d36f/delete HTTP/1.1" 200
[33mWARNING[0m:  [02-07-2026 19:31:43] Delete of nonexisting embedding ID: 3459dcc71b884876c8aa707e725b50b5_106
[33mWARNING[0m:  [02-07-2026 19:31:43] Delete of nonexisting embedding ID: 3459dcc71b884876c8aa707e725b50b5_106
[31mERROR[0m:    [02-07-2026 19:31:43] Failed to send telemetry event CollectionDeleteEvent: capture() takes 1 positional argument but 3 were given
[32mINFO[0m:     [02-07-2026 19:31:43] 127.0.0.1:58567 - "POST /api/v1/collections/04b9833e-32a9-4ce2-877d-ac206ff5d36f/delete HTTP/1.1" 200
[33mWARNING[0m:  [02-07-2026 19:31:43] Delete of nonexisting embedding ID: 3459dcc71b884876c8aa707e725b50b5_119
[33mWARNING[0m:  [02-07-2026 19:31:43] Delete of nonexisting embedding ID: 3459dcc71b884876c8aa707e725b50b5_119
[31mERROR[0m:    [02-07-2026 19:31:43] Failed to send telemetry event CollectionDeleteEvent: capture() takes 1 positional argument but 3 were given
[32mINFO[0m:     [02-07-2026 19:31:43] 127.0.0.1:58567 - "POST /api/v1/collections/04b9833e-32a9-4ce2-877d-ac206ff5d36f/delete HTTP/1.1" 200
[33mWARNING[0m:  [02-07-2026 19:31:43] Delete of nonexisting embedding ID: 3459dcc71b884876c8aa707e725b50b5_133
[33mWARNING[0m:  [02-07-2026 19:31:43] Delete of nonexisting embedding ID: 3459dcc71b884876c8aa707e725b50b5_133
[31mERROR[0m:    [02-07-2026 19:31:43] Failed to send telemetry event CollectionDeleteEvent: capture() takes 1 positional argument but 3 were given
[32mINFO[0m:     [02-07-2026 19:31:43] 127.0.0.1:58567 - "POST /api/v1/collections/04b9833e-32a9-4ce2-877d-ac206ff5d36f/delete HTTP/1.1" 200
[33mWARNING[0m:  [02-07-2026 19:31:43] Delete of nonexisting embedding ID: 3459dcc71b884876c8aa707e725b50b5_375
[33mWARNING[0m:  [02-07-2026 19:31:43] Delete of nonexisting embedding ID: 3459dcc71b884876c8aa707e725b50b5_375
[31mERROR[0m:    [02-07-2026 19:31:43] Failed to send telemetry event CollectionDeleteEvent: capture() takes 1 positional argument but 3 were given
[32mINFO[0m:     [02-07-2026 19:31:43] 127.0.0.1:58567 - "POST /api/v1/collections/04b9833e-32a9-4ce2-877d-ac206ff5d36f/delete HTTP/1.1" 200
[33mWARNING[0m:  [02-07-2026 19:31:43] Delete of nonexisting embedding ID: 3459dcc71b884876c8aa707e725b50b5_97
[33mWARNING[0m:  [02-07-2026 19:31:43] Delete of nonexisting embedding ID: 3459dcc71b884876c8aa707e725b50b5_97
[31mERROR[0m:    [02-07-2026 19:31:43] Failed to send telemetry event CollectionDeleteEvent: capture() takes 1 positional argument but 3 were given
[32mINFO[0m:     [02-07-2026 19:31:43] 127.0.0.1:58567 - "POST /api/v1/collections/04b9833e-32a9-4ce2-877d-ac206ff5d36f/delete HTTP/1.1" 200
[33mWARNING[0m:  [02-07-2026 19:31:43] Delete of nonexisting embedding ID: 3459dcc71b884876c8aa707e725b50b5_149
[33mWARNING[0m:  [02-07-2026 19:31:43] Delete of nonexisting embedding ID: 3459dcc71b884876c8aa707e725b50b5_149
[31mERROR[0m:    [02-07-2026 19:31:43] Failed to send telemetry event CollectionDeleteEvent: capture() takes 1 positional argument but 3 were given
[32mINFO[0m:     [02-07-2026 19:31:44] 127.0.0.1:58567 - "POST /api/v1/collections/04b9833e-32a9-4ce2-877d-ac206ff5d36f/delete HTTP/1.1" 200
[33mWARNING[0m:  [02-07-2026 19:31:44] Delete of nonexisting embedding ID: 3459dcc71b884876c8aa707e725b50b5_404
[33mWARNING[0m:  [02-07-2026 19:31:44] Delete of nonexisting embedding ID: 3459dcc71b884876c8aa707e725b50b5_404
[31mERROR[0m:    [02-07-2026 19:31:44] Failed to send telemetry event CollectionDeleteEvent: capture() takes 1 positional argument but 3 were given
[32mINFO[0m:     [02-07-2026 19:31:44] 127.0.0.1:58567 - "POST /api/v1/collections/04b9833e-32a9-4ce2-877d-ac206ff5d36f/delete HTTP/1.1" 200
[33mWARNING[0m:  [02-07-2026 19:31:44] Delete of nonexisting embedding ID: 3459dcc71b884876c8aa707e725b50b5_407
[33mWARNING[0m:  [02-07-2026 19:31:44] Delete of nonexisting embedding ID: 3459dcc71b884876c8aa707e725b50b5_407
[31mERROR[0m:    [02-07-2026 19:31:44] Failed to send telemetry event CollectionDeleteEvent: capture() takes 1 positional argument but 3 were given
[32mINFO[0m:     [02-07-2026 19:31:44] 127.0.0.1:58567 - "POST /api/v1/collections/04b9833e-32a9-4ce2-877d-ac206ff5d36f/delete HTTP/1.1" 200
[33mWARNING[0m:  [02-07-2026 19:31:44] Delete of nonexisting embedding ID: 3459dcc71b884876c8aa707e725b50b5_236
[33mWARNING[0m:  [02-07-2026 19:31:44] Delete of nonexisting embedding ID: 3459dcc71b884876c8aa707e725b50b5_236
[31mERROR[0m:    [02-07-2026 19:31:44] Failed to send telemetry event CollectionDeleteEvent: capture() takes 1 positional argument but 3 were given
[32mINFO[0m:     [02-07-2026 19:31:44] 127.0.0.1:58567 - "POST /api/v1/collections/04b9833e-32a9-4ce2-877d-ac206ff5d36f/delete HTTP/1.1" 200
[33mWARNING[0m:  [02-07-2026 19:31:44] Delete of nonexisting embedding ID: 3459dcc71b884876c8aa707e725b50b5_240
[33mWARNING[0m:  [02-07-2026 19:31:44] Delete of nonexisting embedding ID: 3459dcc71b884876c8aa707e725b50b5_240
[31mERROR[0m:    [02-07-2026 19:31:44] Failed to send telemetry event CollectionDeleteEvent: capture() takes 1 positional argument but 3 were given
[32mINFO[0m:     [02-07-2026 19:31:44] 127.0.0.1:58567 - "POST /api/v1/collections/04b9833e-32a9-4ce2-877d-ac206ff5d36f/delete HTTP/1.1" 200
[33mWARNING[0m:  [02-07-2026 19:31:44] Delete of nonexisting embedding ID: 3459dcc71b884876c8aa707e725b50b5_28
[33mWARNING[0m:  [02-07-2026 19:31:44] Delete of nonexisting embedding ID: 3459dcc71b884876c8aa707e725b50b5_28
[31mERROR[0m:    [02-07-2026 19:31:44] Failed to send telemetry event CollectionDeleteEvent: capture() takes 1 positional argument but 3 were given
[32mINFO[0m:     [02-07-2026 19:31:44] 127.0.0.1:58567 - "POST /api/v1/collections/04b9833e-32a9-4ce2-877d-ac206ff5d36f/delete HTTP/1.1" 200
[33mWARNING[0m:  [02-07-2026 19:31:44] Delete of nonexisting embedding ID: 3459dcc71b884876c8aa707e725b50b5_114
[33mWARNING[0m:  [02-07-2026 19:31:44] Delete of nonexisting embedding ID: 3459dcc71b884876c8aa707e725b50b5_114
[31mERROR[0m:    [02-07-2026 19:31:44] Failed to send telemetry event CollectionDeleteEvent: capture() takes 1 positional argument but 3 were given
[32mINFO[0m:     [02-07-2026 19:31:44] 127.0.0.1:58567 - "POST /api/v1/collections/04b9833e-32a9-4ce2-877d-ac206ff5d36f/delete HTTP/1.1" 200
[33mWARNING[0m:  [02-07-2026 19:31:44] Delete of nonexisting embedding ID: 3459dcc71b884876c8aa707e725b50b5_96
[33mWARNING[0m:  [02-07-2026 19:31:44] Delete of nonexisting embedding ID: 3459dcc71b884876c8aa707e725b50b5_96
[31mERROR[0m:    [02-07-2026 19:31:45] Failed to send telemetry event CollectionDeleteEvent: capture() takes 1 positional argument but 3 were given
[32mINFO[0m:     [02-07-2026 19:31:45] 127.0.0.1:58567 - "POST /api/v1/collections/04b9833e-32a9-4ce2-877d-ac206ff5d36f/delete HTTP/1.1" 200
[33mWARNING[0m:  [02-07-2026 19:31:45] Delete of nonexisting embedding ID: 3459dcc71b884876c8aa707e725b50b5_136
[33mWARNING[0m:  [02-07-2026 19:31:45] Delete of nonexisting embedding ID: 3459dcc71b884876c8aa707e725b50b5_136
[31mERROR[0m:    [02-07-2026 19:31:45] Failed to send telemetry event CollectionDeleteEvent: capture() takes 1 positional argument but 3 were given
[32mINFO[0m:     [02-07-2026 19:31:45] 127.0.0.1:58567 - "POST /api/v1/collections/04b9833e-32a9-4ce2-877d-ac206ff5d36f/delete HTTP/1.1" 200
[33mWARNING[0m:  [02-07-2026 19:31:45] Delete of nonexisting embedding ID: 3459dcc71b884876c8aa707e725b50b5_237
[33mWARNING[0m:  [02-07-2026 19:31:45] Delete of nonexisting embedding ID: 3459dcc71b884876c8aa707e725b50b5_237
[31mERROR[0m:    [02-07-2026 19:31:45] Failed to send telemetry event CollectionDeleteEvent: capture() takes 1 positional argument but 3 were given
[32mINFO[0m:     [02-07-2026 19:31:45] 127.0.0.1:58567 - "POST /api/v1/collections/04b9833e-32a9-4ce2-877d-ac206ff5d36f/delete HTTP/1.1" 200
[33mWARNING[0m:  [02-07-2026 19:31:45] Delete of nonexisting embedding ID: 3459dcc71b884876c8aa707e725b50b5_130
[33mWARNING[0m:  [02-07-2026 19:31:45] Delete of nonexisting embedding ID: 3459dcc71b884876c8aa707e725b50b5_130
[31mERROR[0m:    [02-07-2026 19:31:45] Failed to send telemetry event CollectionDeleteEvent: capture() takes 1 positional argument but 3 were given
[32mINFO[0m:     [02-07-2026 19:31:45] 127.0.0.1:58567 - "POST /api/v1/collections/04b9833e-32a9-4ce2-877d-ac206ff5d36f/delete HTTP/1.1" 200
[33mWARNING[0m:  [02-07-2026 19:31:45] Delete of nonexisting embedding ID: 3459dcc71b884876c8aa707e725b50b5_95
[33mWARNING[0m:  [02-07-2026 19:31:45] Delete of nonexisting embedding ID: 3459dcc71b884876c8aa707e725b50b5_95
[31mERROR[0m:    [02-07-2026 19:31:46] Failed to send telemetry event CollectionDeleteEvent: capture() takes 1 positional argument but 3 were given
[32mINFO[0m:     [02-07-2026 19:31:46] 127.0.0.1:58567 - "POST /api/v1/collections/04b9833e-32a9-4ce2-877d-ac206ff5d36f/delete HTTP/1.1" 200
[33mWARNING[0m:  [02-07-2026 19:31:46] Delete of nonexisting embedding ID: 3459dcc71b884876c8aa707e725b50b5_146
[33mWARNING[0m:  [02-07-2026 19:31:46] Delete of nonexisting embedding ID: 3459dcc71b884876c8aa707e725b50b5_146
[31mERROR[0m:    [02-07-2026 19:31:47] Failed to send telemetry event CollectionDeleteEvent: capture() takes 1 positional argument but 3 were given
[32mINFO[0m:     [02-07-2026 19:31:47] 127.0.0.1:58567 - "POST /api/v1/collections/04b9833e-32a9-4ce2-877d-ac206ff5d36f/delete HTTP/1.1" 200
[33mWARNING[0m:  [02-07-2026 19:31:47] Delete of nonexisting embedding ID: 3459dcc71b884876c8aa707e725b50b5_109
[33mWARNING[0m:  [02-07-2026 19:31:47] Delete of nonexisting embedding ID: 3459dcc71b884876c8aa707e725b50b5_109
[31mERROR[0m:    [02-07-2026 19:31:47] Failed to send telemetry event CollectionDeleteEvent: capture() takes 1 positional argument but 3 were given
[32mINFO[0m:     [02-07-2026 19:31:47] 127.0.0.1:58567 - "POST /api/v1/collections/04b9833e-32a9-4ce2-877d-ac206ff5d36f/delete HTTP/1.1" 200
[33mWARNING[0m:  [02-07-2026 19:31:47] Delete of nonexisting embedding ID: 3459dcc71b884876c8aa707e725b50b5_125
[33mWARNING[0m:  [02-07-2026 19:31:47] Delete of nonexisting embedding ID: 3459dcc71b884876c8aa707e725b50b5_125
[31mERROR[0m:    [02-07-2026 19:31:47] Failed to send telemetry event CollectionDeleteEvent: capture() takes 1 positional argument but 3 were given
[32mINFO[0m:     [02-07-2026 19:31:47] 127.0.0.1:58567 - "POST /api/v1/collections/04b9833e-32a9-4ce2-877d-ac206ff5d36f/delete HTTP/1.1" 200
[33mWARNING[0m:  [02-07-2026 19:31:47] Delete of nonexisting embedding ID: 3459dcc71b884876c8aa707e725b50b5_93
[33mWARNING[0m:  [02-07-2026 19:31:47] Delete of nonexisting embedding ID: 3459dcc71b884876c8aa707e725b50b5_93
[31mERROR[0m:    [02-07-2026 19:31:47] Failed to send telemetry event CollectionDeleteEvent: capture() takes 1 positional argument but 3 were given
[32mINFO[0m:     [02-07-2026 19:31:47] 127.0.0.1:58567 - "POST /api/v1/collections/04b9833e-32a9-4ce2-877d-ac206ff5d36f/delete HTTP/1.1" 200
[33mWARNING[0m:  [02-07-2026 19:31:47] Delete of nonexisting embedding ID: 3459dcc71b884876c8aa707e725b50b5_197
[33mWARNING[0m:  [02-07-2026 19:31:47] Delete of nonexisting embedding ID: 3459dcc71b884876c8aa707e725b50b5_197
[31mERROR[0m:    [02-07-2026 19:31:47] Failed to send telemetry event CollectionDeleteEvent: capture() takes 1 positional argument but 3 were given
[32mINFO[0m:     [02-07-2026 19:31:47] 127.0.0.1:58567 - "POST /api/v1/collections/04b9833e-32a9-4ce2-877d-ac206ff5d36f/delete HTTP/1.1" 200
[33mWARNING[0m:  [02-07-2026 19:31:47] Delete of nonexisting embedding ID: 3459dcc71b884876c8aa707e725b50b5_32
[33mWARNING[0m:  [02-07-2026 19:31:47] Delete of nonexisting embedding ID: 3459dcc71b884876c8aa707e725b50b5_32
[31mERROR[0m:    [02-07-2026 19:31:48] Failed to send telemetry event CollectionDeleteEvent: capture() takes 1 positional argument but 3 were given
[32mINFO[0m:     [02-07-2026 19:31:48] 127.0.0.1:58567 - "POST /api/v1/collections/04b9833e-32a9-4ce2-877d-ac206ff5d36f/delete HTTP/1.1" 200
[33mWARNING[0m:  [02-07-2026 19:31:48] Delete of nonexisting embedding ID: 3459dcc71b884876c8aa707e725b50b5_131
[33mWARNING[0m:  [02-07-2026 19:31:48] Delete of nonexisting embedding ID: 3459dcc71b884876c8aa707e725b50b5_131
[31mERROR[0m:    [02-07-2026 19:31:48] Failed to send telemetry event CollectionDeleteEvent: capture() takes 1 positional argument but 3 were given
[32mINFO[0m:     [02-07-2026 19:31:48] 127.0.0.1:58567 - "POST /api/v1/collections/04b9833e-32a9-4ce2-877d-ac206ff5d36f/delete HTTP/1.1" 200
[33mWARNING[0m:  [02-07-2026 19:31:48] Delete of nonexisting embedding ID: 3459dcc71b884876c8aa707e725b50b5_138
[33mWARNING[0m:  [02-07-2026 19:31:48] Delete of nonexisting embedding ID: 3459dcc71b884876c8aa707e725b50b5_138
[31mERROR[0m:    [02-07-2026 19:31:48] Failed to send telemetry event CollectionDeleteEvent: capture() takes 1 positional argument but 3 were given
[32mINFO[0m:     [02-07-2026 19:31:48] 127.0.0.1:58567 - "POST /api/v1/collections/04b9833e-32a9-4ce2-877d-ac206ff5d36f/delete HTTP/1.1" 200
[33mWARNING[0m:  [02-07-2026 19:31:48] Delete of nonexisting embedding ID: 3459dcc71b884876c8aa707e725b50b5_115
[33mWARNING[0m:  [02-07-2026 19:31:48] Delete of nonexisting embedding ID: 3459dcc71b884876c8aa707e725b50b5_115
[31mERROR[0m:    [02-07-2026 19:31:48] Failed to send telemetry event CollectionDeleteEvent: capture() takes 1 positional argument but 3 were given
[32mINFO[0m:     [02-07-2026 19:31:48] 127.0.0.1:58567 - "POST /api/v1/collections/04b9833e-32a9-4ce2-877d-ac206ff5d36f/delete HTTP/1.1" 200
[33mWARNING[0m:  [02-07-2026 19:31:48] Delete of nonexisting embedding ID: 3459dcc71b884876c8aa707e725b50b5_132
[33mWARNING[0m:  [02-07-2026 19:31:48] Delete of nonexisting embedding ID: 3459dcc71b884876c8aa707e725b50b5_132
[31mERROR[0m:    [02-07-2026 19:31:48] Failed to send telemetry event CollectionDeleteEvent: capture() takes 1 positional argument but 3 were given
[32mINFO[0m:     [02-07-2026 19:31:48] 127.0.0.1:58567 - "POST /api/v1/collections/04b9833e-32a9-4ce2-877d-ac206ff5d36f/delete HTTP/1.1" 200
[33mWARNING[0m:  [02-07-2026 19:31:48] Delete of nonexisting embedding ID: 3459dcc71b884876c8aa707e725b50b5_16
[33mWARNING[0m:  [02-07-2026 19:31:48] Delete of nonexisting embedding ID: 3459dcc71b884876c8aa707e725b50b5_16
[31mERROR[0m:    [02-07-2026 19:31:48] Failed to send telemetry event CollectionDeleteEvent: capture() takes 1 positional argument but 3 were given
[32mINFO[0m:     [02-07-2026 19:31:48] 127.0.0.1:58567 - "POST /api/v1/collections/04b9833e-32a9-4ce2-877d-ac206ff5d36f/delete HTTP/1.1" 200
[33mWARNING[0m:  [02-07-2026 19:31:48] Delete of nonexisting embedding ID: 3459dcc71b884876c8aa707e725b50b5_134
[33mWARNING[0m:  [02-07-2026 19:31:48] Delete of nonexisting embedding ID: 3459dcc71b884876c8aa707e725b50b5_134
[31mERROR[0m:    [02-07-2026 19:31:49] Failed to send telemetry event CollectionDeleteEvent: capture() takes 1 positional argument but 3 were given
[32mINFO[0m:     [02-07-2026 19:31:49] 127.0.0.1:58567 - "POST /api/v1/collections/04b9833e-32a9-4ce2-877d-ac206ff5d36f/delete HTTP/1.1" 200
[32mINFO[0m:     [02-07-2026 19:31:52] 127.0.0.1:58567 - "POST /api/v1/collections/04b9833e-32a9-4ce2-877d-ac206ff5d36f/query HTTP/1.1" 200
[33mWARNING[0m:  [02-07-2026 19:31:53] Delete of nonexisting embedding ID: c89e704d5f2c1fc405c79f1db1f8f077_196
[33mWARNING[0m:  [02-07-2026 19:31:53] Delete of nonexisting embedding ID: c89e704d5f2c1fc405c79f1db1f8f077_196
[31mERROR[0m:    [02-07-2026 19:31:54] Failed to send telemetry event CollectionDeleteEvent: capture() takes 1 positional argument but 3 were given
[32mINFO[0m:     [02-07-2026 19:31:54] 127.0.0.1:58567 - "POST /api/v1/collections/04b9833e-32a9-4ce2-877d-ac206ff5d36f/delete HTTP/1.1" 200
[33mWARNING[0m:  [02-07-2026 19:31:54] Delete of nonexisting embedding ID: c89e704d5f2c1fc405c79f1db1f8f077_557
[33mWARNING[0m:  [02-07-2026 19:31:54] Delete of nonexisting embedding ID: c89e704d5f2c1fc405c79f1db1f8f077_557
[31mERROR[0m:    [02-07-2026 19:31:54] Failed to send telemetry event CollectionDeleteEvent: capture() takes 1 positional argument but 3 were given
[32mINFO[0m:     [02-07-2026 19:31:54] 127.0.0.1:58567 - "POST /api/v1/collections/04b9833e-32a9-4ce2-877d-ac206ff5d36f/delete HTTP/1.1" 200
[33mWARNING[0m:  [02-07-2026 19:31:54] Delete of nonexisting embedding ID: c89e704d5f2c1fc405c79f1db1f8f077_560
[33mWARNING[0m:  [02-07-2026 19:31:54] Delete of nonexisting embedding ID: c89e704d5f2c1fc405c79f1db1f8f077_560
[31mERROR[0m:    [02-07-2026 19:31:54] Failed to send telemetry event CollectionDeleteEvent: capture() takes 1 positional argument but 3 were given
[32mINFO[0m:     [02-07-2026 19:31:54] 127.0.0.1:58567 - "POST /api/v1/collections/04b9833e-32a9-4ce2-877d-ac206ff5d36f/delete HTTP/1.1" 200
[33mWARNING[0m:  [02-07-2026 19:31:54] Delete of nonexisting embedding ID: c89e704d5f2c1fc405c79f1db1f8f077_328
[33mWARNING[0m:  [02-07-2026 19:31:54] Delete of nonexisting embedding ID: c89e704d5f2c1fc405c79f1db1f8f077_328
[31mERROR[0m:    [02-07-2026 19:31:55] Failed to send telemetry event CollectionDeleteEvent: capture() takes 1 positional argument but 3 were given
[32mINFO[0m:     [02-07-2026 19:31:55] 127.0.0.1:58567 - "POST /api/v1/collections/04b9833e-32a9-4ce2-877d-ac206ff5d36f/delete HTTP/1.1" 200
[33mWARNING[0m:  [02-07-2026 19:31:55] Delete of nonexisting embedding ID: c89e704d5f2c1fc405c79f1db1f8f077_210
[33mWARNING[0m:  [02-07-2026 19:31:55] Delete of nonexisting embedding ID: c89e704d5f2c1fc405c79f1db1f8f077_210
[31mERROR[0m:    [02-07-2026 19:31:55] Failed to send telemetry event CollectionDeleteEvent: capture() takes 1 positional argument but 3 were given
[32mINFO[0m:     [02-07-2026 19:31:55] 127.0.0.1:58567 - "POST /api/v1/collections/04b9833e-32a9-4ce2-877d-ac206ff5d36f/delete HTTP/1.1" 200
[33mWARNING[0m:  [02-07-2026 19:31:55] Delete of nonexisting embedding ID: c89e704d5f2c1fc405c79f1db1f8f077_331
[33mWARNING[0m:  [02-07-2026 19:31:55] Delete of nonexisting embedding ID: c89e704d5f2c1fc405c79f1db1f8f077_331
[31mERROR[0m:    [02-07-2026 19:31:55] Failed to send telemetry event CollectionDeleteEvent: capture() takes 1 positional argument but 3 were given
[32mINFO[0m:     [02-07-2026 19:31:55] 127.0.0.1:58567 - "POST /api/v1/collections/04b9833e-32a9-4ce2-877d-ac206ff5d36f/delete HTTP/1.1" 200
[33mWARNING[0m:  [02-07-2026 19:31:55] Delete of nonexisting embedding ID: c89e704d5f2c1fc405c79f1db1f8f077_197
[33mWARNING[0m:  [02-07-2026 19:31:55] Delete of nonexisting embedding ID: c89e704d5f2c1fc405c79f1db1f8f077_197
[31mERROR[0m:    [02-07-2026 19:31:55] Failed to send telemetry event CollectionDeleteEvent: capture() takes 1 positional argument but 3 were given
[32mINFO[0m:     [02-07-2026 19:31:55] 127.0.0.1:58567 - "POST /api/v1/collections/04b9833e-32a9-4ce2-877d-ac206ff5d36f/delete HTTP/1.1" 200
[33mWARNING[0m:  [02-07-2026 19:31:55] Delete of nonexisting embedding ID: c89e704d5f2c1fc405c79f1db1f8f077_281
[33mWARNING[0m:  [02-07-2026 19:31:55] Delete of nonexisting embedding ID: c89e704d5f2c1fc405c79f1db1f8f077_281
[31mERROR[0m:    [02-07-2026 19:31:55] Failed to send telemetry event CollectionDeleteEvent: capture() takes 1 positional argument but 3 were given
[32mINFO[0m:     [02-07-2026 19:31:55] 127.0.0.1:58567 - "POST /api/v1/collections/04b9833e-32a9-4ce2-877d-ac206ff5d36f/delete HTTP/1.1" 200
[33mWARNING[0m:  [02-07-2026 19:31:55] Delete of nonexisting embedding ID: c89e704d5f2c1fc405c79f1db1f8f077_558
[33mWARNING[0m:  [02-07-2026 19:31:55] Delete of nonexisting embedding ID: c89e704d5f2c1fc405c79f1db1f8f077_558
[31mERROR[0m:    [02-07-2026 19:31:56] Failed to send telemetry event CollectionDeleteEvent: capture() takes 1 positional argument but 3 were given
[32mINFO[0m:     [02-07-2026 19:31:56] 127.0.0.1:58567 - "POST /api/v1/collections/04b9833e-32a9-4ce2-877d-ac206ff5d36f/delete HTTP/1.1" 200
[33mWARNING[0m:  [02-07-2026 19:31:56] Delete of nonexisting embedding ID: c89e704d5f2c1fc405c79f1db1f8f077_192
[33mWARNING[0m:  [02-07-2026 19:31:56] Delete of nonexisting embedding ID: c89e704d5f2c1fc405c79f1db1f8f077_192
[31mERROR[0m:    [02-07-2026 19:31:56] Failed to send telemetry event CollectionDeleteEvent: capture() takes 1 positional argument but 3 were given
[32mINFO[0m:     [02-07-2026 19:31:56] 127.0.0.1:58567 - "POST /api/v1/collections/04b9833e-32a9-4ce2-877d-ac206ff5d36f/delete HTTP/1.1" 200
[33mWARNING[0m:  [02-07-2026 19:31:56] Delete of nonexisting embedding ID: c89e704d5f2c1fc405c79f1db1f8f077_4
[33mWARNING[0m:  [02-07-2026 19:31:56] Delete of nonexisting embedding ID: c89e704d5f2c1fc405c79f1db1f8f077_4
[31mERROR[0m:    [02-07-2026 19:31:56] Failed to send telemetry event CollectionDeleteEvent: capture() takes 1 positional argument but 3 were given
[32mINFO[0m:     [02-07-2026 19:31:56] 127.0.0.1:58567 - "POST /api/v1/collections/04b9833e-32a9-4ce2-877d-ac206ff5d36f/delete HTTP/1.1" 200
[33mWARNING[0m:  [02-07-2026 19:31:56] Delete of nonexisting embedding ID: c89e704d5f2c1fc405c79f1db1f8f077_304
[33mWARNING[0m:  [02-07-2026 19:31:56] Delete of nonexisting embedding ID: c89e704d5f2c1fc405c79f1db1f8f077_304
[31mERROR[0m:    [02-07-2026 19:31:56] Failed to send telemetry event CollectionDeleteEvent: capture() takes 1 positional argument but 3 were given
[32mINFO[0m:     [02-07-2026 19:31:56] 127.0.0.1:58567 - "POST /api/v1/collections/04b9833e-32a9-4ce2-877d-ac206ff5d36f/delete HTTP/1.1" 200
[33mWARNING[0m:  [02-07-2026 19:31:56] Delete of nonexisting embedding ID: c89e704d5f2c1fc405c79f1db1f8f077_208
[33mWARNING[0m:  [02-07-2026 19:31:56] Delete of nonexisting embedding ID: c89e704d5f2c1fc405c79f1db1f8f077_208
[31mERROR[0m:    [02-07-2026 19:31:57] Failed to send telemetry event CollectionDeleteEvent: capture() takes 1 positional argument but 3 were given
[32mINFO[0m:     [02-07-2026 19:31:57] 127.0.0.1:58567 - "POST /api/v1/collections/04b9833e-32a9-4ce2-877d-ac206ff5d36f/delete HTTP/1.1" 200
[33mWARNING[0m:  [02-07-2026 19:31:57] Delete of nonexisting embedding ID: c89e704d5f2c1fc405c79f1db1f8f077_544
[33mWARNING[0m:  [02-07-2026 19:31:57] Delete of nonexisting embedding ID: c89e704d5f2c1fc405c79f1db1f8f077_544
[31mERROR[0m:    [02-07-2026 19:31:57] Failed to send telemetry event CollectionDeleteEvent: capture() takes 1 positional argument but 3 were given
[32mINFO[0m:     [02-07-2026 19:31:57] 127.0.0.1:58567 - "POST /api/v1/collections/04b9833e-32a9-4ce2-877d-ac206ff5d36f/delete HTTP/1.1" 200
[33mWARNING[0m:  [02-07-2026 19:31:57] Delete of nonexisting embedding ID: c89e704d5f2c1fc405c79f1db1f8f077_322
[33mWARNING[0m:  [02-07-2026 19:31:57] Delete of nonexisting embedding ID: c89e704d5f2c1fc405c79f1db1f8f077_322
[31mERROR[0m:    [02-07-2026 19:31:57] Failed to send telemetry event CollectionDeleteEvent: capture() takes 1 positional argument but 3 were given
[32mINFO[0m:     [02-07-2026 19:31:57] 127.0.0.1:58567 - "POST /api/v1/collections/04b9833e-32a9-4ce2-877d-ac206ff5d36f/delete HTTP/1.1" 200
[33mWARNING[0m:  [02-07-2026 19:31:57] Delete of nonexisting embedding ID: c89e704d5f2c1fc405c79f1db1f8f077_265
[33mWARNING[0m:  [02-07-2026 19:31:57] Delete of nonexisting embedding ID: c89e704d5f2c1fc405c79f1db1f8f077_265
[31mERROR[0m:    [02-07-2026 19:31:57] Failed to send telemetry event CollectionDeleteEvent: capture() takes 1 positional argument but 3 were given
[32mINFO[0m:     [02-07-2026 19:31:57] 127.0.0.1:58567 - "POST /api/v1/collections/04b9833e-32a9-4ce2-877d-ac206ff5d36f/delete HTTP/1.1" 200
[33mWARNING[0m:  [02-07-2026 19:31:57] Delete of nonexisting embedding ID: c89e704d5f2c1fc405c79f1db1f8f077_203
[33mWARNING[0m:  [02-07-2026 19:31:57] Delete of nonexisting embedding ID: c89e704d5f2c1fc405c79f1db1f8f077_203
[31mERROR[0m:    [02-07-2026 19:31:57] Failed to send telemetry event CollectionDeleteEvent: capture() takes 1 positional argument but 3 were given
[32mINFO[0m:     [02-07-2026 19:31:57] 127.0.0.1:58567 - "POST /api/v1/collections/04b9833e-32a9-4ce2-877d-ac206ff5d36f/delete HTTP/1.1" 200
[33mWARNING[0m:  [02-07-2026 19:31:57] Delete of nonexisting embedding ID: c89e704d5f2c1fc405c79f1db1f8f077_207
[33mWARNING[0m:  [02-07-2026 19:31:57] Delete of nonexisting embedding ID: c89e704d5f2c1fc405c79f1db1f8f077_207
[31mERROR[0m:    [02-07-2026 19:31:58] Failed to send telemetry event CollectionDeleteEvent: capture() takes 1 positional argument but 3 were given
[32mINFO[0m:     [02-07-2026 19:31:58] 127.0.0.1:58567 - "POST /api/v1/collections/04b9833e-32a9-4ce2-877d-ac206ff5d36f/delete HTTP/1.1" 200
[33mWARNING[0m:  [02-07-2026 19:31:58] Delete of nonexisting embedding ID: c89e704d5f2c1fc405c79f1db1f8f077_202
[33mWARNING[0m:  [02-07-2026 19:31:58] Delete of nonexisting embedding ID: c89e704d5f2c1fc405c79f1db1f8f077_202
[31mERROR[0m:    [02-07-2026 19:31:58] Failed to send telemetry event CollectionDeleteEvent: capture() takes 1 positional argument but 3 were given
[32mINFO[0m:     [02-07-2026 19:31:58] 127.0.0.1:58567 - "POST /api/v1/collections/04b9833e-32a9-4ce2-877d-ac206ff5d36f/delete HTTP/1.1" 200
[33mWARNING[0m:  [02-07-2026 19:31:58] Delete of nonexisting embedding ID: c89e704d5f2c1fc405c79f1db1f8f077_405
[33mWARNING[0m:  [02-07-2026 19:31:58] Delete of nonexisting embedding ID: c89e704d5f2c1fc405c79f1db1f8f077_405
[31mERROR[0m:    [02-07-2026 19:31:58] Failed to send telemetry event CollectionDeleteEvent: capture() takes 1 positional argument but 3 were given
[32mINFO[0m:     [02-07-2026 19:31:58] 127.0.0.1:58567 - "POST /api/v1/collections/04b9833e-32a9-4ce2-877d-ac206ff5d36f/delete HTTP/1.1" 200
[33mWARNING[0m:  [02-07-2026 19:31:58] Delete of nonexisting embedding ID: c89e704d5f2c1fc405c79f1db1f8f077_552
[33mWARNING[0m:  [02-07-2026 19:31:58] Delete of nonexisting embedding ID: c89e704d5f2c1fc405c79f1db1f8f077_552
[31mERROR[0m:    [02-07-2026 19:31:58] Failed to send telemetry event CollectionDeleteEvent: capture() takes 1 positional argument but 3 were given
[32mINFO[0m:     [02-07-2026 19:31:58] 127.0.0.1:58567 - "POST /api/v1/collections/04b9833e-32a9-4ce2-877d-ac206ff5d36f/delete HTTP/1.1" 200
[33mWARNING[0m:  [02-07-2026 19:31:58] Delete of nonexisting embedding ID: c89e704d5f2c1fc405c79f1db1f8f077_332
[33mWARNING[0m:  [02-07-2026 19:31:58] Delete of nonexisting embedding ID: c89e704d5f2c1fc405c79f1db1f8f077_332
[31mERROR[0m:    [02-07-2026 19:31:58] Failed to send telemetry event CollectionDeleteEvent: capture() takes 1 positional argument but 3 were given
[32mINFO[0m:     [02-07-2026 19:31:58] 127.0.0.1:58567 - "POST /api/v1/collections/04b9833e-32a9-4ce2-877d-ac206ff5d36f/delete HTTP/1.1" 200
[33mWARNING[0m:  [02-07-2026 19:31:58] Delete of nonexisting embedding ID: c89e704d5f2c1fc405c79f1db1f8f077_205
[33mWARNING[0m:  [02-07-2026 19:31:58] Delete of nonexisting embedding ID: c89e704d5f2c1fc405c79f1db1f8f077_205
[31mERROR[0m:    [02-07-2026 19:31:59] Failed to send telemetry event CollectionDeleteEvent: capture() takes 1 positional argument but 3 were given
[32mINFO[0m:     [02-07-2026 19:31:59] 127.0.0.1:58567 - "POST /api/v1/collections/04b9833e-32a9-4ce2-877d-ac206ff5d36f/delete HTTP/1.1" 200
[33mWARNING[0m:  [02-07-2026 19:31:59] Delete of nonexisting embedding ID: c89e704d5f2c1fc405c79f1db1f8f077_329
[33mWARNING[0m:  [02-07-2026 19:31:59] Delete of nonexisting embedding ID: c89e704d5f2c1fc405c79f1db1f8f077_329
[31mERROR[0m:    [02-07-2026 19:31:59] Failed to send telemetry event CollectionDeleteEvent: capture() takes 1 positional argument but 3 were given
[32mINFO[0m:     [02-07-2026 19:31:59] 127.0.0.1:58567 - "POST /api/v1/collections/04b9833e-32a9-4ce2-877d-ac206ff5d36f/delete HTTP/1.1" 200
[33mWARNING[0m:  [02-07-2026 19:31:59] Delete of nonexisting embedding ID: c89e704d5f2c1fc405c79f1db1f8f077_409
[33mWARNING[0m:  [02-07-2026 19:31:59] Delete of nonexisting embedding ID: c89e704d5f2c1fc405c79f1db1f8f077_409
[31mERROR[0m:    [02-07-2026 19:31:59] Failed to send telemetry event CollectionDeleteEvent: capture() takes 1 positional argument but 3 were given
[32mINFO[0m:     [02-07-2026 19:31:59] 127.0.0.1:58567 - "POST /api/v1/collections/04b9833e-32a9-4ce2-877d-ac206ff5d36f/delete HTTP/1.1" 200
[33mWARNING[0m:  [02-07-2026 19:31:59] Delete of nonexisting embedding ID: c89e704d5f2c1fc405c79f1db1f8f077_22
[33mWARNING[0m:  [02-07-2026 19:31:59] Delete of nonexisting embedding ID: c89e704d5f2c1fc405c79f1db1f8f077_22
[31mERROR[0m:    [02-07-2026 19:31:59] Failed to send telemetry event CollectionDeleteEvent: capture() takes 1 positional argument but 3 were given
[32mINFO[0m:     [02-07-2026 19:31:59] 127.0.0.1:58567 - "POST /api/v1/collections/04b9833e-32a9-4ce2-877d-ac206ff5d36f/delete HTTP/1.1" 200
[33mWARNING[0m:  [02-07-2026 19:31:59] Delete of nonexisting embedding ID: c89e704d5f2c1fc405c79f1db1f8f077_204
[33mWARNING[0m:  [02-07-2026 19:31:59] Delete of nonexisting embedding ID: c89e704d5f2c1fc405c79f1db1f8f077_204
[31mERROR[0m:    [02-07-2026 19:31:59] Failed to send telemetry event CollectionDeleteEvent: capture() takes 1 positional argument but 3 were given
[32mINFO[0m:     [02-07-2026 19:31:59] 127.0.0.1:58567 - "POST /api/v1/collections/04b9833e-32a9-4ce2-877d-ac206ff5d36f/delete HTTP/1.1" 200
[33mWARNING[0m:  [02-07-2026 19:31:59] Delete of nonexisting embedding ID: c89e704d5f2c1fc405c79f1db1f8f077_209
[33mWARNING[0m:  [02-07-2026 19:31:59] Delete of nonexisting embedding ID: c89e704d5f2c1fc405c79f1db1f8f077_209
[31mERROR[0m:    [02-07-2026 19:31:59] Failed to send telemetry event CollectionDeleteEvent: capture() takes 1 positional argument but 3 were given
[32mINFO[0m:     [02-07-2026 19:31:59] 127.0.0.1:58567 - "POST /api/v1/collections/04b9833e-32a9-4ce2-877d-ac206ff5d36f/delete HTTP/1.1" 200
[33mWARNING[0m:  [02-07-2026 19:31:59] Delete of nonexisting embedding ID: c89e704d5f2c1fc405c79f1db1f8f077_81
[33mWARNING[0m:  [02-07-2026 19:31:59] Delete of nonexisting embedding ID: c89e704d5f2c1fc405c79f1db1f8f077_81
[31mERROR[0m:    [02-07-2026 19:32:00] Failed to send telemetry event CollectionDeleteEvent: capture() takes 1 positional argument but 3 were given
[32mINFO[0m:     [02-07-2026 19:32:00] 127.0.0.1:58567 - "POST /api/v1/collections/04b9833e-32a9-4ce2-877d-ac206ff5d36f/delete HTTP/1.1" 200
[33mWARNING[0m:  [02-07-2026 19:32:00] Delete of nonexisting embedding ID: c89e704d5f2c1fc405c79f1db1f8f077_562
[33mWARNING[0m:  [02-07-2026 19:32:00] Delete of nonexisting embedding ID: c89e704d5f2c1fc405c79f1db1f8f077_562
[31mERROR[0m:    [02-07-2026 19:32:00] Failed to send telemetry event CollectionDeleteEvent: capture() takes 1 positional argument but 3 were given
[32mINFO[0m:     [02-07-2026 19:32:00] 127.0.0.1:58567 - "POST /api/v1/collections/04b9833e-32a9-4ce2-877d-ac206ff5d36f/delete HTTP/1.1" 200
[33mWARNING[0m:  [02-07-2026 19:32:00] Delete of nonexisting embedding ID: c89e704d5f2c1fc405c79f1db1f8f077_402
[33mWARNING[0m:  [02-07-2026 19:32:00] Delete of nonexisting embedding ID: c89e704d5f2c1fc405c79f1db1f8f077_402
[31mERROR[0m:    [02-07-2026 19:32:00] Failed to send telemetry event CollectionDeleteEvent: capture() takes 1 positional argument but 3 were given
[32mINFO[0m:     [02-07-2026 19:32:00] 127.0.0.1:58567 - "POST /api/v1/collections/04b9833e-32a9-4ce2-877d-ac206ff5d36f/delete HTTP/1.1" 200
[33mWARNING[0m:  [02-07-2026 19:32:00] Delete of nonexisting embedding ID: c89e704d5f2c1fc405c79f1db1f8f077_323
[33mWARNING[0m:  [02-07-2026 19:32:00] Delete of nonexisting embedding ID: c89e704d5f2c1fc405c79f1db1f8f077_323
[31mERROR[0m:    [02-07-2026 19:32:00] Failed to send telemetry event CollectionDeleteEvent: capture() takes 1 positional argument but 3 were given
[32mINFO[0m:     [02-07-2026 19:32:00] 127.0.0.1:58567 - "POST /api/v1/collections/04b9833e-32a9-4ce2-877d-ac206ff5d36f/delete HTTP/1.1" 200
[33mWARNING[0m:  [02-07-2026 19:32:00] Delete of nonexisting embedding ID: c89e704d5f2c1fc405c79f1db1f8f077_413
[33mWARNING[0m:  [02-07-2026 19:32:00] Delete of nonexisting embedding ID: c89e704d5f2c1fc405c79f1db1f8f077_413
[31mERROR[0m:    [02-07-2026 19:32:00] Failed to send telemetry event CollectionDeleteEvent: capture() takes 1 positional argument but 3 were given
[32mINFO[0m:     [02-07-2026 19:32:00] 127.0.0.1:58567 - "POST /api/v1/collections/04b9833e-32a9-4ce2-877d-ac206ff5d36f/delete HTTP/1.1" 200
[33mWARNING[0m:  [02-07-2026 19:32:01] Delete of nonexisting embedding ID: c89e704d5f2c1fc405c79f1db1f8f077_245
[33mWARNING[0m:  [02-07-2026 19:32:01] Delete of nonexisting embedding ID: c89e704d5f2c1fc405c79f1db1f8f077_245
[31mERROR[0m:    [02-07-2026 19:32:01] Failed to send telemetry event CollectionDeleteEvent: capture() takes 1 positional argument but 3 were given
[32mINFO[0m:     [02-07-2026 19:32:01] 127.0.0.1:58567 - "POST /api/v1/collections/04b9833e-32a9-4ce2-877d-ac206ff5d36f/delete HTTP/1.1" 200
[33mWARNING[0m:  [02-07-2026 19:32:01] Delete of nonexisting embedding ID: c89e704d5f2c1fc405c79f1db1f8f077_270
[33mWARNING[0m:  [02-07-2026 19:32:01] Delete of nonexisting embedding ID: c89e704d5f2c1fc405c79f1db1f8f077_270
[31mERROR[0m:    [02-07-2026 19:32:01] Failed to send telemetry event CollectionDeleteEvent: capture() takes 1 positional argument but 3 were given
[32mINFO[0m:     [02-07-2026 19:32:01] 127.0.0.1:58567 - "POST /api/v1/collections/04b9833e-32a9-4ce2-877d-ac206ff5d36f/delete HTTP/1.1" 200
[33mWARNING[0m:  [02-07-2026 19:32:01] Delete of nonexisting embedding ID: c89e704d5f2c1fc405c79f1db1f8f077_303
[33mWARNING[0m:  [02-07-2026 19:32:01] Delete of nonexisting embedding ID: c89e704d5f2c1fc405c79f1db1f8f077_303
[31mERROR[0m:    [02-07-2026 19:32:01] Failed to send telemetry event CollectionDeleteEvent: capture() takes 1 positional argument but 3 were given
[32mINFO[0m:     [02-07-2026 19:32:01] 127.0.0.1:58567 - "POST /api/v1/collections/04b9833e-32a9-4ce2-877d-ac206ff5d36f/delete HTTP/1.1" 200
[33mWARNING[0m:  [02-07-2026 19:32:01] Delete of nonexisting embedding ID: c89e704d5f2c1fc405c79f1db1f8f077_294
[33mWARNING[0m:  [02-07-2026 19:32:01] Delete of nonexisting embedding ID: c89e704d5f2c1fc405c79f1db1f8f077_294
[31mERROR[0m:    [02-07-2026 19:32:01] Failed to send telemetry event CollectionDeleteEvent: capture() takes 1 positional argument but 3 were given
[32mINFO[0m:     [02-07-2026 19:32:01] 127.0.0.1:58567 - "POST /api/v1/collections/04b9833e-32a9-4ce2-877d-ac206ff5d36f/delete HTTP/1.1" 200
[33mWARNING[0m:  [02-07-2026 19:32:01] Delete of nonexisting embedding ID: c89e704d5f2c1fc405c79f1db1f8f077_556
[33mWARNING[0m:  [02-07-2026 19:32:01] Delete of nonexisting embedding ID: c89e704d5f2c1fc405c79f1db1f8f077_556
[31mERROR[0m:    [02-07-2026 19:32:01] Failed to send telemetry event CollectionDeleteEvent: capture() takes 1 positional argument but 3 were given
[32mINFO[0m:     [02-07-2026 19:32:01] 127.0.0.1:58567 - "POST /api/v1/collections/04b9833e-32a9-4ce2-877d-ac206ff5d36f/delete HTTP/1.1" 200
[33mWARNING[0m:  [02-07-2026 19:32:01] Delete of nonexisting embedding ID: c89e704d5f2c1fc405c79f1db1f8f077_302
[33mWARNING[0m:  [02-07-2026 19:32:01] Delete of nonexisting embedding ID: c89e704d5f2c1fc405c79f1db1f8f077_302
[31mERROR[0m:    [02-07-2026 19:32:01] Failed to send telemetry event CollectionDeleteEvent: capture() takes 1 positional argument but 3 were given
[32mINFO[0m:     [02-07-2026 19:32:01] 127.0.0.1:58567 - "POST /api/v1/collections/04b9833e-32a9-4ce2-877d-ac206ff5d36f/delete HTTP/1.1" 200
[33mWARNING[0m:  [02-07-2026 19:32:01] Delete of nonexisting embedding ID: c89e704d5f2c1fc405c79f1db1f8f077_13
[33mWARNING[0m:  [02-07-2026 19:32:01] Delete of nonexisting embedding ID: c89e704d5f2c1fc405c79f1db1f8f077_13
[31mERROR[0m:    [02-07-2026 19:32:02] Failed to send telemetry event CollectionDeleteEvent: capture() takes 1 positional argument but 3 were given
[32mINFO[0m:     [02-07-2026 19:32:02] 127.0.0.1:58567 - "POST /api/v1/collections/04b9833e-32a9-4ce2-877d-ac206ff5d36f/delete HTTP/1.1" 200
[33mWARNING[0m:  [02-07-2026 19:32:02] Delete of nonexisting embedding ID: c89e704d5f2c1fc405c79f1db1f8f077_301
[33mWARNING[0m:  [02-07-2026 19:32:02] Delete of nonexisting embedding ID: c89e704d5f2c1fc405c79f1db1f8f077_301
[31mERROR[0m:    [02-07-2026 19:32:02] Failed to send telemetry event CollectionDeleteEvent: capture() takes 1 positional argument but 3 were given
[32mINFO[0m:     [02-07-2026 19:32:02] 127.0.0.1:58567 - "POST /api/v1/collections/04b9833e-32a9-4ce2-877d-ac206ff5d36f/delete HTTP/1.1" 200
[33mWARNING[0m:  [02-07-2026 19:32:02] Delete of nonexisting embedding ID: c89e704d5f2c1fc405c79f1db1f8f077_410
[33mWARNING[0m:  [02-07-2026 19:32:02] Delete of nonexisting embedding ID: c89e704d5f2c1fc405c79f1db1f8f077_410
[31mERROR[0m:    [02-07-2026 19:32:02] Failed to send telemetry event CollectionDeleteEvent: capture() takes 1 positional argument but 3 were given
[32mINFO[0m:     [02-07-2026 19:32:02] 127.0.0.1:58567 - "POST /api/v1/collections/04b9833e-32a9-4ce2-877d-ac206ff5d36f/delete HTTP/1.1" 200
[33mWARNING[0m:  [02-07-2026 19:32:02] Delete of nonexisting embedding ID: c89e704d5f2c1fc405c79f1db1f8f077_271
[33mWARNING[0m:  [02-07-2026 19:32:02] Delete of nonexisting embedding ID: c89e704d5f2c1fc405c79f1db1f8f077_271
[31mERROR[0m:    [02-07-2026 19:32:02] Failed to send telemetry event CollectionDeleteEvent: capture() takes 1 positional argument but 3 were given
[32mINFO[0m:     [02-07-2026 19:32:02] 127.0.0.1:58567 - "POST /api/v1/collections/04b9833e-32a9-4ce2-877d-ac206ff5d36f/delete HTTP/1.1" 200
[33mWARNING[0m:  [02-07-2026 19:32:02] Delete of nonexisting embedding ID: c89e704d5f2c1fc405c79f1db1f8f077_561
[33mWARNING[0m:  [02-07-2026 19:32:02] Delete of nonexisting embedding ID: c89e704d5f2c1fc405c79f1db1f8f077_561
[31mERROR[0m:    [02-07-2026 19:32:02] Failed to send telemetry event CollectionDeleteEvent: capture() takes 1 positional argument but 3 were given
[32mINFO[0m:     [02-07-2026 19:32:02] 127.0.0.1:58567 - "POST /api/v1/collections/04b9833e-32a9-4ce2-877d-ac206ff5d36f/delete HTTP/1.1" 200
[33mWARNING[0m:  [02-07-2026 19:32:02] Delete of nonexisting embedding ID: c89e704d5f2c1fc405c79f1db1f8f077_298
[33mWARNING[0m:  [02-07-2026 19:32:02] Delete of nonexisting embedding ID: c89e704d5f2c1fc405c79f1db1f8f077_298
[31mERROR[0m:    [02-07-2026 19:32:02] Failed to send telemetry event CollectionDeleteEvent: capture() takes 1 positional argument but 3 were given
[32mINFO[0m:     [02-07-2026 19:32:02] 127.0.0.1:58567 - "POST /api/v1/collections/04b9833e-32a9-4ce2-877d-ac206ff5d36f/delete HTTP/1.1" 200
[33mWARNING[0m:  [02-07-2026 19:32:02] Delete of nonexisting embedding ID: c89e704d5f2c1fc405c79f1db1f8f077_543
[33mWARNING[0m:  [02-07-2026 19:32:02] Delete of nonexisting embedding ID: c89e704d5f2c1fc405c79f1db1f8f077_543
[31mERROR[0m:    [02-07-2026 19:32:02] Failed to send telemetry event CollectionDeleteEvent: capture() takes 1 positional argument but 3 were given
[32mINFO[0m:     [02-07-2026 19:32:02] 127.0.0.1:58567 - "POST /api/v1/collections/04b9833e-32a9-4ce2-877d-ac206ff5d36f/delete HTTP/1.1" 200
[33mWARNING[0m:  [02-07-2026 19:32:02] Delete of nonexisting embedding ID: c89e704d5f2c1fc405c79f1db1f8f077_330
[33mWARNING[0m:  [02-07-2026 19:32:02] Delete of nonexisting embedding ID: c89e704d5f2c1fc405c79f1db1f8f077_330
[31mERROR[0m:    [02-07-2026 19:32:03] Failed to send telemetry event CollectionDeleteEvent: capture() takes 1 positional argument but 3 were given
[32mINFO[0m:     [02-07-2026 19:32:03] 127.0.0.1:58567 - "POST /api/v1/collections/04b9833e-32a9-4ce2-877d-ac206ff5d36f/delete HTTP/1.1" 200
[33mWARNING[0m:  [02-07-2026 19:32:03] Delete of nonexisting embedding ID: c89e704d5f2c1fc405c79f1db1f8f077_553
[33mWARNING[0m:  [02-07-2026 19:32:03] Delete of nonexisting embedding ID: c89e704d5f2c1fc405c79f1db1f8f077_553
[31mERROR[0m:    [02-07-2026 19:32:03] Failed to send telemetry event CollectionDeleteEvent: capture() takes 1 positional argument but 3 were given
[32mINFO[0m:     [02-07-2026 19:32:03] 127.0.0.1:58567 - "POST /api/v1/collections/04b9833e-32a9-4ce2-877d-ac206ff5d36f/delete HTTP/1.1" 200
[33mWARNING[0m:  [02-07-2026 19:32:03] Delete of nonexisting embedding ID: c89e704d5f2c1fc405c79f1db1f8f077_194
[33mWARNING[0m:  [02-07-2026 19:32:03] Delete of nonexisting embedding ID: c89e704d5f2c1fc405c79f1db1f8f077_194
[31mERROR[0m:    [02-07-2026 19:32:03] Failed to send telemetry event CollectionDeleteEvent: capture() takes 1 positional argument but 3 were given
[32mINFO[0m:     [02-07-2026 19:32:03] 127.0.0.1:58567 - "POST /api/v1/collections/04b9833e-32a9-4ce2-877d-ac206ff5d36f/delete HTTP/1.1" 200
[33mWARNING[0m:  [02-07-2026 19:32:03] Delete of nonexisting embedding ID: c89e704d5f2c1fc405c79f1db1f8f077_260
[33mWARNING[0m:  [02-07-2026 19:32:03] Delete of nonexisting embedding ID: c89e704d5f2c1fc405c79f1db1f8f077_260
[31mERROR[0m:    [02-07-2026 19:32:03] Failed to send telemetry event CollectionDeleteEvent: capture() takes 1 positional argument but 3 were given
[32mINFO[0m:     [02-07-2026 19:32:03] 127.0.0.1:58567 - "POST /api/v1/collections/04b9833e-32a9-4ce2-877d-ac206ff5d36f/delete HTTP/1.1" 200
[33mWARNING[0m:  [02-07-2026 19:32:03] Delete of nonexisting embedding ID: c89e704d5f2c1fc405c79f1db1f8f077_191
[33mWARNING[0m:  [02-07-2026 19:32:03] Delete of nonexisting embedding ID: c89e704d5f2c1fc405c79f1db1f8f077_191
[31mERROR[0m:    [02-07-2026 19:32:03] Failed to send telemetry event CollectionDeleteEvent: capture() takes 1 positional argument but 3 were given
[32mINFO[0m:     [02-07-2026 19:32:03] 127.0.0.1:58567 - "POST /api/v1/collections/04b9833e-32a9-4ce2-877d-ac206ff5d36f/delete HTTP/1.1" 200
[33mWARNING[0m:  [02-07-2026 19:32:03] Delete of nonexisting embedding ID: c89e704d5f2c1fc405c79f1db1f8f077_430
[33mWARNING[0m:  [02-07-2026 19:32:03] Delete of nonexisting embedding ID: c89e704d5f2c1fc405c79f1db1f8f077_430
[31mERROR[0m:    [02-07-2026 19:32:04] Failed to send telemetry event CollectionDeleteEvent: capture() takes 1 positional argument but 3 were given
[32mINFO[0m:     [02-07-2026 19:32:04] 127.0.0.1:58567 - "POST /api/v1/collections/04b9833e-32a9-4ce2-877d-ac206ff5d36f/delete HTTP/1.1" 200
[33mWARNING[0m:  [02-07-2026 19:32:04] Delete of nonexisting embedding ID: c89e704d5f2c1fc405c79f1db1f8f077_442
[33mWARNING[0m:  [02-07-2026 19:32:04] Delete of nonexisting embedding ID: c89e704d5f2c1fc405c79f1db1f8f077_442
[31mERROR[0m:    [02-07-2026 19:32:04] Failed to send telemetry event CollectionDeleteEvent: capture() takes 1 positional argument but 3 were given
[32mINFO[0m:     [02-07-2026 19:32:04] 127.0.0.1:58567 - "POST /api/v1/collections/04b9833e-32a9-4ce2-877d-ac206ff5d36f/delete HTTP/1.1" 200
[33mWARNING[0m:  [02-07-2026 19:32:04] Delete of nonexisting embedding ID: c89e704d5f2c1fc405c79f1db1f8f077_529
[33mWARNING[0m:  [02-07-2026 19:32:04] Delete of nonexisting embedding ID: c89e704d5f2c1fc405c79f1db1f8f077_529
[31mERROR[0m:    [02-07-2026 19:32:04] Failed to send telemetry event CollectionDeleteEvent: capture() takes 1 positional argument but 3 were given
[32mINFO[0m:     [02-07-2026 19:32:04] 127.0.0.1:58567 - "POST /api/v1/collections/04b9833e-32a9-4ce2-877d-ac206ff5d36f/delete HTTP/1.1" 200
[33mWARNING[0m:  [02-07-2026 19:32:04] Delete of nonexisting embedding ID: c89e704d5f2c1fc405c79f1db1f8f077_449
[33mWARNING[0m:  [02-07-2026 19:32:04] Delete of nonexisting embedding ID: c89e704d5f2c1fc405c79f1db1f8f077_449
[31mERROR[0m:    [02-07-2026 19:32:05] Failed to send telemetry event CollectionDeleteEvent: capture() takes 1 positional argument but 3 were given
[32mINFO[0m:     [02-07-2026 19:32:05] 127.0.0.1:58567 - "POST /api/v1/collections/04b9833e-32a9-4ce2-877d-ac206ff5d36f/delete HTTP/1.1" 200
[33mWARNING[0m:  [02-07-2026 19:32:05] Delete of nonexisting embedding ID: c89e704d5f2c1fc405c79f1db1f8f077_476
[33mWARNING[0m:  [02-07-2026 19:32:05] Delete of nonexisting embedding ID: c89e704d5f2c1fc405c79f1db1f8f077_476
[31mERROR[0m:    [02-07-2026 19:32:05] Failed to send telemetry event CollectionDeleteEvent: capture() takes 1 positional argument but 3 were given
[32mINFO[0m:     [02-07-2026 19:32:05] 127.0.0.1:58567 - "POST /api/v1/collections/04b9833e-32a9-4ce2-877d-ac206ff5d36f/delete HTTP/1.1" 200
[33mWARNING[0m:  [02-07-2026 19:32:05] Delete of nonexisting embedding ID: c89e704d5f2c1fc405c79f1db1f8f077_200
[33mWARNING[0m:  [02-07-2026 19:32:05] Delete of nonexisting embedding ID: c89e704d5f2c1fc405c79f1db1f8f077_200
[31mERROR[0m:    [02-07-2026 19:32:06] Failed to send telemetry event CollectionDeleteEvent: capture() takes 1 positional argument but 3 were given
[32mINFO[0m:     [02-07-2026 19:32:06] 127.0.0.1:58567 - "POST /api/v1/collections/04b9833e-32a9-4ce2-877d-ac206ff5d36f/delete HTTP/1.1" 200
[33mWARNING[0m:  [02-07-2026 19:32:06] Delete of nonexisting embedding ID: c89e704d5f2c1fc405c79f1db1f8f077_334
[33mWARNING[0m:  [02-07-2026 19:32:06] Delete of nonexisting embedding ID: c89e704d5f2c1fc405c79f1db1f8f077_334
[31mERROR[0m:    [02-07-2026 19:32:06] Failed to send telemetry event CollectionDeleteEvent: capture() takes 1 positional argument but 3 were given
[32mINFO[0m:     [02-07-2026 19:32:06] 127.0.0.1:58567 - "POST /api/v1/collections/04b9833e-32a9-4ce2-877d-ac206ff5d36f/delete HTTP/1.1" 200
[33mWARNING[0m:  [02-07-2026 19:32:06] Delete of nonexisting embedding ID: c89e704d5f2c1fc405c79f1db1f8f077_490
[33mWARNING[0m:  [02-07-2026 19:32:06] Delete of nonexisting embedding ID: c89e704d5f2c1fc405c79f1db1f8f077_490
[31mERROR[0m:    [02-07-2026 19:32:06] Failed to send telemetry event CollectionDeleteEvent: capture() takes 1 positional argument but 3 were given
[32mINFO[0m:     [02-07-2026 19:32:06] 127.0.0.1:58567 - "POST /api/v1/collections/04b9833e-32a9-4ce2-877d-ac206ff5d36f/delete HTTP/1.1" 200
[33mWARNING[0m:  [02-07-2026 19:32:06] Delete of nonexisting embedding ID: c89e704d5f2c1fc405c79f1db1f8f077_211
[33mWARNING[0m:  [02-07-2026 19:32:06] Delete of nonexisting embedding ID: c89e704d5f2c1fc405c79f1db1f8f077_211
[31mERROR[0m:    [02-07-2026 19:32:07] Failed to send telemetry event CollectionDeleteEvent: capture() takes 1 positional argument but 3 were given
[32mINFO[0m:     [02-07-2026 19:32:07] 127.0.0.1:58567 - "POST /api/v1/collections/04b9833e-32a9-4ce2-877d-ac206ff5d36f/delete HTTP/1.1" 200
[33mWARNING[0m:  [02-07-2026 19:32:07] Delete of nonexisting embedding ID: c89e704d5f2c1fc405c79f1db1f8f077_137
[33mWARNING[0m:  [02-07-2026 19:32:07] Delete of nonexisting embedding ID: c89e704d5f2c1fc405c79f1db1f8f077_137
[31mERROR[0m:    [02-07-2026 19:32:07] Failed to send telemetry event CollectionDeleteEvent: capture() takes 1 positional argument but 3 were given
[32mINFO[0m:     [02-07-2026 19:32:07] 127.0.0.1:58567 - "POST /api/v1/collections/04b9833e-32a9-4ce2-877d-ac206ff5d36f/delete HTTP/1.1" 200
[33mWARNING[0m:  [02-07-2026 19:32:07] Delete of nonexisting embedding ID: c89e704d5f2c1fc405c79f1db1f8f077_264
[33mWARNING[0m:  [02-07-2026 19:32:07] Delete of nonexisting embedding ID: c89e704d5f2c1fc405c79f1db1f8f077_264
[31mERROR[0m:    [02-07-2026 19:32:07] Failed to send telemetry event CollectionDeleteEvent: capture() takes 1 positional argument but 3 were given
[32mINFO[0m:     [02-07-2026 19:32:07] 127.0.0.1:58567 - "POST /api/v1/collections/04b9833e-32a9-4ce2-877d-ac206ff5d36f/delete HTTP/1.1" 200
[33mWARNING[0m:  [02-07-2026 19:32:07] Delete of nonexisting embedding ID: c89e704d5f2c1fc405c79f1db1f8f077_60
[33mWARNING[0m:  [02-07-2026 19:32:07] Delete of nonexisting embedding ID: c89e704d5f2c1fc405c79f1db1f8f077_60
[31mERROR[0m:    [02-07-2026 19:32:08] Failed to send telemetry event CollectionDeleteEvent: capture() takes 1 positional argument but 3 were given
[32mINFO[0m:     [02-07-2026 19:32:08] 127.0.0.1:58567 - "POST /api/v1/collections/04b9833e-32a9-4ce2-877d-ac206ff5d36f/delete HTTP/1.1" 200
[33mWARNING[0m:  [02-07-2026 19:32:08] Delete of nonexisting embedding ID: c89e704d5f2c1fc405c79f1db1f8f077_461
[33mWARNING[0m:  [02-07-2026 19:32:08] Delete of nonexisting embedding ID: c89e704d5f2c1fc405c79f1db1f8f077_461
[31mERROR[0m:    [02-07-2026 19:32:08] Failed to send telemetry event CollectionDeleteEvent: capture() takes 1 positional argument but 3 were given
[32mINFO[0m:     [02-07-2026 19:32:08] 127.0.0.1:58567 - "POST /api/v1/collections/04b9833e-32a9-4ce2-877d-ac206ff5d36f/delete HTTP/1.1" 200
[33mWARNING[0m:  [02-07-2026 19:32:08] Delete of nonexisting embedding ID: c89e704d5f2c1fc405c79f1db1f8f077_555
[33mWARNING[0m:  [02-07-2026 19:32:08] Delete of nonexisting embedding ID: c89e704d5f2c1fc405c79f1db1f8f077_555
[31mERROR[0m:    [02-07-2026 19:32:08] Failed to send telemetry event CollectionDeleteEvent: capture() takes 1 positional argument but 3 were given
[32mINFO[0m:     [02-07-2026 19:32:08] 127.0.0.1:58567 - "POST /api/v1/collections/04b9833e-32a9-4ce2-877d-ac206ff5d36f/delete HTTP/1.1" 200
[33mWARNING[0m:  [02-07-2026 19:32:08] Delete of nonexisting embedding ID: c89e704d5f2c1fc405c79f1db1f8f077_299
[33mWARNING[0m:  [02-07-2026 19:32:08] Delete of nonexisting embedding ID: c89e704d5f2c1fc405c79f1db1f8f077_299
[31mERROR[0m:    [02-07-2026 19:32:09] Failed to send telemetry event CollectionDeleteEvent: capture() takes 1 positional argument but 3 were given
[32mINFO[0m:     [02-07-2026 19:32:09] 127.0.0.1:58567 - "POST /api/v1/collections/04b9833e-32a9-4ce2-877d-ac206ff5d36f/delete HTTP/1.1" 200
[33mWARNING[0m:  [02-07-2026 19:32:09] Delete of nonexisting embedding ID: c89e704d5f2c1fc405c79f1db1f8f077_383
[33mWARNING[0m:  [02-07-2026 19:32:09] Delete of nonexisting embedding ID: c89e704d5f2c1fc405c79f1db1f8f077_383
[31mERROR[0m:    [02-07-2026 19:32:09] Failed to send telemetry event CollectionDeleteEvent: capture() takes 1 positional argument but 3 were given
[32mINFO[0m:     [02-07-2026 19:32:09] 127.0.0.1:58567 - "POST /api/v1/collections/04b9833e-32a9-4ce2-877d-ac206ff5d36f/delete HTTP/1.1" 200
[33mWARNING[0m:  [02-07-2026 19:32:09] Delete of nonexisting embedding ID: c89e704d5f2c1fc405c79f1db1f8f077_435
[33mWARNING[0m:  [02-07-2026 19:32:09] Delete of nonexisting embedding ID: c89e704d5f2c1fc405c79f1db1f8f077_435
[31mERROR[0m:    [02-07-2026 19:32:09] Failed to send telemetry event CollectionDeleteEvent: capture() takes 1 positional argument but 3 were given
[32mINFO[0m:     [02-07-2026 19:32:09] 127.0.0.1:58567 - "POST /api/v1/collections/04b9833e-32a9-4ce2-877d-ac206ff5d36f/delete HTTP/1.1" 200
[33mWARNING[0m:  [02-07-2026 19:32:09] Delete of nonexisting embedding ID: c89e704d5f2c1fc405c79f1db1f8f077_279
[33mWARNING[0m:  [02-07-2026 19:32:09] Delete of nonexisting embedding ID: c89e704d5f2c1fc405c79f1db1f8f077_279
[31mERROR[0m:    [02-07-2026 19:32:09] Failed to send telemetry event CollectionDeleteEvent: capture() takes 1 positional argument but 3 were given
[32mINFO[0m:     [02-07-2026 19:32:09] 127.0.0.1:58567 - "POST /api/v1/collections/04b9833e-32a9-4ce2-877d-ac206ff5d36f/delete HTTP/1.1" 200
[33mWARNING[0m:  [02-07-2026 19:32:09] Delete of nonexisting embedding ID: c89e704d5f2c1fc405c79f1db1f8f077_523
[33mWARNING[0m:  [02-07-2026 19:32:09] Delete of nonexisting embedding ID: c89e704d5f2c1fc405c79f1db1f8f077_523
[31mERROR[0m:    [02-07-2026 19:32:09] Failed to send telemetry event CollectionDeleteEvent: capture() takes 1 positional argument but 3 were given
[32mINFO[0m:     [02-07-2026 19:32:09] 127.0.0.1:58567 - "POST /api/v1/collections/04b9833e-32a9-4ce2-877d-ac206ff5d36f/delete HTTP/1.1" 200
[33mWARNING[0m:  [02-07-2026 19:32:09] Delete of nonexisting embedding ID: c89e704d5f2c1fc405c79f1db1f8f077_193
[33mWARNING[0m:  [02-07-2026 19:32:09] Delete of nonexisting embedding ID: c89e704d5f2c1fc405c79f1db1f8f077_193
[31mERROR[0m:    [02-07-2026 19:32:10] Failed to send telemetry event CollectionDeleteEvent: capture() takes 1 positional argument but 3 were given
[32mINFO[0m:     [02-07-2026 19:32:10] 127.0.0.1:58567 - "POST /api/v1/collections/04b9833e-32a9-4ce2-877d-ac206ff5d36f/delete HTTP/1.1" 200
[33mWARNING[0m:  [02-07-2026 19:32:10] Delete of nonexisting embedding ID: c89e704d5f2c1fc405c79f1db1f8f077_206
[33mWARNING[0m:  [02-07-2026 19:32:10] Delete of nonexisting embedding ID: c89e704d5f2c1fc405c79f1db1f8f077_206
[31mERROR[0m:    [02-07-2026 19:32:10] Failed to send telemetry event CollectionDeleteEvent: capture() takes 1 positional argument but 3 were given
[32mINFO[0m:     [02-07-2026 19:32:10] 127.0.0.1:58567 - "POST /api/v1/collections/04b9833e-32a9-4ce2-877d-ac206ff5d36f/delete HTTP/1.1" 200
[33mWARNING[0m:  [02-07-2026 19:32:10] Delete of nonexisting embedding ID: c89e704d5f2c1fc405c79f1db1f8f077_257
[33mWARNING[0m:  [02-07-2026 19:32:10] Delete of nonexisting embedding ID: c89e704d5f2c1fc405c79f1db1f8f077_257
[31mERROR[0m:    [02-07-2026 19:32:10] Failed to send telemetry event CollectionDeleteEvent: capture() takes 1 positional argument but 3 were given
[32mINFO[0m:     [02-07-2026 19:32:10] 127.0.0.1:58567 - "POST /api/v1/collections/04b9833e-32a9-4ce2-877d-ac206ff5d36f/delete HTTP/1.1" 200
[33mWARNING[0m:  [02-07-2026 19:32:10] Delete of nonexisting embedding ID: c89e704d5f2c1fc405c79f1db1f8f077_356
[33mWARNING[0m:  [02-07-2026 19:32:10] Delete of nonexisting embedding ID: c89e704d5f2c1fc405c79f1db1f8f077_356
[31mERROR[0m:    [02-07-2026 19:32:10] Failed to send telemetry event CollectionDeleteEvent: capture() takes 1 positional argument but 3 were given
[32mINFO[0m:     [02-07-2026 19:32:10] 127.0.0.1:58567 - "POST /api/v1/collections/04b9833e-32a9-4ce2-877d-ac206ff5d36f/delete HTTP/1.1" 200
[33mWARNING[0m:  [02-07-2026 19:32:10] Delete of nonexisting embedding ID: c89e704d5f2c1fc405c79f1db1f8f077_426
[33mWARNING[0m:  [02-07-2026 19:32:10] Delete of nonexisting embedding ID: c89e704d5f2c1fc405c79f1db1f8f077_426
[31mERROR[0m:    [02-07-2026 19:32:11] Failed to send telemetry event CollectionDeleteEvent: capture() takes 1 positional argument but 3 were given
[32mINFO[0m:     [02-07-2026 19:32:11] 127.0.0.1:58567 - "POST /api/v1/collections/04b9833e-32a9-4ce2-877d-ac206ff5d36f/delete HTTP/1.1" 200
[33mWARNING[0m:  [02-07-2026 19:32:11] Delete of nonexisting embedding ID: c89e704d5f2c1fc405c79f1db1f8f077_531
[33mWARNING[0m:  [02-07-2026 19:32:11] Delete of nonexisting embedding ID: c89e704d5f2c1fc405c79f1db1f8f077_531
[31mERROR[0m:    [02-07-2026 19:32:11] Failed to send telemetry event CollectionDeleteEvent: capture() takes 1 positional argument but 3 were given
[32mINFO[0m:     [02-07-2026 19:32:11] 127.0.0.1:58567 - "POST /api/v1/collections/04b9833e-32a9-4ce2-877d-ac206ff5d36f/delete HTTP/1.1" 200
[33mWARNING[0m:  [02-07-2026 19:32:11] Delete of nonexisting embedding ID: c89e704d5f2c1fc405c79f1db1f8f077_428
[33mWARNING[0m:  [02-07-2026 19:32:11] Delete of nonexisting embedding ID: c89e704d5f2c1fc405c79f1db1f8f077_428
[31mERROR[0m:    [02-07-2026 19:32:11] Failed to send telemetry event CollectionDeleteEvent: capture() takes 1 positional argument but 3 were given
[32mINFO[0m:     [02-07-2026 19:32:11] 127.0.0.1:58567 - "POST /api/v1/collections/04b9833e-32a9-4ce2-877d-ac206ff5d36f/delete HTTP/1.1" 200
[33mWARNING[0m:  [02-07-2026 19:32:11] Delete of nonexisting embedding ID: c89e704d5f2c1fc405c79f1db1f8f077_114
[33mWARNING[0m:  [02-07-2026 19:32:11] Delete of nonexisting embedding ID: c89e704d5f2c1fc405c79f1db1f8f077_114
[31mERROR[0m:    [02-07-2026 19:32:12] Failed to send telemetry event CollectionDeleteEvent: capture() takes 1 positional argument but 3 were given
[32mINFO[0m:     [02-07-2026 19:32:12] 127.0.0.1:58567 - "POST /api/v1/collections/04b9833e-32a9-4ce2-877d-ac206ff5d36f/delete HTTP/1.1" 200
[33mWARNING[0m:  [02-07-2026 19:32:12] Delete of nonexisting embedding ID: c89e704d5f2c1fc405c79f1db1f8f077_424
[33mWARNING[0m:  [02-07-2026 19:32:12] Delete of nonexisting embedding ID: c89e704d5f2c1fc405c79f1db1f8f077_424
[31mERROR[0m:    [02-07-2026 19:32:12] Failed to send telemetry event CollectionDeleteEvent: capture() takes 1 positional argument but 3 were given
[32mINFO[0m:     [02-07-2026 19:32:12] 127.0.0.1:58567 - "POST /api/v1/collections/04b9833e-32a9-4ce2-877d-ac206ff5d36f/delete HTTP/1.1" 200
[33mWARNING[0m:  [02-07-2026 19:32:12] Delete of nonexisting embedding ID: c89e704d5f2c1fc405c79f1db1f8f077_396
[33mWARNING[0m:  [02-07-2026 19:32:12] Delete of nonexisting embedding ID: c89e704d5f2c1fc405c79f1db1f8f077_396
[31mERROR[0m:    [02-07-2026 19:32:13] Failed to send telemetry event CollectionDeleteEvent: capture() takes 1 positional argument but 3 were given
[32mINFO[0m:     [02-07-2026 19:32:13] 127.0.0.1:58567 - "POST /api/v1/collections/04b9833e-32a9-4ce2-877d-ac206ff5d36f/delete HTTP/1.1" 200
[33mWARNING[0m:  [02-07-2026 19:32:13] Delete of nonexisting embedding ID: c89e704d5f2c1fc405c79f1db1f8f077_339
[33mWARNING[0m:  [02-07-2026 19:32:13] Delete of nonexisting embedding ID: c89e704d5f2c1fc405c79f1db1f8f077_339
[31mERROR[0m:    [02-07-2026 19:32:13] Failed to send telemetry event CollectionDeleteEvent: capture() takes 1 positional argument but 3 were given
[32mINFO[0m:     [02-07-2026 19:32:13] 127.0.0.1:58567 - "POST /api/v1/collections/04b9833e-32a9-4ce2-877d-ac206ff5d36f/delete HTTP/1.1" 200
[33mWARNING[0m:  [02-07-2026 19:32:13] Delete of nonexisting embedding ID: c89e704d5f2c1fc405c79f1db1f8f077_41
[33mWARNING[0m:  [02-07-2026 19:32:13] Delete of nonexisting embedding ID: c89e704d5f2c1fc405c79f1db1f8f077_41
[31mERROR[0m:    [02-07-2026 19:32:13] Failed to send telemetry event CollectionDeleteEvent: capture() takes 1 positional argument but 3 were given
[32mINFO[0m:     [02-07-2026 19:32:13] 127.0.0.1:58567 - "POST /api/v1/collections/04b9833e-32a9-4ce2-877d-ac206ff5d36f/delete HTTP/1.1" 200
[33mWARNING[0m:  [02-07-2026 19:32:13] Delete of nonexisting embedding ID: c89e704d5f2c1fc405c79f1db1f8f077_215
[33mWARNING[0m:  [02-07-2026 19:32:13] Delete of nonexisting embedding ID: c89e704d5f2c1fc405c79f1db1f8f077_215
[31mERROR[0m:    [02-07-2026 19:32:13] Failed to send telemetry event CollectionDeleteEvent: capture() takes 1 positional argument but 3 were given
[32mINFO[0m:     [02-07-2026 19:32:13] 127.0.0.1:58567 - "POST /api/v1/collections/04b9833e-32a9-4ce2-877d-ac206ff5d36f/delete HTTP/1.1" 200
[33mWARNING[0m:  [02-07-2026 19:32:13] Delete of nonexisting embedding ID: c89e704d5f2c1fc405c79f1db1f8f077_333
[33mWARNING[0m:  [02-07-2026 19:32:13] Delete of nonexisting embedding ID: c89e704d5f2c1fc405c79f1db1f8f077_333
[31mERROR[0m:    [02-07-2026 19:32:14] Failed to send telemetry event CollectionDeleteEvent: capture() takes 1 positional argument but 3 were given
[32mINFO[0m:     [02-07-2026 19:32:14] 127.0.0.1:58567 - "POST /api/v1/collections/04b9833e-32a9-4ce2-877d-ac206ff5d36f/delete HTTP/1.1" 200
[33mWARNING[0m:  [02-07-2026 19:32:14] Delete of nonexisting embedding ID: c89e704d5f2c1fc405c79f1db1f8f077_444
[33mWARNING[0m:  [02-07-2026 19:32:14] Delete of nonexisting embedding ID: c89e704d5f2c1fc405c79f1db1f8f077_444
[31mERROR[0m:    [02-07-2026 19:32:14] Failed to send telemetry event CollectionDeleteEvent: capture() takes 1 positional argument but 3 were given
[32mINFO[0m:     [02-07-2026 19:32:14] 127.0.0.1:58567 - "POST /api/v1/collections/04b9833e-32a9-4ce2-877d-ac206ff5d36f/delete HTTP/1.1" 200
[33mWARNING[0m:  [02-07-2026 19:32:14] Delete of nonexisting embedding ID: c89e704d5f2c1fc405c79f1db1f8f077_120
[33mWARNING[0m:  [02-07-2026 19:32:14] Delete of nonexisting embedding ID: c89e704d5f2c1fc405c79f1db1f8f077_120
[31mERROR[0m:    [02-07-2026 19:32:14] Failed to send telemetry event CollectionDeleteEvent: capture() takes 1 positional argument but 3 were given
[32mINFO[0m:     [02-07-2026 19:32:14] 127.0.0.1:58567 - "POST /api/v1/collections/04b9833e-32a9-4ce2-877d-ac206ff5d36f/delete HTTP/1.1" 200
[33mWARNING[0m:  [02-07-2026 19:32:14] Delete of nonexisting embedding ID: c89e704d5f2c1fc405c79f1db1f8f077_314
[33mWARNING[0m:  [02-07-2026 19:32:14] Delete of nonexisting embedding ID: c89e704d5f2c1fc405c79f1db1f8f077_314
[31mERROR[0m:    [02-07-2026 19:32:14] Failed to send telemetry event CollectionDeleteEvent: capture() takes 1 positional argument but 3 were given
[32mINFO[0m:     [02-07-2026 19:32:14] 127.0.0.1:58567 - "POST /api/v1/collections/04b9833e-32a9-4ce2-877d-ac206ff5d36f/delete HTTP/1.1" 200
[33mWARNING[0m:  [02-07-2026 19:32:14] Delete of nonexisting embedding ID: c89e704d5f2c1fc405c79f1db1f8f077_59
[33mWARNING[0m:  [02-07-2026 19:32:14] Delete of nonexisting embedding ID: c89e704d5f2c1fc405c79f1db1f8f077_59
[31mERROR[0m:    [02-07-2026 19:32:15] Failed to send telemetry event CollectionDeleteEvent: capture() takes 1 positional argument but 3 were given
[32mINFO[0m:     [02-07-2026 19:32:15] 127.0.0.1:58567 - "POST /api/v1/collections/04b9833e-32a9-4ce2-877d-ac206ff5d36f/delete HTTP/1.1" 200
[33mWARNING[0m:  [02-07-2026 19:32:15] Delete of nonexisting embedding ID: c89e704d5f2c1fc405c79f1db1f8f077_443
[33mWARNING[0m:  [02-07-2026 19:32:15] Delete of nonexisting embedding ID: c89e704d5f2c1fc405c79f1db1f8f077_443
[31mERROR[0m:    [02-07-2026 19:32:15] Failed to send telemetry event CollectionDeleteEvent: capture() takes 1 positional argument but 3 were given
[32mINFO[0m:     [02-07-2026 19:32:15] 127.0.0.1:58567 - "POST /api/v1/collections/04b9833e-32a9-4ce2-877d-ac206ff5d36f/delete HTTP/1.1" 200
[33mWARNING[0m:  [02-07-2026 19:32:15] Delete of nonexisting embedding ID: c89e704d5f2c1fc405c79f1db1f8f077_6
[33mWARNING[0m:  [02-07-2026 19:32:15] Delete of nonexisting embedding ID: c89e704d5f2c1fc405c79f1db1f8f077_6
[31mERROR[0m:    [02-07-2026 19:32:15] Failed to send telemetry event CollectionDeleteEvent: capture() takes 1 positional argument but 3 were given
[32mINFO[0m:     [02-07-2026 19:32:15] 127.0.0.1:58567 - "POST /api/v1/collections/04b9833e-32a9-4ce2-877d-ac206ff5d36f/delete HTTP/1.1" 200
[33mWARNING[0m:  [02-07-2026 19:32:15] Delete of nonexisting embedding ID: c89e704d5f2c1fc405c79f1db1f8f077_142
[33mWARNING[0m:  [02-07-2026 19:32:15] Delete of nonexisting embedding ID: c89e704d5f2c1fc405c79f1db1f8f077_142
[31mERROR[0m:    [02-07-2026 19:32:15] Failed to send telemetry event CollectionDeleteEvent: capture() takes 1 positional argument but 3 were given
[32mINFO[0m:     [02-07-2026 19:32:15] 127.0.0.1:58567 - "POST /api/v1/collections/04b9833e-32a9-4ce2-877d-ac206ff5d36f/delete HTTP/1.1" 200
[33mWARNING[0m:  [02-07-2026 19:32:15] Delete of nonexisting embedding ID: c89e704d5f2c1fc405c79f1db1f8f077_548
[33mWARNING[0m:  [02-07-2026 19:32:15] Delete of nonexisting embedding ID: c89e704d5f2c1fc405c79f1db1f8f077_548
[31mERROR[0m:    [02-07-2026 19:32:15] Failed to send telemetry event CollectionDeleteEvent: capture() takes 1 positional argument but 3 were given
[32mINFO[0m:     [02-07-2026 19:32:15] 127.0.0.1:58567 - "POST /api/v1/collections/04b9833e-32a9-4ce2-877d-ac206ff5d36f/delete HTTP/1.1" 200
[33mWARNING[0m:  [02-07-2026 19:32:15] Delete of nonexisting embedding ID: c89e704d5f2c1fc405c79f1db1f8f077_236
[33mWARNING[0m:  [02-07-2026 19:32:15] Delete of nonexisting embedding ID: c89e704d5f2c1fc405c79f1db1f8f077_236
[31mERROR[0m:    [02-07-2026 19:32:16] Failed to send telemetry event CollectionDeleteEvent: capture() takes 1 positional argument but 3 were given
[32mINFO[0m:     [02-07-2026 19:32:16] 127.0.0.1:58567 - "POST /api/v1/collections/04b9833e-32a9-4ce2-877d-ac206ff5d36f/delete HTTP/1.1" 200
[33mWARNING[0m:  [02-07-2026 19:32:16] Delete of nonexisting embedding ID: c89e704d5f2c1fc405c79f1db1f8f077_46
[33mWARNING[0m:  [02-07-2026 19:32:16] Delete of nonexisting embedding ID: c89e704d5f2c1fc405c79f1db1f8f077_46
[31mERROR[0m:    [02-07-2026 19:32:16] Failed to send telemetry event CollectionDeleteEvent: capture() takes 1 positional argument but 3 were given
[32mINFO[0m:     [02-07-2026 19:32:16] 127.0.0.1:58567 - "POST /api/v1/collections/04b9833e-32a9-4ce2-877d-ac206ff5d36f/delete HTTP/1.1" 200
[33mWARNING[0m:  [02-07-2026 19:32:16] Delete of nonexisting embedding ID: c89e704d5f2c1fc405c79f1db1f8f077_441
[33mWARNING[0m:  [02-07-2026 19:32:16] Delete of nonexisting embedding ID: c89e704d5f2c1fc405c79f1db1f8f077_441
[31mERROR[0m:    [02-07-2026 19:32:17] Failed to send telemetry event CollectionDeleteEvent: capture() takes 1 positional argument but 3 were given
[32mINFO[0m:     [02-07-2026 19:32:17] 127.0.0.1:58567 - "POST /api/v1/collections/04b9833e-32a9-4ce2-877d-ac206ff5d36f/delete HTTP/1.1" 200
[33mWARNING[0m:  [02-07-2026 19:32:17] Delete of nonexisting embedding ID: c89e704d5f2c1fc405c79f1db1f8f077_177
[33mWARNING[0m:  [02-07-2026 19:32:17] Delete of nonexisting embedding ID: c89e704d5f2c1fc405c79f1db1f8f077_177
[31mERROR[0m:    [02-07-2026 19:32:17] Failed to send telemetry event CollectionDeleteEvent: capture() takes 1 positional argument but 3 were given
[32mINFO[0m:     [02-07-2026 19:32:17] 127.0.0.1:58567 - "POST /api/v1/collections/04b9833e-32a9-4ce2-877d-ac206ff5d36f/delete HTTP/1.1" 200
[33mWARNING[0m:  [02-07-2026 19:32:17] Delete of nonexisting embedding ID: c89e704d5f2c1fc405c79f1db1f8f077_47
[33mWARNING[0m:  [02-07-2026 19:32:17] Delete of nonexisting embedding ID: c89e704d5f2c1fc405c79f1db1f8f077_47
[31mERROR[0m:    [02-07-2026 19:32:17] Failed to send telemetry event CollectionDeleteEvent: capture() takes 1 positional argument but 3 were given
[32mINFO[0m:     [02-07-2026 19:32:17] 127.0.0.1:58567 - "POST /api/v1/collections/04b9833e-32a9-4ce2-877d-ac206ff5d36f/delete HTTP/1.1" 200
[33mWARNING[0m:  [02-07-2026 19:32:17] Delete of nonexisting embedding ID: c89e704d5f2c1fc405c79f1db1f8f077_201
[33mWARNING[0m:  [02-07-2026 19:32:17] Delete of nonexisting embedding ID: c89e704d5f2c1fc405c79f1db1f8f077_201
[31mERROR[0m:    [02-07-2026 19:32:18] Failed to send telemetry event CollectionDeleteEvent: capture() takes 1 positional argument but 3 were given
[32mINFO[0m:     [02-07-2026 19:32:18] 127.0.0.1:58567 - "POST /api/v1/collections/04b9833e-32a9-4ce2-877d-ac206ff5d36f/delete HTTP/1.1" 200
[33mWARNING[0m:  [02-07-2026 19:32:18] Delete of nonexisting embedding ID: c89e704d5f2c1fc405c79f1db1f8f077_275
[33mWARNING[0m:  [02-07-2026 19:32:18] Delete of nonexisting embedding ID: c89e704d5f2c1fc405c79f1db1f8f077_275
[31mERROR[0m:    [02-07-2026 19:32:18] Failed to send telemetry event CollectionDeleteEvent: capture() takes 1 positional argument but 3 were given
[32mINFO[0m:     [02-07-2026 19:32:18] 127.0.0.1:58567 - "POST /api/v1/collections/04b9833e-32a9-4ce2-877d-ac206ff5d36f/delete HTTP/1.1" 200
[33mWARNING[0m:  [02-07-2026 19:32:18] Delete of nonexisting embedding ID: c89e704d5f2c1fc405c79f1db1f8f077_337
[33mWARNING[0m:  [02-07-2026 19:32:18] Delete of nonexisting embedding ID: c89e704d5f2c1fc405c79f1db1f8f077_337
[31mERROR[0m:    [02-07-2026 19:32:18] Failed to send telemetry event CollectionDeleteEvent: capture() takes 1 positional argument but 3 were given
[32mINFO[0m:     [02-07-2026 19:32:18] 127.0.0.1:58567 - "POST /api/v1/collections/04b9833e-32a9-4ce2-877d-ac206ff5d36f/delete HTTP/1.1" 200
[33mWARNING[0m:  [02-07-2026 19:32:18] Delete of nonexisting embedding ID: c89e704d5f2c1fc405c79f1db1f8f077_538
[33mWARNING[0m:  [02-07-2026 19:32:18] Delete of nonexisting embedding ID: c89e704d5f2c1fc405c79f1db1f8f077_538
[31mERROR[0m:    [02-07-2026 19:32:19] Failed to send telemetry event CollectionDeleteEvent: capture() takes 1 positional argument but 3 were given
[32mINFO[0m:     [02-07-2026 19:32:19] 127.0.0.1:58567 - "POST /api/v1/collections/04b9833e-32a9-4ce2-877d-ac206ff5d36f/delete HTTP/1.1" 200
[33mWARNING[0m:  [02-07-2026 19:32:19] Delete of nonexisting embedding ID: c89e704d5f2c1fc405c79f1db1f8f077_498
[33mWARNING[0m:  [02-07-2026 19:32:19] Delete of nonexisting embedding ID: c89e704d5f2c1fc405c79f1db1f8f077_498
[31mERROR[0m:    [02-07-2026 19:32:19] Failed to send telemetry event CollectionDeleteEvent: capture() takes 1 positional argument but 3 were given
[32mINFO[0m:     [02-07-2026 19:32:19] 127.0.0.1:58567 - "POST /api/v1/collections/04b9833e-32a9-4ce2-877d-ac206ff5d36f/delete HTTP/1.1" 200
[33mWARNING[0m:  [02-07-2026 19:32:19] Delete of nonexisting embedding ID: c89e704d5f2c1fc405c79f1db1f8f077_214
[33mWARNING[0m:  [02-07-2026 19:32:19] Delete of nonexisting embedding ID: c89e704d5f2c1fc405c79f1db1f8f077_214
[31mERROR[0m:    [02-07-2026 19:32:19] Failed to send telemetry event CollectionDeleteEvent: capture() takes 1 positional argument but 3 were given
[32mINFO[0m:     [02-07-2026 19:32:19] 127.0.0.1:58567 - "POST /api/v1/collections/04b9833e-32a9-4ce2-877d-ac206ff5d36f/delete HTTP/1.1" 200
[33mWARNING[0m:  [02-07-2026 19:32:19] Delete of nonexisting embedding ID: c89e704d5f2c1fc405c79f1db1f8f077_493
[33mWARNING[0m:  [02-07-2026 19:32:19] Delete of nonexisting embedding ID: c89e704d5f2c1fc405c79f1db1f8f077_493
[31mERROR[0m:    [02-07-2026 19:32:20] Failed to send telemetry event CollectionDeleteEvent: capture() takes 1 positional argument but 3 were given
[32mINFO[0m:     [02-07-2026 19:32:20] 127.0.0.1:58567 - "POST /api/v1/collections/04b9833e-32a9-4ce2-877d-ac206ff5d36f/delete HTTP/1.1" 200
[33mWARNING[0m:  [02-07-2026 19:32:20] Delete of nonexisting embedding ID: c89e704d5f2c1fc405c79f1db1f8f077_437
[33mWARNING[0m:  [02-07-2026 19:32:20] Delete of nonexisting embedding ID: c89e704d5f2c1fc405c79f1db1f8f077_437
[31mERROR[0m:    [02-07-2026 19:32:20] Failed to send telemetry event CollectionDeleteEvent: capture() takes 1 positional argument but 3 were given
[32mINFO[0m:     [02-07-2026 19:32:20] 127.0.0.1:58567 - "POST /api/v1/collections/04b9833e-32a9-4ce2-877d-ac206ff5d36f/delete HTTP/1.1" 200
[33mWARNING[0m:  [02-07-2026 19:32:20] Delete of nonexisting embedding ID: c89e704d5f2c1fc405c79f1db1f8f077_185
[33mWARNING[0m:  [02-07-2026 19:32:20] Delete of nonexisting embedding ID: c89e704d5f2c1fc405c79f1db1f8f077_185
[31mERROR[0m:    [02-07-2026 19:32:20] Failed to send telemetry event CollectionDeleteEvent: capture() takes 1 positional argument but 3 were given
[32mINFO[0m:     [02-07-2026 19:32:20] 127.0.0.1:58567 - "POST /api/v1/collections/04b9833e-32a9-4ce2-877d-ac206ff5d36f/delete HTTP/1.1" 200
[33mWARNING[0m:  [02-07-2026 19:32:20] Delete of nonexisting embedding ID: c89e704d5f2c1fc405c79f1db1f8f077_216
[33mWARNING[0m:  [02-07-2026 19:32:20] Delete of nonexisting embedding ID: c89e704d5f2c1fc405c79f1db1f8f077_216
[31mERROR[0m:    [02-07-2026 19:32:21] Failed to send telemetry event CollectionDeleteEvent: capture() takes 1 positional argument but 3 were given
[32mINFO[0m:     [02-07-2026 19:32:21] 127.0.0.1:58567 - "POST /api/v1/collections/04b9833e-32a9-4ce2-877d-ac206ff5d36f/delete HTTP/1.1" 200
[33mWARNING[0m:  [02-07-2026 19:32:21] Delete of nonexisting embedding ID: c89e704d5f2c1fc405c79f1db1f8f077_559
[33mWARNING[0m:  [02-07-2026 19:32:21] Delete of nonexisting embedding ID: c89e704d5f2c1fc405c79f1db1f8f077_559
[31mERROR[0m:    [02-07-2026 19:32:21] Failed to send telemetry event CollectionDeleteEvent: capture() takes 1 positional argument but 3 were given
[32mINFO[0m:     [02-07-2026 19:32:21] 127.0.0.1:58567 - "POST /api/v1/collections/04b9833e-32a9-4ce2-877d-ac206ff5d36f/delete HTTP/1.1" 200
[33mWARNING[0m:  [02-07-2026 19:32:21] Delete of nonexisting embedding ID: c89e704d5f2c1fc405c79f1db1f8f077_319
[33mWARNING[0m:  [02-07-2026 19:32:21] Delete of nonexisting embedding ID: c89e704d5f2c1fc405c79f1db1f8f077_319
[31mERROR[0m:    [02-07-2026 19:32:21] Failed to send telemetry event CollectionDeleteEvent: capture() takes 1 positional argument but 3 were given
[32mINFO[0m:     [02-07-2026 19:32:21] 127.0.0.1:58567 - "POST /api/v1/collections/04b9833e-32a9-4ce2-877d-ac206ff5d36f/delete HTTP/1.1" 200
[33mWARNING[0m:  [02-07-2026 19:32:21] Delete of nonexisting embedding ID: c89e704d5f2c1fc405c79f1db1f8f077_2
[33mWARNING[0m:  [02-07-2026 19:32:21] Delete of nonexisting embedding ID: c89e704d5f2c1fc405c79f1db1f8f077_2
[31mERROR[0m:    [02-07-2026 19:32:21] Failed to send telemetry event CollectionDeleteEvent: capture() takes 1 positional argument but 3 were given
[32mINFO[0m:     [02-07-2026 19:32:21] 127.0.0.1:58567 - "POST /api/v1/collections/04b9833e-32a9-4ce2-877d-ac206ff5d36f/delete HTTP/1.1" 200
[33mWARNING[0m:  [02-07-2026 19:32:21] Delete of nonexisting embedding ID: c89e704d5f2c1fc405c79f1db1f8f077_554
[33mWARNING[0m:  [02-07-2026 19:32:21] Delete of nonexisting embedding ID: c89e704d5f2c1fc405c79f1db1f8f077_554
[31mERROR[0m:    [02-07-2026 19:32:22] Failed to send telemetry event CollectionDeleteEvent: capture() takes 1 positional argument but 3 were given
[32mINFO[0m:     [02-07-2026 19:32:22] 127.0.0.1:58567 - "POST /api/v1/collections/04b9833e-32a9-4ce2-877d-ac206ff5d36f/delete HTTP/1.1" 200
[33mWARNING[0m:  [02-07-2026 19:32:22] Delete of nonexisting embedding ID: c89e704d5f2c1fc405c79f1db1f8f077_384
[33mWARNING[0m:  [02-07-2026 19:32:22] Delete of nonexisting embedding ID: c89e704d5f2c1fc405c79f1db1f8f077_384
[31mERROR[0m:    [02-07-2026 19:32:22] Failed to send telemetry event CollectionDeleteEvent: capture() takes 1 positional argument but 3 were given
[32mINFO[0m:     [02-07-2026 19:32:22] 127.0.0.1:58567 - "POST /api/v1/collections/04b9833e-32a9-4ce2-877d-ac206ff5d36f/delete HTTP/1.1" 200
[33mWARNING[0m:  [02-07-2026 19:32:22] Delete of nonexisting embedding ID: c89e704d5f2c1fc405c79f1db1f8f077_368
[33mWARNING[0m:  [02-07-2026 19:32:22] Delete of nonexisting embedding ID: c89e704d5f2c1fc405c79f1db1f8f077_368
[31mERROR[0m:    [02-07-2026 19:32:23] Failed to send telemetry event CollectionDeleteEvent: capture() takes 1 positional argument but 3 were given
[32mINFO[0m:     [02-07-2026 19:32:23] 127.0.0.1:58567 - "POST /api/v1/collections/04b9833e-32a9-4ce2-877d-ac206ff5d36f/delete HTTP/1.1" 200
[33mWARNING[0m:  [02-07-2026 19:32:23] Delete of nonexisting embedding ID: c89e704d5f2c1fc405c79f1db1f8f077_233
[33mWARNING[0m:  [02-07-2026 19:32:23] Delete of nonexisting embedding ID: c89e704d5f2c1fc405c79f1db1f8f077_233
[31mERROR[0m:    [02-07-2026 19:32:23] Failed to send telemetry event CollectionDeleteEvent: capture() takes 1 positional argument but 3 were given
[32mINFO[0m:     [02-07-2026 19:32:23] 127.0.0.1:58567 - "POST /api/v1/collections/04b9833e-32a9-4ce2-877d-ac206ff5d36f/delete HTTP/1.1" 200
[33mWARNING[0m:  [02-07-2026 19:32:23] Delete of nonexisting embedding ID: c89e704d5f2c1fc405c79f1db1f8f077_438
[33mWARNING[0m:  [02-07-2026 19:32:23] Delete of nonexisting embedding ID: c89e704d5f2c1fc405c79f1db1f8f077_438
[31mERROR[0m:    [02-07-2026 19:32:24] Failed to send telemetry event CollectionDeleteEvent: capture() takes 1 positional argument but 3 were given
[32mINFO[0m:     [02-07-2026 19:32:24] 127.0.0.1:58567 - "POST /api/v1/collections/04b9833e-32a9-4ce2-877d-ac206ff5d36f/delete HTTP/1.1" 200
[33mWARNING[0m:  [02-07-2026 19:32:24] Delete of nonexisting embedding ID: c89e704d5f2c1fc405c79f1db1f8f077_401
[33mWARNING[0m:  [02-07-2026 19:32:24] Delete of nonexisting embedding ID: c89e704d5f2c1fc405c79f1db1f8f077_401
[31mERROR[0m:    [02-07-2026 19:32:24] Failed to send telemetry event CollectionDeleteEvent: capture() takes 1 positional argument but 3 were given
[32mINFO[0m:     [02-07-2026 19:32:24] 127.0.0.1:58567 - "POST /api/v1/collections/04b9833e-32a9-4ce2-877d-ac206ff5d36f/delete HTTP/1.1" 200
[33mWARNING[0m:  [02-07-2026 19:32:24] Delete of nonexisting embedding ID: c89e704d5f2c1fc405c79f1db1f8f077_246
[33mWARNING[0m:  [02-07-2026 19:32:24] Delete of nonexisting embedding ID: c89e704d5f2c1fc405c79f1db1f8f077_246
[31mERROR[0m:    [02-07-2026 19:32:24] Failed to send telemetry event CollectionDeleteEvent: capture() takes 1 positional argument but 3 were given
[32mINFO[0m:     [02-07-2026 19:32:24] 127.0.0.1:58567 - "POST /api/v1/collections/04b9833e-32a9-4ce2-877d-ac206ff5d36f/delete HTTP/1.1" 200
[33mWARNING[0m:  [02-07-2026 19:32:24] Delete of nonexisting embedding ID: c89e704d5f2c1fc405c79f1db1f8f077_316
[33mWARNING[0m:  [02-07-2026 19:32:24] Delete of nonexisting embedding ID: c89e704d5f2c1fc405c79f1db1f8f077_316
[31mERROR[0m:    [02-07-2026 19:32:24] Failed to send telemetry event CollectionDeleteEvent: capture() takes 1 positional argument but 3 were given
[32mINFO[0m:     [02-07-2026 19:32:24] 127.0.0.1:58567 - "POST /api/v1/collections/04b9833e-32a9-4ce2-877d-ac206ff5d36f/delete HTTP/1.1" 200
[33mWARNING[0m:  [02-07-2026 19:32:24] Delete of nonexisting embedding ID: c89e704d5f2c1fc405c79f1db1f8f077_173
[33mWARNING[0m:  [02-07-2026 19:32:24] Delete of nonexisting embedding ID: c89e704d5f2c1fc405c79f1db1f8f077_173
[31mERROR[0m:    [02-07-2026 19:32:25] Failed to send telemetry event CollectionDeleteEvent: capture() takes 1 positional argument but 3 were given
[32mINFO[0m:     [02-07-2026 19:32:25] 127.0.0.1:58567 - "POST /api/v1/collections/04b9833e-32a9-4ce2-877d-ac206ff5d36f/delete HTTP/1.1" 200
[33mWARNING[0m:  [02-07-2026 19:32:25] Delete of nonexisting embedding ID: c89e704d5f2c1fc405c79f1db1f8f077_445
[33mWARNING[0m:  [02-07-2026 19:32:25] Delete of nonexisting embedding ID: c89e704d5f2c1fc405c79f1db1f8f077_445
[31mERROR[0m:    [02-07-2026 19:32:25] Failed to send telemetry event CollectionDeleteEvent: capture() takes 1 positional argument but 3 were given
[32mINFO[0m:     [02-07-2026 19:32:25] 127.0.0.1:58567 - "POST /api/v1/collections/04b9833e-32a9-4ce2-877d-ac206ff5d36f/delete HTTP/1.1" 200
[33mWARNING[0m:  [02-07-2026 19:32:25] Delete of nonexisting embedding ID: c89e704d5f2c1fc405c79f1db1f8f077_403
[33mWARNING[0m:  [02-07-2026 19:32:25] Delete of nonexisting embedding ID: c89e704d5f2c1fc405c79f1db1f8f077_403
[31mERROR[0m:    [02-07-2026 19:32:25] Failed to send telemetry event CollectionDeleteEvent: capture() takes 1 positional argument but 3 were given
[32mINFO[0m:     [02-07-2026 19:32:25] 127.0.0.1:58567 - "POST /api/v1/collections/04b9833e-32a9-4ce2-877d-ac206ff5d36f/delete HTTP/1.1" 200
[33mWARNING[0m:  [02-07-2026 19:32:25] Delete of nonexisting embedding ID: c89e704d5f2c1fc405c79f1db1f8f077_549
[33mWARNING[0m:  [02-07-2026 19:32:25] Delete of nonexisting embedding ID: c89e704d5f2c1fc405c79f1db1f8f077_549
[31mERROR[0m:    [02-07-2026 19:32:25] Failed to send telemetry event CollectionDeleteEvent: capture() takes 1 positional argument but 3 were given
[32mINFO[0m:     [02-07-2026 19:32:25] 127.0.0.1:58567 - "POST /api/v1/collections/04b9833e-32a9-4ce2-877d-ac206ff5d36f/delete HTTP/1.1" 200
[33mWARNING[0m:  [02-07-2026 19:32:25] Delete of nonexisting embedding ID: c89e704d5f2c1fc405c79f1db1f8f077_366
[33mWARNING[0m:  [02-07-2026 19:32:25] Delete of nonexisting embedding ID: c89e704d5f2c1fc405c79f1db1f8f077_366
[31mERROR[0m:    [02-07-2026 19:32:25] Failed to send telemetry event CollectionDeleteEvent: capture() takes 1 positional argument but 3 were given
[32mINFO[0m:     [02-07-2026 19:32:25] 127.0.0.1:58567 - "POST /api/v1/collections/04b9833e-32a9-4ce2-877d-ac206ff5d36f/delete HTTP/1.1" 200
[33mWARNING[0m:  [02-07-2026 19:32:25] Delete of nonexisting embedding ID: c89e704d5f2c1fc405c79f1db1f8f077_277
[33mWARNING[0m:  [02-07-2026 19:32:25] Delete of nonexisting embedding ID: c89e704d5f2c1fc405c79f1db1f8f077_277
[31mERROR[0m:    [02-07-2026 19:32:26] Failed to send telemetry event CollectionDeleteEvent: capture() takes 1 positional argument but 3 were given
[32mINFO[0m:     [02-07-2026 19:32:26] 127.0.0.1:58567 - "POST /api/v1/collections/04b9833e-32a9-4ce2-877d-ac206ff5d36f/delete HTTP/1.1" 200
[33mWARNING[0m:  [02-07-2026 19:32:26] Delete of nonexisting embedding ID: c89e704d5f2c1fc405c79f1db1f8f077_199
[33mWARNING[0m:  [02-07-2026 19:32:26] Delete of nonexisting embedding ID: c89e704d5f2c1fc405c79f1db1f8f077_199
[31mERROR[0m:    [02-07-2026 19:32:26] Failed to send telemetry event CollectionDeleteEvent: capture() takes 1 positional argument but 3 were given
[32mINFO[0m:     [02-07-2026 19:32:26] 127.0.0.1:58567 - "POST /api/v1/collections/04b9833e-32a9-4ce2-877d-ac206ff5d36f/delete HTTP/1.1" 200
[33mWARNING[0m:  [02-07-2026 19:32:26] Delete of nonexisting embedding ID: c89e704d5f2c1fc405c79f1db1f8f077_241
[33mWARNING[0m:  [02-07-2026 19:32:26] Delete of nonexisting embedding ID: c89e704d5f2c1fc405c79f1db1f8f077_241
[31mERROR[0m:    [02-07-2026 19:32:26] Failed to send telemetry event CollectionDeleteEvent: capture() takes 1 positional argument but 3 were given
[32mINFO[0m:     [02-07-2026 19:32:26] 127.0.0.1:58567 - "POST /api/v1/collections/04b9833e-32a9-4ce2-877d-ac206ff5d36f/delete HTTP/1.1" 200
[33mWARNING[0m:  [02-07-2026 19:32:26] Delete of nonexisting embedding ID: c89e704d5f2c1fc405c79f1db1f8f077_53
[33mWARNING[0m:  [02-07-2026 19:32:26] Delete of nonexisting embedding ID: c89e704d5f2c1fc405c79f1db1f8f077_53
[31mERROR[0m:    [02-07-2026 19:32:26] Failed to send telemetry event CollectionDeleteEvent: capture() takes 1 positional argument but 3 were given
[32mINFO[0m:     [02-07-2026 19:32:26] 127.0.0.1:58567 - "POST /api/v1/collections/04b9833e-32a9-4ce2-877d-ac206ff5d36f/delete HTTP/1.1" 200
[33mWARNING[0m:  [02-07-2026 19:32:26] Delete of nonexisting embedding ID: c89e704d5f2c1fc405c79f1db1f8f077_358
[33mWARNING[0m:  [02-07-2026 19:32:26] Delete of nonexisting embedding ID: c89e704d5f2c1fc405c79f1db1f8f077_358
[31mERROR[0m:    [02-07-2026 19:32:27] Failed to send telemetry event CollectionDeleteEvent: capture() takes 1 positional argument but 3 were given
[32mINFO[0m:     [02-07-2026 19:32:27] 127.0.0.1:58567 - "POST /api/v1/collections/04b9833e-32a9-4ce2-877d-ac206ff5d36f/delete HTTP/1.1" 200
[33mWARNING[0m:  [02-07-2026 19:32:27] Delete of nonexisting embedding ID: c89e704d5f2c1fc405c79f1db1f8f077_168
[33mWARNING[0m:  [02-07-2026 19:32:27] Delete of nonexisting embedding ID: c89e704d5f2c1fc405c79f1db1f8f077_168
[31mERROR[0m:    [02-07-2026 19:32:27] Failed to send telemetry event CollectionDeleteEvent: capture() takes 1 positional argument but 3 were given
[32mINFO[0m:     [02-07-2026 19:32:27] 127.0.0.1:58567 - "POST /api/v1/collections/04b9833e-32a9-4ce2-877d-ac206ff5d36f/delete HTTP/1.1" 200
[33mWARNING[0m:  [02-07-2026 19:32:27] Delete of nonexisting embedding ID: c89e704d5f2c1fc405c79f1db1f8f077_479
[33mWARNING[0m:  [02-07-2026 19:32:27] Delete of nonexisting embedding ID: c89e704d5f2c1fc405c79f1db1f8f077_479
[31mERROR[0m:    [02-07-2026 19:32:27] Failed to send telemetry event CollectionDeleteEvent: capture() takes 1 positional argument but 3 were given
[32mINFO[0m:     [02-07-2026 19:32:27] 127.0.0.1:58567 - "POST /api/v1/collections/04b9833e-32a9-4ce2-877d-ac206ff5d36f/delete HTTP/1.1" 200
[33mWARNING[0m:  [02-07-2026 19:32:27] Delete of nonexisting embedding ID: c89e704d5f2c1fc405c79f1db1f8f077_56
[33mWARNING[0m:  [02-07-2026 19:32:27] Delete of nonexisting embedding ID: c89e704d5f2c1fc405c79f1db1f8f077_56
[31mERROR[0m:    [02-07-2026 19:32:27] Failed to send telemetry event CollectionDeleteEvent: capture() takes 1 positional argument but 3 were given
[32mINFO[0m:     [02-07-2026 19:32:27] 127.0.0.1:58567 - "POST /api/v1/collections/04b9833e-32a9-4ce2-877d-ac206ff5d36f/delete HTTP/1.1" 200
[33mWARNING[0m:  [02-07-2026 19:32:27] Delete of nonexisting embedding ID: c89e704d5f2c1fc405c79f1db1f8f077_429
[33mWARNING[0m:  [02-07-2026 19:32:27] Delete of nonexisting embedding ID: c89e704d5f2c1fc405c79f1db1f8f077_429
[31mERROR[0m:    [02-07-2026 19:32:27] Failed to send telemetry event CollectionDeleteEvent: capture() takes 1 positional argument but 3 were given
[32mINFO[0m:     [02-07-2026 19:32:27] 127.0.0.1:58567 - "POST /api/v1/collections/04b9833e-32a9-4ce2-877d-ac206ff5d36f/delete HTTP/1.1" 200
[33mWARNING[0m:  [02-07-2026 19:32:27] Delete of nonexisting embedding ID: c89e704d5f2c1fc405c79f1db1f8f077_406
[33mWARNING[0m:  [02-07-2026 19:32:27] Delete of nonexisting embedding ID: c89e704d5f2c1fc405c79f1db1f8f077_406
[31mERROR[0m:    [02-07-2026 19:32:27] Failed to send telemetry event CollectionDeleteEvent: capture() takes 1 positional argument but 3 were given
[32mINFO[0m:     [02-07-2026 19:32:27] 127.0.0.1:58567 - "POST /api/v1/collections/04b9833e-32a9-4ce2-877d-ac206ff5d36f/delete HTTP/1.1" 200
[33mWARNING[0m:  [02-07-2026 19:32:27] Delete of nonexisting embedding ID: c89e704d5f2c1fc405c79f1db1f8f077_256
[33mWARNING[0m:  [02-07-2026 19:32:27] Delete of nonexisting embedding ID: c89e704d5f2c1fc405c79f1db1f8f077_256
[31mERROR[0m:    [02-07-2026 19:32:28] Failed to send telemetry event CollectionDeleteEvent: capture() takes 1 positional argument but 3 were given
[32mINFO[0m:     [02-07-2026 19:32:28] 127.0.0.1:58567 - "POST /api/v1/collections/04b9833e-32a9-4ce2-877d-ac206ff5d36f/delete HTTP/1.1" 200
[33mWARNING[0m:  [02-07-2026 19:32:28] Delete of nonexisting embedding ID: c89e704d5f2c1fc405c79f1db1f8f077_369
[33mWARNING[0m:  [02-07-2026 19:32:28] Delete of nonexisting embedding ID: c89e704d5f2c1fc405c79f1db1f8f077_369
[31mERROR[0m:    [02-07-2026 19:32:28] Failed to send telemetry event CollectionDeleteEvent: capture() takes 1 positional argument but 3 were given
[32mINFO[0m:     [02-07-2026 19:32:28] 127.0.0.1:58567 - "POST /api/v1/collections/04b9833e-32a9-4ce2-877d-ac206ff5d36f/delete HTTP/1.1" 200
[33mWARNING[0m:  [02-07-2026 19:32:28] Delete of nonexisting embedding ID: c89e704d5f2c1fc405c79f1db1f8f077_534
[33mWARNING[0m:  [02-07-2026 19:32:28] Delete of nonexisting embedding ID: c89e704d5f2c1fc405c79f1db1f8f077_534
[31mERROR[0m:    [02-07-2026 19:32:28] Failed to send telemetry event CollectionDeleteEvent: capture() takes 1 positional argument but 3 were given
[32mINFO[0m:     [02-07-2026 19:32:28] 127.0.0.1:58567 - "POST /api/v1/collections/04b9833e-32a9-4ce2-877d-ac206ff5d36f/delete HTTP/1.1" 200
[33mWARNING[0m:  [02-07-2026 19:32:28] Delete of nonexisting embedding ID: c89e704d5f2c1fc405c79f1db1f8f077_489
[33mWARNING[0m:  [02-07-2026 19:32:28] Delete of nonexisting embedding ID: c89e704d5f2c1fc405c79f1db1f8f077_489
[31mERROR[0m:    [02-07-2026 19:32:28] Failed to send telemetry event CollectionDeleteEvent: capture() takes 1 positional argument but 3 were given
[32mINFO[0m:     [02-07-2026 19:32:28] 127.0.0.1:58567 - "POST /api/v1/collections/04b9833e-32a9-4ce2-877d-ac206ff5d36f/delete HTTP/1.1" 200
[33mWARNING[0m:  [02-07-2026 19:32:28] Delete of nonexisting embedding ID: c89e704d5f2c1fc405c79f1db1f8f077_335
[33mWARNING[0m:  [02-07-2026 19:32:28] Delete of nonexisting embedding ID: c89e704d5f2c1fc405c79f1db1f8f077_335
[31mERROR[0m:    [02-07-2026 19:32:29] Failed to send telemetry event CollectionDeleteEvent: capture() takes 1 positional argument but 3 were given
[32mINFO[0m:     [02-07-2026 19:32:29] 127.0.0.1:58567 - "POST /api/v1/collections/04b9833e-32a9-4ce2-877d-ac206ff5d36f/delete HTTP/1.1" 200
[33mWARNING[0m:  [02-07-2026 19:32:29] Delete of nonexisting embedding ID: c89e704d5f2c1fc405c79f1db1f8f077_189
[33mWARNING[0m:  [02-07-2026 19:32:29] Delete of nonexisting embedding ID: c89e704d5f2c1fc405c79f1db1f8f077_189
[31mERROR[0m:    [02-07-2026 19:32:29] Failed to send telemetry event CollectionDeleteEvent: capture() takes 1 positional argument but 3 were given
[32mINFO[0m:     [02-07-2026 19:32:29] 127.0.0.1:58567 - "POST /api/v1/collections/04b9833e-32a9-4ce2-877d-ac206ff5d36f/delete HTTP/1.1" 200
[33mWARNING[0m:  [02-07-2026 19:32:29] Delete of nonexisting embedding ID: c89e704d5f2c1fc405c79f1db1f8f077_71
[33mWARNING[0m:  [02-07-2026 19:32:29] Delete of nonexisting embedding ID: c89e704d5f2c1fc405c79f1db1f8f077_71
[31mERROR[0m:    [02-07-2026 19:32:29] Failed to send telemetry event CollectionDeleteEvent: capture() takes 1 positional argument but 3 were given
[32mINFO[0m:     [02-07-2026 19:32:29] 127.0.0.1:58567 - "POST /api/v1/collections/04b9833e-32a9-4ce2-877d-ac206ff5d36f/delete HTTP/1.1" 200
[33mWARNING[0m:  [02-07-2026 19:32:29] Delete of nonexisting embedding ID: c89e704d5f2c1fc405c79f1db1f8f077_286
[33mWARNING[0m:  [02-07-2026 19:32:29] Delete of nonexisting embedding ID: c89e704d5f2c1fc405c79f1db1f8f077_286
[31mERROR[0m:    [02-07-2026 19:32:29] Failed to send telemetry event CollectionDeleteEvent: capture() takes 1 positional argument but 3 were given
[32mINFO[0m:     [02-07-2026 19:32:29] 127.0.0.1:58567 - "POST /api/v1/collections/04b9833e-32a9-4ce2-877d-ac206ff5d36f/delete HTTP/1.1" 200
[33mWARNING[0m:  [02-07-2026 19:32:29] Delete of nonexisting embedding ID: c89e704d5f2c1fc405c79f1db1f8f077_5
[33mWARNING[0m:  [02-07-2026 19:32:29] Delete of nonexisting embedding ID: c89e704d5f2c1fc405c79f1db1f8f077_5
[31mERROR[0m:    [02-07-2026 19:32:29] Failed to send telemetry event CollectionDeleteEvent: capture() takes 1 positional argument but 3 were given
[32mINFO[0m:     [02-07-2026 19:32:29] 127.0.0.1:58567 - "POST /api/v1/collections/04b9833e-32a9-4ce2-877d-ac206ff5d36f/delete HTTP/1.1" 200
[33mWARNING[0m:  [02-07-2026 19:32:29] Delete of nonexisting embedding ID: c89e704d5f2c1fc405c79f1db1f8f077_415
[33mWARNING[0m:  [02-07-2026 19:32:29] Delete of nonexisting embedding ID: c89e704d5f2c1fc405c79f1db1f8f077_415
[31mERROR[0m:    [02-07-2026 19:32:29] Failed to send telemetry event CollectionDeleteEvent: capture() takes 1 positional argument but 3 were given
[32mINFO[0m:     [02-07-2026 19:32:29] 127.0.0.1:58567 - "POST /api/v1/collections/04b9833e-32a9-4ce2-877d-ac206ff5d36f/delete HTTP/1.1" 200
[33mWARNING[0m:  [02-07-2026 19:32:29] Delete of nonexisting embedding ID: c89e704d5f2c1fc405c79f1db1f8f077_370
[33mWARNING[0m:  [02-07-2026 19:32:29] Delete of nonexisting embedding ID: c89e704d5f2c1fc405c79f1db1f8f077_370
[31mERROR[0m:    [02-07-2026 19:32:30] Failed to send telemetry event CollectionDeleteEvent: capture() takes 1 positional argument but 3 were given
[32mINFO[0m:     [02-07-2026 19:32:30] 127.0.0.1:58567 - "POST /api/v1/collections/04b9833e-32a9-4ce2-877d-ac206ff5d36f/delete HTTP/1.1" 200
[33mWARNING[0m:  [02-07-2026 19:32:30] Delete of nonexisting embedding ID: c89e704d5f2c1fc405c79f1db1f8f077_458
[33mWARNING[0m:  [02-07-2026 19:32:30] Delete of nonexisting embedding ID: c89e704d5f2c1fc405c79f1db1f8f077_458
[31mERROR[0m:    [02-07-2026 19:32:30] Failed to send telemetry event CollectionDeleteEvent: capture() takes 1 positional argument but 3 were given
[32mINFO[0m:     [02-07-2026 19:32:30] 127.0.0.1:58567 - "POST /api/v1/collections/04b9833e-32a9-4ce2-877d-ac206ff5d36f/delete HTTP/1.1" 200
[33mWARNING[0m:  [02-07-2026 19:32:30] Delete of nonexisting embedding ID: c89e704d5f2c1fc405c79f1db1f8f077_475
[33mWARNING[0m:  [02-07-2026 19:32:30] Delete of nonexisting embedding ID: c89e704d5f2c1fc405c79f1db1f8f077_475
[31mERROR[0m:    [02-07-2026 19:32:30] Failed to send telemetry event CollectionDeleteEvent: capture() takes 1 positional argument but 3 were given
[32mINFO[0m:     [02-07-2026 19:32:30] 127.0.0.1:58567 - "POST /api/v1/collections/04b9833e-32a9-4ce2-877d-ac206ff5d36f/delete HTTP/1.1" 200
[33mWARNING[0m:  [02-07-2026 19:32:30] Delete of nonexisting embedding ID: c89e704d5f2c1fc405c79f1db1f8f077_28
[33mWARNING[0m:  [02-07-2026 19:32:30] Delete of nonexisting embedding ID: c89e704d5f2c1fc405c79f1db1f8f077_28
[31mERROR[0m:    [02-07-2026 19:32:30] Failed to send telemetry event CollectionDeleteEvent: capture() takes 1 positional argument but 3 were given
[32mINFO[0m:     [02-07-2026 19:32:30] 127.0.0.1:58567 - "POST /api/v1/collections/04b9833e-32a9-4ce2-877d-ac206ff5d36f/delete HTTP/1.1" 200
[33mWARNING[0m:  [02-07-2026 19:32:30] Delete of nonexisting embedding ID: c89e704d5f2c1fc405c79f1db1f8f077_439
[33mWARNING[0m:  [02-07-2026 19:32:30] Delete of nonexisting embedding ID: c89e704d5f2c1fc405c79f1db1f8f077_439
[31mERROR[0m:    [02-07-2026 19:32:30] Failed to send telemetry event CollectionDeleteEvent: capture() takes 1 positional argument but 3 were given
[32mINFO[0m:     [02-07-2026 19:32:30] 127.0.0.1:58567 - "POST /api/v1/collections/04b9833e-32a9-4ce2-877d-ac206ff5d36f/delete HTTP/1.1" 200
[33mWARNING[0m:  [02-07-2026 19:32:30] Delete of nonexisting embedding ID: c89e704d5f2c1fc405c79f1db1f8f077_263
[33mWARNING[0m:  [02-07-2026 19:32:30] Delete of nonexisting embedding ID: c89e704d5f2c1fc405c79f1db1f8f077_263
[31mERROR[0m:    [02-07-2026 19:32:30] Failed to send telemetry event CollectionDeleteEvent: capture() takes 1 positional argument but 3 were given
[32mINFO[0m:     [02-07-2026 19:32:30] 127.0.0.1:58567 - "POST /api/v1/collections/04b9833e-32a9-4ce2-877d-ac206ff5d36f/delete HTTP/1.1" 200
[33mWARNING[0m:  [02-07-2026 19:32:30] Delete of nonexisting embedding ID: c89e704d5f2c1fc405c79f1db1f8f077_453
[33mWARNING[0m:  [02-07-2026 19:32:30] Delete of nonexisting embedding ID: c89e704d5f2c1fc405c79f1db1f8f077_453
[31mERROR[0m:    [02-07-2026 19:32:30] Failed to send telemetry event CollectionDeleteEvent: capture() takes 1 positional argument but 3 were given
[32mINFO[0m:     [02-07-2026 19:32:30] 127.0.0.1:58567 - "POST /api/v1/collections/04b9833e-32a9-4ce2-877d-ac206ff5d36f/delete HTTP/1.1" 200
[33mWARNING[0m:  [02-07-2026 19:32:30] Delete of nonexisting embedding ID: c89e704d5f2c1fc405c79f1db1f8f077_532
[33mWARNING[0m:  [02-07-2026 19:32:30] Delete of nonexisting embedding ID: c89e704d5f2c1fc405c79f1db1f8f077_532
[31mERROR[0m:    [02-07-2026 19:32:31] Failed to send telemetry event CollectionDeleteEvent: capture() takes 1 positional argument but 3 were given
[32mINFO[0m:     [02-07-2026 19:32:31] 127.0.0.1:58567 - "POST /api/v1/collections/04b9833e-32a9-4ce2-877d-ac206ff5d36f/delete HTTP/1.1" 200
[33mWARNING[0m:  [02-07-2026 19:32:31] Delete of nonexisting embedding ID: c89e704d5f2c1fc405c79f1db1f8f077_48
[33mWARNING[0m:  [02-07-2026 19:32:31] Delete of nonexisting embedding ID: c89e704d5f2c1fc405c79f1db1f8f077_48
[31mERROR[0m:    [02-07-2026 19:32:31] Failed to send telemetry event CollectionDeleteEvent: capture() takes 1 positional argument but 3 were given
[32mINFO[0m:     [02-07-2026 19:32:31] 127.0.0.1:58567 - "POST /api/v1/collections/04b9833e-32a9-4ce2-877d-ac206ff5d36f/delete HTTP/1.1" 200
[33mWARNING[0m:  [02-07-2026 19:32:31] Delete of nonexisting embedding ID: c89e704d5f2c1fc405c79f1db1f8f077_492
[33mWARNING[0m:  [02-07-2026 19:32:31] Delete of nonexisting embedding ID: c89e704d5f2c1fc405c79f1db1f8f077_492
[31mERROR[0m:    [02-07-2026 19:32:31] Failed to send telemetry event CollectionDeleteEvent: capture() takes 1 positional argument but 3 were given
[32mINFO[0m:     [02-07-2026 19:32:31] 127.0.0.1:58567 - "POST /api/v1/collections/04b9833e-32a9-4ce2-877d-ac206ff5d36f/delete HTTP/1.1" 200
[33mWARNING[0m:  [02-07-2026 19:32:31] Delete of nonexisting embedding ID: c89e704d5f2c1fc405c79f1db1f8f077_434
[33mWARNING[0m:  [02-07-2026 19:32:31] Delete of nonexisting embedding ID: c89e704d5f2c1fc405c79f1db1f8f077_434
[31mERROR[0m:    [02-07-2026 19:32:31] Failed to send telemetry event CollectionDeleteEvent: capture() takes 1 positional argument but 3 were given
[32mINFO[0m:     [02-07-2026 19:32:31] 127.0.0.1:58567 - "POST /api/v1/collections/04b9833e-32a9-4ce2-877d-ac206ff5d36f/delete HTTP/1.1" 200
[33mWARNING[0m:  [02-07-2026 19:32:31] Delete of nonexisting embedding ID: c89e704d5f2c1fc405c79f1db1f8f077_440
[33mWARNING[0m:  [02-07-2026 19:32:31] Delete of nonexisting embedding ID: c89e704d5f2c1fc405c79f1db1f8f077_440
[31mERROR[0m:    [02-07-2026 19:32:31] Failed to send telemetry event CollectionDeleteEvent: capture() takes 1 positional argument but 3 were given
[32mINFO[0m:     [02-07-2026 19:32:31] 127.0.0.1:58567 - "POST /api/v1/collections/04b9833e-32a9-4ce2-877d-ac206ff5d36f/delete HTTP/1.1" 200
[33mWARNING[0m:  [02-07-2026 19:32:31] Delete of nonexisting embedding ID: c89e704d5f2c1fc405c79f1db1f8f077_468
[33mWARNING[0m:  [02-07-2026 19:32:31] Delete of nonexisting embedding ID: c89e704d5f2c1fc405c79f1db1f8f077_468
[31mERROR[0m:    [02-07-2026 19:32:31] Failed to send telemetry event CollectionDeleteEvent: capture() takes 1 positional argument but 3 were given
[32mINFO[0m:     [02-07-2026 19:32:31] 127.0.0.1:58567 - "POST /api/v1/collections/04b9833e-32a9-4ce2-877d-ac206ff5d36f/delete HTTP/1.1" 200
[33mWARNING[0m:  [02-07-2026 19:32:31] Delete of nonexisting embedding ID: c89e704d5f2c1fc405c79f1db1f8f077_3
[33mWARNING[0m:  [02-07-2026 19:32:31] Delete of nonexisting embedding ID: c89e704d5f2c1fc405c79f1db1f8f077_3
[31mERROR[0m:    [02-07-2026 19:32:31] Failed to send telemetry event CollectionDeleteEvent: capture() takes 1 positional argument but 3 were given
[32mINFO[0m:     [02-07-2026 19:32:31] 127.0.0.1:58567 - "POST /api/v1/collections/04b9833e-32a9-4ce2-877d-ac206ff5d36f/delete HTTP/1.1" 200
[33mWARNING[0m:  [02-07-2026 19:32:31] Delete of nonexisting embedding ID: c89e704d5f2c1fc405c79f1db1f8f077_373
[33mWARNING[0m:  [02-07-2026 19:32:31] Delete of nonexisting embedding ID: c89e704d5f2c1fc405c79f1db1f8f077_373
[31mERROR[0m:    [02-07-2026 19:32:31] Failed to send telemetry event CollectionDeleteEvent: capture() takes 1 positional argument but 3 were given
[32mINFO[0m:     [02-07-2026 19:32:31] 127.0.0.1:58567 - "POST /api/v1/collections/04b9833e-32a9-4ce2-877d-ac206ff5d36f/delete HTTP/1.1" 200
[33mWARNING[0m:  [02-07-2026 19:32:31] Delete of nonexisting embedding ID: c89e704d5f2c1fc405c79f1db1f8f077_404
[33mWARNING[0m:  [02-07-2026 19:32:31] Delete of nonexisting embedding ID: c89e704d5f2c1fc405c79f1db1f8f077_404
[31mERROR[0m:    [02-07-2026 19:32:32] Failed to send telemetry event CollectionDeleteEvent: capture() takes 1 positional argument but 3 were given
[32mINFO[0m:     [02-07-2026 19:32:32] 127.0.0.1:58567 - "POST /api/v1/collections/04b9833e-32a9-4ce2-877d-ac206ff5d36f/delete HTTP/1.1" 200
[33mWARNING[0m:  [02-07-2026 19:32:32] Delete of nonexisting embedding ID: c89e704d5f2c1fc405c79f1db1f8f077_522
[33mWARNING[0m:  [02-07-2026 19:32:32] Delete of nonexisting embedding ID: c89e704d5f2c1fc405c79f1db1f8f077_522
[31mERROR[0m:    [02-07-2026 19:32:32] Failed to send telemetry event CollectionDeleteEvent: capture() takes 1 positional argument but 3 were given
[32mINFO[0m:     [02-07-2026 19:32:32] 127.0.0.1:58567 - "POST /api/v1/collections/04b9833e-32a9-4ce2-877d-ac206ff5d36f/delete HTTP/1.1" 200
[33mWARNING[0m:  [02-07-2026 19:32:32] Delete of nonexisting embedding ID: c89e704d5f2c1fc405c79f1db1f8f077_395
[33mWARNING[0m:  [02-07-2026 19:32:32] Delete of nonexisting embedding ID: c89e704d5f2c1fc405c79f1db1f8f077_395
[31mERROR[0m:    [02-07-2026 19:32:32] Failed to send telemetry event CollectionDeleteEvent: capture() takes 1 positional argument but 3 were given
[32mINFO[0m:     [02-07-2026 19:32:32] 127.0.0.1:58567 - "POST /api/v1/collections/04b9833e-32a9-4ce2-877d-ac206ff5d36f/delete HTTP/1.1" 200
[33mWARNING[0m:  [02-07-2026 19:32:32] Delete of nonexisting embedding ID: c89e704d5f2c1fc405c79f1db1f8f077_108
[33mWARNING[0m:  [02-07-2026 19:32:32] Delete of nonexisting embedding ID: c89e704d5f2c1fc405c79f1db1f8f077_108
[31mERROR[0m:    [02-07-2026 19:32:32] Failed to send telemetry event CollectionDeleteEvent: capture() takes 1 positional argument but 3 were given
[32mINFO[0m:     [02-07-2026 19:32:32] 127.0.0.1:58567 - "POST /api/v1/collections/04b9833e-32a9-4ce2-877d-ac206ff5d36f/delete HTTP/1.1" 200
[33mWARNING[0m:  [02-07-2026 19:32:32] Delete of nonexisting embedding ID: c89e704d5f2c1fc405c79f1db1f8f077_352
[33mWARNING[0m:  [02-07-2026 19:32:32] Delete of nonexisting embedding ID: c89e704d5f2c1fc405c79f1db1f8f077_352
[31mERROR[0m:    [02-07-2026 19:32:32] Failed to send telemetry event CollectionDeleteEvent: capture() takes 1 positional argument but 3 were given
[32mINFO[0m:     [02-07-2026 19:32:32] 127.0.0.1:58567 - "POST /api/v1/collections/04b9833e-32a9-4ce2-877d-ac206ff5d36f/delete HTTP/1.1" 200
[33mWARNING[0m:  [02-07-2026 19:32:32] Delete of nonexisting embedding ID: c89e704d5f2c1fc405c79f1db1f8f077_394
[33mWARNING[0m:  [02-07-2026 19:32:32] Delete of nonexisting embedding ID: c89e704d5f2c1fc405c79f1db1f8f077_394
[31mERROR[0m:    [02-07-2026 19:32:32] Failed to send telemetry event CollectionDeleteEvent: capture() takes 1 positional argument but 3 were given
[32mINFO[0m:     [02-07-2026 19:32:32] 127.0.0.1:58567 - "POST /api/v1/collections/04b9833e-32a9-4ce2-877d-ac206ff5d36f/delete HTTP/1.1" 200
[33mWARNING[0m:  [02-07-2026 19:32:32] Delete of nonexisting embedding ID: c89e704d5f2c1fc405c79f1db1f8f077_381
[33mWARNING[0m:  [02-07-2026 19:32:32] Delete of nonexisting embedding ID: c89e704d5f2c1fc405c79f1db1f8f077_381
[31mERROR[0m:    [02-07-2026 19:32:32] Failed to send telemetry event CollectionDeleteEvent: capture() takes 1 positional argument but 3 were given
[32mINFO[0m:     [02-07-2026 19:32:32] 127.0.0.1:58567 - "POST /api/v1/collections/04b9833e-32a9-4ce2-877d-ac206ff5d36f/delete HTTP/1.1" 200
[33mWARNING[0m:  [02-07-2026 19:32:32] Delete of nonexisting embedding ID: c89e704d5f2c1fc405c79f1db1f8f077_274
[33mWARNING[0m:  [02-07-2026 19:32:32] Delete of nonexisting embedding ID: c89e704d5f2c1fc405c79f1db1f8f077_274
[31mERROR[0m:    [02-07-2026 19:32:33] Failed to send telemetry event CollectionDeleteEvent: capture() takes 1 positional argument but 3 were given
[32mINFO[0m:     [02-07-2026 19:32:33] 127.0.0.1:58567 - "POST /api/v1/collections/04b9833e-32a9-4ce2-877d-ac206ff5d36f/delete HTTP/1.1" 200
[33mWARNING[0m:  [02-07-2026 19:32:33] Delete of nonexisting embedding ID: c89e704d5f2c1fc405c79f1db1f8f077_267
[33mWARNING[0m:  [02-07-2026 19:32:33] Delete of nonexisting embedding ID: c89e704d5f2c1fc405c79f1db1f8f077_267
[31mERROR[0m:    [02-07-2026 19:32:33] Failed to send telemetry event CollectionDeleteEvent: capture() takes 1 positional argument but 3 were given
[32mINFO[0m:     [02-07-2026 19:32:33] 127.0.0.1:58567 - "POST /api/v1/collections/04b9833e-32a9-4ce2-877d-ac206ff5d36f/delete HTTP/1.1" 200
[33mWARNING[0m:  [02-07-2026 19:32:33] Delete of nonexisting embedding ID: c89e704d5f2c1fc405c79f1db1f8f077_295
[33mWARNING[0m:  [02-07-2026 19:32:33] Delete of nonexisting embedding ID: c89e704d5f2c1fc405c79f1db1f8f077_295
[31mERROR[0m:    [02-07-2026 19:32:33] Failed to send telemetry event CollectionDeleteEvent: capture() takes 1 positional argument but 3 were given
[32mINFO[0m:     [02-07-2026 19:32:33] 127.0.0.1:58567 - "POST /api/v1/collections/04b9833e-32a9-4ce2-877d-ac206ff5d36f/delete HTTP/1.1" 200
[33mWARNING[0m:  [02-07-2026 19:32:33] Delete of nonexisting embedding ID: c89e704d5f2c1fc405c79f1db1f8f077_411
[33mWARNING[0m:  [02-07-2026 19:32:33] Delete of nonexisting embedding ID: c89e704d5f2c1fc405c79f1db1f8f077_411
[31mERROR[0m:    [02-07-2026 19:32:33] Failed to send telemetry event CollectionDeleteEvent: capture() takes 1 positional argument but 3 were given
[32mINFO[0m:     [02-07-2026 19:32:33] 127.0.0.1:58567 - "POST /api/v1/collections/04b9833e-32a9-4ce2-877d-ac206ff5d36f/delete HTTP/1.1" 200
[33mWARNING[0m:  [02-07-2026 19:32:33] Delete of nonexisting embedding ID: c89e704d5f2c1fc405c79f1db1f8f077_407
[33mWARNING[0m:  [02-07-2026 19:32:33] Delete of nonexisting embedding ID: c89e704d5f2c1fc405c79f1db1f8f077_407
[31mERROR[0m:    [02-07-2026 19:32:33] Failed to send telemetry event CollectionDeleteEvent: capture() takes 1 positional argument but 3 were given
[32mINFO[0m:     [02-07-2026 19:32:33] 127.0.0.1:58567 - "POST /api/v1/collections/04b9833e-32a9-4ce2-877d-ac206ff5d36f/delete HTTP/1.1" 200
[33mWARNING[0m:  [02-07-2026 19:32:33] Delete of nonexisting embedding ID: c89e704d5f2c1fc405c79f1db1f8f077_550
[33mWARNING[0m:  [02-07-2026 19:32:33] Delete of nonexisting embedding ID: c89e704d5f2c1fc405c79f1db1f8f077_550
[31mERROR[0m:    [02-07-2026 19:32:33] Failed to send telemetry event CollectionDeleteEvent: capture() takes 1 positional argument but 3 were given
[32mINFO[0m:     [02-07-2026 19:32:33] 127.0.0.1:58567 - "POST /api/v1/collections/04b9833e-32a9-4ce2-877d-ac206ff5d36f/delete HTTP/1.1" 200
[33mWARNING[0m:  [02-07-2026 19:32:33] Delete of nonexisting embedding ID: c89e704d5f2c1fc405c79f1db1f8f077_259
[33mWARNING[0m:  [02-07-2026 19:32:33] Delete of nonexisting embedding ID: c89e704d5f2c1fc405c79f1db1f8f077_259
[31mERROR[0m:    [02-07-2026 19:32:34] Failed to send telemetry event CollectionDeleteEvent: capture() takes 1 positional argument but 3 were given
[32mINFO[0m:     [02-07-2026 19:32:34] 127.0.0.1:58567 - "POST /api/v1/collections/04b9833e-32a9-4ce2-877d-ac206ff5d36f/delete HTTP/1.1" 200
[33mWARNING[0m:  [02-07-2026 19:32:34] Delete of nonexisting embedding ID: c89e704d5f2c1fc405c79f1db1f8f077_20
[33mWARNING[0m:  [02-07-2026 19:32:34] Delete of nonexisting embedding ID: c89e704d5f2c1fc405c79f1db1f8f077_20
[31mERROR[0m:    [02-07-2026 19:32:34] Failed to send telemetry event CollectionDeleteEvent: capture() takes 1 positional argument but 3 were given
[32mINFO[0m:     [02-07-2026 19:32:34] 127.0.0.1:58567 - "POST /api/v1/collections/04b9833e-32a9-4ce2-877d-ac206ff5d36f/delete HTTP/1.1" 200
[33mWARNING[0m:  [02-07-2026 19:32:34] Delete of nonexisting embedding ID: c89e704d5f2c1fc405c79f1db1f8f077_521
[33mWARNING[0m:  [02-07-2026 19:32:34] Delete of nonexisting embedding ID: c89e704d5f2c1fc405c79f1db1f8f077_521
[31mERROR[0m:    [02-07-2026 19:32:34] Failed to send telemetry event CollectionDeleteEvent: capture() takes 1 positional argument but 3 were given
[32mINFO[0m:     [02-07-2026 19:32:34] 127.0.0.1:58567 - "POST /api/v1/collections/04b9833e-32a9-4ce2-877d-ac206ff5d36f/delete HTTP/1.1" 200
[33mWARNING[0m:  [02-07-2026 19:32:34] Delete of nonexisting embedding ID: c89e704d5f2c1fc405c79f1db1f8f077_40
[33mWARNING[0m:  [02-07-2026 19:32:34] Delete of nonexisting embedding ID: c89e704d5f2c1fc405c79f1db1f8f077_40
[31mERROR[0m:    [02-07-2026 19:32:34] Failed to send telemetry event CollectionDeleteEvent: capture() takes 1 positional argument but 3 were given
[32mINFO[0m:     [02-07-2026 19:32:34] 127.0.0.1:58567 - "POST /api/v1/collections/04b9833e-32a9-4ce2-877d-ac206ff5d36f/delete HTTP/1.1" 200
[33mWARNING[0m:  [02-07-2026 19:32:34] Delete of nonexisting embedding ID: c89e704d5f2c1fc405c79f1db1f8f077_536
[33mWARNING[0m:  [02-07-2026 19:32:34] Delete of nonexisting embedding ID: c89e704d5f2c1fc405c79f1db1f8f077_536
[31mERROR[0m:    [02-07-2026 19:32:34] Failed to send telemetry event CollectionDeleteEvent: capture() takes 1 positional argument but 3 were given
[32mINFO[0m:     [02-07-2026 19:32:34] 127.0.0.1:58567 - "POST /api/v1/collections/04b9833e-32a9-4ce2-877d-ac206ff5d36f/delete HTTP/1.1" 200
[33mWARNING[0m:  [02-07-2026 19:32:34] Delete of nonexisting embedding ID: c89e704d5f2c1fc405c79f1db1f8f077_116
[33mWARNING[0m:  [02-07-2026 19:32:34] Delete of nonexisting embedding ID: c89e704d5f2c1fc405c79f1db1f8f077_116
[31mERROR[0m:    [02-07-2026 19:32:34] Failed to send telemetry event CollectionDeleteEvent: capture() takes 1 positional argument but 3 were given
[32mINFO[0m:     [02-07-2026 19:32:34] 127.0.0.1:58567 - "POST /api/v1/collections/04b9833e-32a9-4ce2-877d-ac206ff5d36f/delete HTTP/1.1" 200
[33mWARNING[0m:  [02-07-2026 19:32:34] Delete of nonexisting embedding ID: c89e704d5f2c1fc405c79f1db1f8f077_497
[33mWARNING[0m:  [02-07-2026 19:32:34] Delete of nonexisting embedding ID: c89e704d5f2c1fc405c79f1db1f8f077_497
[31mERROR[0m:    [02-07-2026 19:32:34] Failed to send telemetry event CollectionDeleteEvent: capture() takes 1 positional argument but 3 were given
[32mINFO[0m:     [02-07-2026 19:32:34] 127.0.0.1:58567 - "POST /api/v1/collections/04b9833e-32a9-4ce2-877d-ac206ff5d36f/delete HTTP/1.1" 200
[33mWARNING[0m:  [02-07-2026 19:32:34] Delete of nonexisting embedding ID: c89e704d5f2c1fc405c79f1db1f8f077_348
[33mWARNING[0m:  [02-07-2026 19:32:34] Delete of nonexisting embedding ID: c89e704d5f2c1fc405c79f1db1f8f077_348
[31mERROR[0m:    [02-07-2026 19:32:35] Failed to send telemetry event CollectionDeleteEvent: capture() takes 1 positional argument but 3 were given
[32mINFO[0m:     [02-07-2026 19:32:35] 127.0.0.1:58567 - "POST /api/v1/collections/04b9833e-32a9-4ce2-877d-ac206ff5d36f/delete HTTP/1.1" 200
[33mWARNING[0m:  [02-07-2026 19:32:35] Delete of nonexisting embedding ID: c89e704d5f2c1fc405c79f1db1f8f077_540
[33mWARNING[0m:  [02-07-2026 19:32:35] Delete of nonexisting embedding ID: c89e704d5f2c1fc405c79f1db1f8f077_540
[31mERROR[0m:    [02-07-2026 19:32:35] Failed to send telemetry event CollectionDeleteEvent: capture() takes 1 positional argument but 3 were given
[32mINFO[0m:     [02-07-2026 19:32:35] 127.0.0.1:58567 - "POST /api/v1/collections/04b9833e-32a9-4ce2-877d-ac206ff5d36f/delete HTTP/1.1" 200
[33mWARNING[0m:  [02-07-2026 19:32:35] Delete of nonexisting embedding ID: c89e704d5f2c1fc405c79f1db1f8f077_57
[33mWARNING[0m:  [02-07-2026 19:32:35] Delete of nonexisting embedding ID: c89e704d5f2c1fc405c79f1db1f8f077_57
[31mERROR[0m:    [02-07-2026 19:32:35] Failed to send telemetry event CollectionDeleteEvent: capture() takes 1 positional argument but 3 were given
[32mINFO[0m:     [02-07-2026 19:32:35] 127.0.0.1:58567 - "POST /api/v1/collections/04b9833e-32a9-4ce2-877d-ac206ff5d36f/delete HTTP/1.1" 200
[33mWARNING[0m:  [02-07-2026 19:32:35] Delete of nonexisting embedding ID: c89e704d5f2c1fc405c79f1db1f8f077_121
[33mWARNING[0m:  [02-07-2026 19:32:35] Delete of nonexisting embedding ID: c89e704d5f2c1fc405c79f1db1f8f077_121
[31mERROR[0m:    [02-07-2026 19:32:35] Failed to send telemetry event CollectionDeleteEvent: capture() takes 1 positional argument but 3 were given
[32mINFO[0m:     [02-07-2026 19:32:35] 127.0.0.1:58567 - "POST /api/v1/collections/04b9833e-32a9-4ce2-877d-ac206ff5d36f/delete HTTP/1.1" 200
[33mWARNING[0m:  [02-07-2026 19:32:35] Delete of nonexisting embedding ID: c89e704d5f2c1fc405c79f1db1f8f077_345
[33mWARNING[0m:  [02-07-2026 19:32:35] Delete of nonexisting embedding ID: c89e704d5f2c1fc405c79f1db1f8f077_345
[31mERROR[0m:    [02-07-2026 19:32:35] Failed to send telemetry event CollectionDeleteEvent: capture() takes 1 positional argument but 3 were given
[32mINFO[0m:     [02-07-2026 19:32:35] 127.0.0.1:58567 - "POST /api/v1/collections/04b9833e-32a9-4ce2-877d-ac206ff5d36f/delete HTTP/1.1" 200
[33mWARNING[0m:  [02-07-2026 19:32:35] Delete of nonexisting embedding ID: c89e704d5f2c1fc405c79f1db1f8f077_78
[33mWARNING[0m:  [02-07-2026 19:32:35] Delete of nonexisting embedding ID: c89e704d5f2c1fc405c79f1db1f8f077_78
[31mERROR[0m:    [02-07-2026 19:32:35] Failed to send telemetry event CollectionDeleteEvent: capture() takes 1 positional argument but 3 were given
[32mINFO[0m:     [02-07-2026 19:32:35] 127.0.0.1:58567 - "POST /api/v1/collections/04b9833e-32a9-4ce2-877d-ac206ff5d36f/delete HTTP/1.1" 200
[33mWARNING[0m:  [02-07-2026 19:32:35] Delete of nonexisting embedding ID: c89e704d5f2c1fc405c79f1db1f8f077_269
[33mWARNING[0m:  [02-07-2026 19:32:35] Delete of nonexisting embedding ID: c89e704d5f2c1fc405c79f1db1f8f077_269
[31mERROR[0m:    [02-07-2026 19:32:35] Failed to send telemetry event CollectionDeleteEvent: capture() takes 1 positional argument but 3 were given
[32mINFO[0m:     [02-07-2026 19:32:35] 127.0.0.1:58567 - "POST /api/v1/collections/04b9833e-32a9-4ce2-877d-ac206ff5d36f/delete HTTP/1.1" 200
[33mWARNING[0m:  [02-07-2026 19:32:36] Delete of nonexisting embedding ID: c89e704d5f2c1fc405c79f1db1f8f077_563
[33mWARNING[0m:  [02-07-2026 19:32:36] Delete of nonexisting embedding ID: c89e704d5f2c1fc405c79f1db1f8f077_563
[31mERROR[0m:    [02-07-2026 19:32:36] Failed to send telemetry event CollectionDeleteEvent: capture() takes 1 positional argument but 3 were given
[32mINFO[0m:     [02-07-2026 19:32:36] 127.0.0.1:58567 - "POST /api/v1/collections/04b9833e-32a9-4ce2-877d-ac206ff5d36f/delete HTTP/1.1" 200
[33mWARNING[0m:  [02-07-2026 19:32:36] Delete of nonexisting embedding ID: c89e704d5f2c1fc405c79f1db1f8f077_431
[33mWARNING[0m:  [02-07-2026 19:32:36] Delete of nonexisting embedding ID: c89e704d5f2c1fc405c79f1db1f8f077_431
[31mERROR[0m:    [02-07-2026 19:32:36] Failed to send telemetry event CollectionDeleteEvent: capture() takes 1 positional argument but 3 were given
[32mINFO[0m:     [02-07-2026 19:32:36] 127.0.0.1:58567 - "POST /api/v1/collections/04b9833e-32a9-4ce2-877d-ac206ff5d36f/delete HTTP/1.1" 200
[33mWARNING[0m:  [02-07-2026 19:32:36] Delete of nonexisting embedding ID: c89e704d5f2c1fc405c79f1db1f8f077_258
[33mWARNING[0m:  [02-07-2026 19:32:36] Delete of nonexisting embedding ID: c89e704d5f2c1fc405c79f1db1f8f077_258
[31mERROR[0m:    [02-07-2026 19:32:36] Failed to send telemetry event CollectionDeleteEvent: capture() takes 1 positional argument but 3 were given
[32mINFO[0m:     [02-07-2026 19:32:36] 127.0.0.1:58567 - "POST /api/v1/collections/04b9833e-32a9-4ce2-877d-ac206ff5d36f/delete HTTP/1.1" 200
[33mWARNING[0m:  [02-07-2026 19:32:36] Delete of nonexisting embedding ID: c89e704d5f2c1fc405c79f1db1f8f077_12
[33mWARNING[0m:  [02-07-2026 19:32:36] Delete of nonexisting embedding ID: c89e704d5f2c1fc405c79f1db1f8f077_12
[31mERROR[0m:    [02-07-2026 19:32:36] Failed to send telemetry event CollectionDeleteEvent: capture() takes 1 positional argument but 3 were given
[32mINFO[0m:     [02-07-2026 19:32:36] 127.0.0.1:58567 - "POST /api/v1/collections/04b9833e-32a9-4ce2-877d-ac206ff5d36f/delete HTTP/1.1" 200
[33mWARNING[0m:  [02-07-2026 19:32:36] Delete of nonexisting embedding ID: c89e704d5f2c1fc405c79f1db1f8f077_425
[33mWARNING[0m:  [02-07-2026 19:32:36] Delete of nonexisting embedding ID: c89e704d5f2c1fc405c79f1db1f8f077_425
[31mERROR[0m:    [02-07-2026 19:32:36] Failed to send telemetry event CollectionDeleteEvent: capture() takes 1 positional argument but 3 were given
[32mINFO[0m:     [02-07-2026 19:32:36] 127.0.0.1:58567 - "POST /api/v1/collections/04b9833e-32a9-4ce2-877d-ac206ff5d36f/delete HTTP/1.1" 200
[33mWARNING[0m:  [02-07-2026 19:32:36] Delete of nonexisting embedding ID: c89e704d5f2c1fc405c79f1db1f8f077_408
[33mWARNING[0m:  [02-07-2026 19:32:36] Delete of nonexisting embedding ID: c89e704d5f2c1fc405c79f1db1f8f077_408
[31mERROR[0m:    [02-07-2026 19:32:36] Failed to send telemetry event CollectionDeleteEvent: capture() takes 1 positional argument but 3 were given
[32mINFO[0m:     [02-07-2026 19:32:36] 127.0.0.1:58567 - "POST /api/v1/collections/04b9833e-32a9-4ce2-877d-ac206ff5d36f/delete HTTP/1.1" 200
[33mWARNING[0m:  [02-07-2026 19:32:36] Delete of nonexisting embedding ID: c89e704d5f2c1fc405c79f1db1f8f077_312
[33mWARNING[0m:  [02-07-2026 19:32:36] Delete of nonexisting embedding ID: c89e704d5f2c1fc405c79f1db1f8f077_312
[31mERROR[0m:    [02-07-2026 19:32:37] Failed to send telemetry event CollectionDeleteEvent: capture() takes 1 positional argument but 3 were given
[32mINFO[0m:     [02-07-2026 19:32:37] 127.0.0.1:58567 - "POST /api/v1/collections/04b9833e-32a9-4ce2-877d-ac206ff5d36f/delete HTTP/1.1" 200
[33mWARNING[0m:  [02-07-2026 19:32:37] Delete of nonexisting embedding ID: c89e704d5f2c1fc405c79f1db1f8f077_517
[33mWARNING[0m:  [02-07-2026 19:32:37] Delete of nonexisting embedding ID: c89e704d5f2c1fc405c79f1db1f8f077_517
[31mERROR[0m:    [02-07-2026 19:32:37] Failed to send telemetry event CollectionDeleteEvent: capture() takes 1 positional argument but 3 were given
[32mINFO[0m:     [02-07-2026 19:32:37] 127.0.0.1:58567 - "POST /api/v1/collections/04b9833e-32a9-4ce2-877d-ac206ff5d36f/delete HTTP/1.1" 200
[33mWARNING[0m:  [02-07-2026 19:32:37] Delete of nonexisting embedding ID: c89e704d5f2c1fc405c79f1db1f8f077_117
[33mWARNING[0m:  [02-07-2026 19:32:37] Delete of nonexisting embedding ID: c89e704d5f2c1fc405c79f1db1f8f077_117
[31mERROR[0m:    [02-07-2026 19:32:37] Failed to send telemetry event CollectionDeleteEvent: capture() takes 1 positional argument but 3 were given
[32mINFO[0m:     [02-07-2026 19:32:37] 127.0.0.1:58567 - "POST /api/v1/collections/04b9833e-32a9-4ce2-877d-ac206ff5d36f/delete HTTP/1.1" 200
[33mWARNING[0m:  [02-07-2026 19:32:37] Delete of nonexisting embedding ID: c89e704d5f2c1fc405c79f1db1f8f077_324
[33mWARNING[0m:  [02-07-2026 19:32:37] Delete of nonexisting embedding ID: c89e704d5f2c1fc405c79f1db1f8f077_324
[31mERROR[0m:    [02-07-2026 19:32:37] Failed to send telemetry event CollectionDeleteEvent: capture() takes 1 positional argument but 3 were given
[32mINFO[0m:     [02-07-2026 19:32:37] 127.0.0.1:58567 - "POST /api/v1/collections/04b9833e-32a9-4ce2-877d-ac206ff5d36f/delete HTTP/1.1" 200
[33mWARNING[0m:  [02-07-2026 19:32:37] Delete of nonexisting embedding ID: c89e704d5f2c1fc405c79f1db1f8f077_266
[33mWARNING[0m:  [02-07-2026 19:32:37] Delete of nonexisting embedding ID: c89e704d5f2c1fc405c79f1db1f8f077_266
[31mERROR[0m:    [02-07-2026 19:32:37] Failed to send telemetry event CollectionDeleteEvent: capture() takes 1 positional argument but 3 were given
[32mINFO[0m:     [02-07-2026 19:32:37] 127.0.0.1:58567 - "POST /api/v1/collections/04b9833e-32a9-4ce2-877d-ac206ff5d36f/delete HTTP/1.1" 200
[33mWARNING[0m:  [02-07-2026 19:32:37] Delete of nonexisting embedding ID: c89e704d5f2c1fc405c79f1db1f8f077_512
[33mWARNING[0m:  [02-07-2026 19:32:37] Delete of nonexisting embedding ID: c89e704d5f2c1fc405c79f1db1f8f077_512
[31mERROR[0m:    [02-07-2026 19:32:37] Failed to send telemetry event CollectionDeleteEvent: capture() takes 1 positional argument but 3 were given
[32mINFO[0m:     [02-07-2026 19:32:37] 127.0.0.1:58567 - "POST /api/v1/collections/04b9833e-32a9-4ce2-877d-ac206ff5d36f/delete HTTP/1.1" 200
[33mWARNING[0m:  [02-07-2026 19:32:37] Delete of nonexisting embedding ID: c89e704d5f2c1fc405c79f1db1f8f077_187
[33mWARNING[0m:  [02-07-2026 19:32:37] Delete of nonexisting embedding ID: c89e704d5f2c1fc405c79f1db1f8f077_187
[31mERROR[0m:    [02-07-2026 19:32:38] Failed to send telemetry event CollectionDeleteEvent: capture() takes 1 positional argument but 3 were given
[32mINFO[0m:     [02-07-2026 19:32:38] 127.0.0.1:58567 - "POST /api/v1/collections/04b9833e-32a9-4ce2-877d-ac206ff5d36f/delete HTTP/1.1" 200
[33mWARNING[0m:  [02-07-2026 19:32:38] Delete of nonexisting embedding ID: c89e704d5f2c1fc405c79f1db1f8f077_308
[33mWARNING[0m:  [02-07-2026 19:32:38] Delete of nonexisting embedding ID: c89e704d5f2c1fc405c79f1db1f8f077_308
[31mERROR[0m:    [02-07-2026 19:32:38] Failed to send telemetry event CollectionDeleteEvent: capture() takes 1 positional argument but 3 were given
[32mINFO[0m:     [02-07-2026 19:32:38] 127.0.0.1:58567 - "POST /api/v1/collections/04b9833e-32a9-4ce2-877d-ac206ff5d36f/delete HTTP/1.1" 200
[33mWARNING[0m:  [02-07-2026 19:32:38] Delete of nonexisting embedding ID: c89e704d5f2c1fc405c79f1db1f8f077_33
[33mWARNING[0m:  [02-07-2026 19:32:38] Delete of nonexisting embedding ID: c89e704d5f2c1fc405c79f1db1f8f077_33
[31mERROR[0m:    [02-07-2026 19:32:38] Failed to send telemetry event CollectionDeleteEvent: capture() takes 1 positional argument but 3 were given
[32mINFO[0m:     [02-07-2026 19:32:38] 127.0.0.1:58567 - "POST /api/v1/collections/04b9833e-32a9-4ce2-877d-ac206ff5d36f/delete HTTP/1.1" 200
[33mWARNING[0m:  [02-07-2026 19:32:38] Delete of nonexisting embedding ID: c89e704d5f2c1fc405c79f1db1f8f077_183
[33mWARNING[0m:  [02-07-2026 19:32:38] Delete of nonexisting embedding ID: c89e704d5f2c1fc405c79f1db1f8f077_183
[31mERROR[0m:    [02-07-2026 19:32:38] Failed to send telemetry event CollectionDeleteEvent: capture() takes 1 positional argument but 3 were given
[32mINFO[0m:     [02-07-2026 19:32:38] 127.0.0.1:58567 - "POST /api/v1/collections/04b9833e-32a9-4ce2-877d-ac206ff5d36f/delete HTTP/1.1" 200
[33mWARNING[0m:  [02-07-2026 19:32:38] Delete of nonexisting embedding ID: c89e704d5f2c1fc405c79f1db1f8f077_235
[33mWARNING[0m:  [02-07-2026 19:32:38] Delete of nonexisting embedding ID: c89e704d5f2c1fc405c79f1db1f8f077_235
[31mERROR[0m:    [02-07-2026 19:32:38] Failed to send telemetry event CollectionDeleteEvent: capture() takes 1 positional argument but 3 were given
[32mINFO[0m:     [02-07-2026 19:32:38] 127.0.0.1:58567 - "POST /api/v1/collections/04b9833e-32a9-4ce2-877d-ac206ff5d36f/delete HTTP/1.1" 200
[33mWARNING[0m:  [02-07-2026 19:32:38] Delete of nonexisting embedding ID: c89e704d5f2c1fc405c79f1db1f8f077_190
[33mWARNING[0m:  [02-07-2026 19:32:38] Delete of nonexisting embedding ID: c89e704d5f2c1fc405c79f1db1f8f077_190
[31mERROR[0m:    [02-07-2026 19:32:38] Failed to send telemetry event CollectionDeleteEvent: capture() takes 1 positional argument but 3 were given
[32mINFO[0m:     [02-07-2026 19:32:38] 127.0.0.1:58567 - "POST /api/v1/collections/04b9833e-32a9-4ce2-877d-ac206ff5d36f/delete HTTP/1.1" 200
[33mWARNING[0m:  [02-07-2026 19:32:38] Delete of nonexisting embedding ID: c89e704d5f2c1fc405c79f1db1f8f077_518
[33mWARNING[0m:  [02-07-2026 19:32:38] Delete of nonexisting embedding ID: c89e704d5f2c1fc405c79f1db1f8f077_518
[31mERROR[0m:    [02-07-2026 19:32:38] Failed to send telemetry event CollectionDeleteEvent: capture() takes 1 positional argument but 3 were given
[32mINFO[0m:     [02-07-2026 19:32:38] 127.0.0.1:58567 - "POST /api/v1/collections/04b9833e-32a9-4ce2-877d-ac206ff5d36f/delete HTTP/1.1" 200
[33mWARNING[0m:  [02-07-2026 19:32:38] Delete of nonexisting embedding ID: c89e704d5f2c1fc405c79f1db1f8f077_167
[33mWARNING[0m:  [02-07-2026 19:32:38] Delete of nonexisting embedding ID: c89e704d5f2c1fc405c79f1db1f8f077_167
[31mERROR[0m:    [02-07-2026 19:32:39] Failed to send telemetry event CollectionDeleteEvent: capture() takes 1 positional argument but 3 were given
[32mINFO[0m:     [02-07-2026 19:32:39] 127.0.0.1:58567 - "POST /api/v1/collections/04b9833e-32a9-4ce2-877d-ac206ff5d36f/delete HTTP/1.1" 200
[33mWARNING[0m:  [02-07-2026 19:32:39] Delete of nonexisting embedding ID: c89e704d5f2c1fc405c79f1db1f8f077_113
[33mWARNING[0m:  [02-07-2026 19:32:39] Delete of nonexisting embedding ID: c89e704d5f2c1fc405c79f1db1f8f077_113
[31mERROR[0m:    [02-07-2026 19:32:39] Failed to send telemetry event CollectionDeleteEvent: capture() takes 1 positional argument but 3 were given
[32mINFO[0m:     [02-07-2026 19:32:39] 127.0.0.1:58567 - "POST /api/v1/collections/04b9833e-32a9-4ce2-877d-ac206ff5d36f/delete HTTP/1.1" 200
[33mWARNING[0m:  [02-07-2026 19:32:39] Delete of nonexisting embedding ID: c89e704d5f2c1fc405c79f1db1f8f077_242
[33mWARNING[0m:  [02-07-2026 19:32:39] Delete of nonexisting embedding ID: c89e704d5f2c1fc405c79f1db1f8f077_242
[31mERROR[0m:    [02-07-2026 19:32:40] Failed to send telemetry event CollectionDeleteEvent: capture() takes 1 positional argument but 3 were given
[32mINFO[0m:     [02-07-2026 19:32:40] 127.0.0.1:58567 - "POST /api/v1/collections/04b9833e-32a9-4ce2-877d-ac206ff5d36f/delete HTTP/1.1" 200
[33mWARNING[0m:  [02-07-2026 19:32:40] Delete of nonexisting embedding ID: c89e704d5f2c1fc405c79f1db1f8f077_379
[33mWARNING[0m:  [02-07-2026 19:32:40] Delete of nonexisting embedding ID: c89e704d5f2c1fc405c79f1db1f8f077_379
[31mERROR[0m:    [02-07-2026 19:32:40] Failed to send telemetry event CollectionDeleteEvent: capture() takes 1 positional argument but 3 were given
[32mINFO[0m:     [02-07-2026 19:32:40] 127.0.0.1:58567 - "POST /api/v1/collections/04b9833e-32a9-4ce2-877d-ac206ff5d36f/delete HTTP/1.1" 200
[33mWARNING[0m:  [02-07-2026 19:32:40] Delete of nonexisting embedding ID: c89e704d5f2c1fc405c79f1db1f8f077_315
[33mWARNING[0m:  [02-07-2026 19:32:40] Delete of nonexisting embedding ID: c89e704d5f2c1fc405c79f1db1f8f077_315
[31mERROR[0m:    [02-07-2026 19:32:40] Failed to send telemetry event CollectionDeleteEvent: capture() takes 1 positional argument but 3 were given
[32mINFO[0m:     [02-07-2026 19:32:40] 127.0.0.1:58567 - "POST /api/v1/collections/04b9833e-32a9-4ce2-877d-ac206ff5d36f/delete HTTP/1.1" 200
[33mWARNING[0m:  [02-07-2026 19:32:40] Delete of nonexisting embedding ID: c89e704d5f2c1fc405c79f1db1f8f077_39
[33mWARNING[0m:  [02-07-2026 19:32:40] Delete of nonexisting embedding ID: c89e704d5f2c1fc405c79f1db1f8f077_39
[31mERROR[0m:    [02-07-2026 19:32:40] Failed to send telemetry event CollectionDeleteEvent: capture() takes 1 positional argument but 3 were given
[32mINFO[0m:     [02-07-2026 19:32:40] 127.0.0.1:58567 - "POST /api/v1/collections/04b9833e-32a9-4ce2-877d-ac206ff5d36f/delete HTTP/1.1" 200
[33mWARNING[0m:  [02-07-2026 19:32:40] Delete of nonexisting embedding ID: c89e704d5f2c1fc405c79f1db1f8f077_387
[33mWARNING[0m:  [02-07-2026 19:32:40] Delete of nonexisting embedding ID: c89e704d5f2c1fc405c79f1db1f8f077_387
[31mERROR[0m:    [02-07-2026 19:32:40] Failed to send telemetry event CollectionDeleteEvent: capture() takes 1 positional argument but 3 were given
[32mINFO[0m:     [02-07-2026 19:32:40] 127.0.0.1:58567 - "POST /api/v1/collections/04b9833e-32a9-4ce2-877d-ac206ff5d36f/delete HTTP/1.1" 200
[33mWARNING[0m:  [02-07-2026 19:32:40] Delete of nonexisting embedding ID: c89e704d5f2c1fc405c79f1db1f8f077_547
[33mWARNING[0m:  [02-07-2026 19:32:40] Delete of nonexisting embedding ID: c89e704d5f2c1fc405c79f1db1f8f077_547
[31mERROR[0m:    [02-07-2026 19:32:40] Failed to send telemetry event CollectionDeleteEvent: capture() takes 1 positional argument but 3 were given
[32mINFO[0m:     [02-07-2026 19:32:40] 127.0.0.1:58567 - "POST /api/v1/collections/04b9833e-32a9-4ce2-877d-ac206ff5d36f/delete HTTP/1.1" 200
[33mWARNING[0m:  [02-07-2026 19:32:40] Delete of nonexisting embedding ID: c89e704d5f2c1fc405c79f1db1f8f077_67
[33mWARNING[0m:  [02-07-2026 19:32:40] Delete of nonexisting embedding ID: c89e704d5f2c1fc405c79f1db1f8f077_67
[31mERROR[0m:    [02-07-2026 19:32:40] Failed to send telemetry event CollectionDeleteEvent: capture() takes 1 positional argument but 3 were given
[32mINFO[0m:     [02-07-2026 19:32:40] 127.0.0.1:58567 - "POST /api/v1/collections/04b9833e-32a9-4ce2-877d-ac206ff5d36f/delete HTTP/1.1" 200
[33mWARNING[0m:  [02-07-2026 19:32:40] Delete of nonexisting embedding ID: c89e704d5f2c1fc405c79f1db1f8f077_488
[33mWARNING[0m:  [02-07-2026 19:32:40] Delete of nonexisting embedding ID: c89e704d5f2c1fc405c79f1db1f8f077_488
[31mERROR[0m:    [02-07-2026 19:32:41] Failed to send telemetry event CollectionDeleteEvent: capture() takes 1 positional argument but 3 were given
[32mINFO[0m:     [02-07-2026 19:32:41] 127.0.0.1:58567 - "POST /api/v1/collections/04b9833e-32a9-4ce2-877d-ac206ff5d36f/delete HTTP/1.1" 200
[33mWARNING[0m:  [02-07-2026 19:32:41] Delete of nonexisting embedding ID: c89e704d5f2c1fc405c79f1db1f8f077_342
[33mWARNING[0m:  [02-07-2026 19:32:41] Delete of nonexisting embedding ID: c89e704d5f2c1fc405c79f1db1f8f077_342
[31mERROR[0m:    [02-07-2026 19:32:41] Failed to send telemetry event CollectionDeleteEvent: capture() takes 1 positional argument but 3 were given
[32mINFO[0m:     [02-07-2026 19:32:41] 127.0.0.1:58567 - "POST /api/v1/collections/04b9833e-32a9-4ce2-877d-ac206ff5d36f/delete HTTP/1.1" 200
[33mWARNING[0m:  [02-07-2026 19:32:41] Delete of nonexisting embedding ID: c89e704d5f2c1fc405c79f1db1f8f077_321
[33mWARNING[0m:  [02-07-2026 19:32:41] Delete of nonexisting embedding ID: c89e704d5f2c1fc405c79f1db1f8f077_321
[31mERROR[0m:    [02-07-2026 19:32:41] Failed to send telemetry event CollectionDeleteEvent: capture() takes 1 positional argument but 3 were given
[32mINFO[0m:     [02-07-2026 19:32:41] 127.0.0.1:58567 - "POST /api/v1/collections/04b9833e-32a9-4ce2-877d-ac206ff5d36f/delete HTTP/1.1" 200
[33mWARNING[0m:  [02-07-2026 19:32:41] Delete of nonexisting embedding ID: c89e704d5f2c1fc405c79f1db1f8f077_272
[33mWARNING[0m:  [02-07-2026 19:32:41] Delete of nonexisting embedding ID: c89e704d5f2c1fc405c79f1db1f8f077_272
[31mERROR[0m:    [02-07-2026 19:32:41] Failed to send telemetry event CollectionDeleteEvent: capture() takes 1 positional argument but 3 were given
[32mINFO[0m:     [02-07-2026 19:32:41] 127.0.0.1:58567 - "POST /api/v1/collections/04b9833e-32a9-4ce2-877d-ac206ff5d36f/delete HTTP/1.1" 200
[33mWARNING[0m:  [02-07-2026 19:32:41] Delete of nonexisting embedding ID: c89e704d5f2c1fc405c79f1db1f8f077_76
[33mWARNING[0m:  [02-07-2026 19:32:41] Delete of nonexisting embedding ID: c89e704d5f2c1fc405c79f1db1f8f077_76
[31mERROR[0m:    [02-07-2026 19:32:41] Failed to send telemetry event CollectionDeleteEvent: capture() takes 1 positional argument but 3 were given
[32mINFO[0m:     [02-07-2026 19:32:41] 127.0.0.1:58567 - "POST /api/v1/collections/04b9833e-32a9-4ce2-877d-ac206ff5d36f/delete HTTP/1.1" 200
[33mWARNING[0m:  [02-07-2026 19:32:41] Delete of nonexisting embedding ID: c89e704d5f2c1fc405c79f1db1f8f077_247
[33mWARNING[0m:  [02-07-2026 19:32:41] Delete of nonexisting embedding ID: c89e704d5f2c1fc405c79f1db1f8f077_247
[31mERROR[0m:    [02-07-2026 19:32:41] Failed to send telemetry event CollectionDeleteEvent: capture() takes 1 positional argument but 3 were given
[32mINFO[0m:     [02-07-2026 19:32:41] 127.0.0.1:58567 - "POST /api/v1/collections/04b9833e-32a9-4ce2-877d-ac206ff5d36f/delete HTTP/1.1" 200
[33mWARNING[0m:  [02-07-2026 19:32:41] Delete of nonexisting embedding ID: c89e704d5f2c1fc405c79f1db1f8f077_455
[33mWARNING[0m:  [02-07-2026 19:32:41] Delete of nonexisting embedding ID: c89e704d5f2c1fc405c79f1db1f8f077_455
[31mERROR[0m:    [02-07-2026 19:32:41] Failed to send telemetry event CollectionDeleteEvent: capture() takes 1 positional argument but 3 were given
[32mINFO[0m:     [02-07-2026 19:32:41] 127.0.0.1:58567 - "POST /api/v1/collections/04b9833e-32a9-4ce2-877d-ac206ff5d36f/delete HTTP/1.1" 200
[33mWARNING[0m:  [02-07-2026 19:32:41] Delete of nonexisting embedding ID: c89e704d5f2c1fc405c79f1db1f8f077_109
[33mWARNING[0m:  [02-07-2026 19:32:41] Delete of nonexisting embedding ID: c89e704d5f2c1fc405c79f1db1f8f077_109
[31mERROR[0m:    [02-07-2026 19:32:42] Failed to send telemetry event CollectionDeleteEvent: capture() takes 1 positional argument but 3 were given
[32mINFO[0m:     [02-07-2026 19:32:42] 127.0.0.1:58567 - "POST /api/v1/collections/04b9833e-32a9-4ce2-877d-ac206ff5d36f/delete HTTP/1.1" 200
[33mWARNING[0m:  [02-07-2026 19:32:42] Delete of nonexisting embedding ID: c89e704d5f2c1fc405c79f1db1f8f077_427
[33mWARNING[0m:  [02-07-2026 19:32:42] Delete of nonexisting embedding ID: c89e704d5f2c1fc405c79f1db1f8f077_427
[31mERROR[0m:    [02-07-2026 19:32:42] Failed to send telemetry event CollectionDeleteEvent: capture() takes 1 positional argument but 3 were given
[32mINFO[0m:     [02-07-2026 19:32:42] 127.0.0.1:58567 - "POST /api/v1/collections/04b9833e-32a9-4ce2-877d-ac206ff5d36f/delete HTTP/1.1" 200
[33mWARNING[0m:  [02-07-2026 19:32:42] Delete of nonexisting embedding ID: c89e704d5f2c1fc405c79f1db1f8f077_188
[33mWARNING[0m:  [02-07-2026 19:32:42] Delete of nonexisting embedding ID: c89e704d5f2c1fc405c79f1db1f8f077_188
[31mERROR[0m:    [02-07-2026 19:32:42] Failed to send telemetry event CollectionDeleteEvent: capture() takes 1 positional argument but 3 were given
[32mINFO[0m:     [02-07-2026 19:32:42] 127.0.0.1:58567 - "POST /api/v1/collections/04b9833e-32a9-4ce2-877d-ac206ff5d36f/delete HTTP/1.1" 200
[33mWARNING[0m:  [02-07-2026 19:32:42] Delete of nonexisting embedding ID: c89e704d5f2c1fc405c79f1db1f8f077_64
[33mWARNING[0m:  [02-07-2026 19:32:42] Delete of nonexisting embedding ID: c89e704d5f2c1fc405c79f1db1f8f077_64
[31mERROR[0m:    [02-07-2026 19:32:42] Failed to send telemetry event CollectionDeleteEvent: capture() takes 1 positional argument but 3 were given
[32mINFO[0m:     [02-07-2026 19:32:42] 127.0.0.1:58567 - "POST /api/v1/collections/04b9833e-32a9-4ce2-877d-ac206ff5d36f/delete HTTP/1.1" 200
[33mWARNING[0m:  [02-07-2026 19:32:42] Delete of nonexisting embedding ID: c89e704d5f2c1fc405c79f1db1f8f077_182
[33mWARNING[0m:  [02-07-2026 19:32:42] Delete of nonexisting embedding ID: c89e704d5f2c1fc405c79f1db1f8f077_182
[31mERROR[0m:    [02-07-2026 19:32:42] Failed to send telemetry event CollectionDeleteEvent: capture() takes 1 positional argument but 3 were given
[32mINFO[0m:     [02-07-2026 19:32:42] 127.0.0.1:58567 - "POST /api/v1/collections/04b9833e-32a9-4ce2-877d-ac206ff5d36f/delete HTTP/1.1" 200
[33mWARNING[0m:  [02-07-2026 19:32:42] Delete of nonexisting embedding ID: c89e704d5f2c1fc405c79f1db1f8f077_320
[33mWARNING[0m:  [02-07-2026 19:32:42] Delete of nonexisting embedding ID: c89e704d5f2c1fc405c79f1db1f8f077_320
[31mERROR[0m:    [02-07-2026 19:32:42] Failed to send telemetry event CollectionDeleteEvent: capture() takes 1 positional argument but 3 were given
[32mINFO[0m:     [02-07-2026 19:32:42] 127.0.0.1:58567 - "POST /api/v1/collections/04b9833e-32a9-4ce2-877d-ac206ff5d36f/delete HTTP/1.1" 200
[33mWARNING[0m:  [02-07-2026 19:32:42] Delete of nonexisting embedding ID: c89e704d5f2c1fc405c79f1db1f8f077_55
[33mWARNING[0m:  [02-07-2026 19:32:42] Delete of nonexisting embedding ID: c89e704d5f2c1fc405c79f1db1f8f077_55
[31mERROR[0m:    [02-07-2026 19:32:42] Failed to send telemetry event CollectionDeleteEvent: capture() takes 1 positional argument but 3 were given
[32mINFO[0m:     [02-07-2026 19:32:42] 127.0.0.1:58567 - "POST /api/v1/collections/04b9833e-32a9-4ce2-877d-ac206ff5d36f/delete HTTP/1.1" 200
[33mWARNING[0m:  [02-07-2026 19:32:42] Delete of nonexisting embedding ID: c89e704d5f2c1fc405c79f1db1f8f077_362
[33mWARNING[0m:  [02-07-2026 19:32:42] Delete of nonexisting embedding ID: c89e704d5f2c1fc405c79f1db1f8f077_362
[31mERROR[0m:    [02-07-2026 19:32:43] Failed to send telemetry event CollectionDeleteEvent: capture() takes 1 positional argument but 3 were given
[32mINFO[0m:     [02-07-2026 19:32:43] 127.0.0.1:58567 - "POST /api/v1/collections/04b9833e-32a9-4ce2-877d-ac206ff5d36f/delete HTTP/1.1" 200
[33mWARNING[0m:  [02-07-2026 19:32:43] Delete of nonexisting embedding ID: c89e704d5f2c1fc405c79f1db1f8f077_363
[33mWARNING[0m:  [02-07-2026 19:32:43] Delete of nonexisting embedding ID: c89e704d5f2c1fc405c79f1db1f8f077_363
[31mERROR[0m:    [02-07-2026 19:32:43] Failed to send telemetry event CollectionDeleteEvent: capture() takes 1 positional argument but 3 were given
[32mINFO[0m:     [02-07-2026 19:32:43] 127.0.0.1:58567 - "POST /api/v1/collections/04b9833e-32a9-4ce2-877d-ac206ff5d36f/delete HTTP/1.1" 200
[33mWARNING[0m:  [02-07-2026 19:32:43] Delete of nonexisting embedding ID: c89e704d5f2c1fc405c79f1db1f8f077_176
[33mWARNING[0m:  [02-07-2026 19:32:43] Delete of nonexisting embedding ID: c89e704d5f2c1fc405c79f1db1f8f077_176
[31mERROR[0m:    [02-07-2026 19:32:43] Failed to send telemetry event CollectionDeleteEvent: capture() takes 1 positional argument but 3 were given
[32mINFO[0m:     [02-07-2026 19:32:43] 127.0.0.1:58567 - "POST /api/v1/collections/04b9833e-32a9-4ce2-877d-ac206ff5d36f/delete HTTP/1.1" 200
[33mWARNING[0m:  [02-07-2026 19:32:43] Delete of nonexisting embedding ID: c89e704d5f2c1fc405c79f1db1f8f077_318
[33mWARNING[0m:  [02-07-2026 19:32:43] Delete of nonexisting embedding ID: c89e704d5f2c1fc405c79f1db1f8f077_318
[31mERROR[0m:    [02-07-2026 19:32:43] Failed to send telemetry event CollectionDeleteEvent: capture() takes 1 positional argument but 3 were given
[32mINFO[0m:     [02-07-2026 19:32:43] 127.0.0.1:58567 - "POST /api/v1/collections/04b9833e-32a9-4ce2-877d-ac206ff5d36f/delete HTTP/1.1" 200
[33mWARNING[0m:  [02-07-2026 19:32:43] Delete of nonexisting embedding ID: c89e704d5f2c1fc405c79f1db1f8f077_367
[33mWARNING[0m:  [02-07-2026 19:32:43] Delete of nonexisting embedding ID: c89e704d5f2c1fc405c79f1db1f8f077_367
[31mERROR[0m:    [02-07-2026 19:32:43] Failed to send telemetry event CollectionDeleteEvent: capture() takes 1 positional argument but 3 were given
[32mINFO[0m:     [02-07-2026 19:32:43] 127.0.0.1:58567 - "POST /api/v1/collections/04b9833e-32a9-4ce2-877d-ac206ff5d36f/delete HTTP/1.1" 200
[33mWARNING[0m:  [02-07-2026 19:32:43] Delete of nonexisting embedding ID: c89e704d5f2c1fc405c79f1db1f8f077_198
[33mWARNING[0m:  [02-07-2026 19:32:43] Delete of nonexisting embedding ID: c89e704d5f2c1fc405c79f1db1f8f077_198
[31mERROR[0m:    [02-07-2026 19:32:43] Failed to send telemetry event CollectionDeleteEvent: capture() takes 1 positional argument but 3 were given
[32mINFO[0m:     [02-07-2026 19:32:43] 127.0.0.1:58567 - "POST /api/v1/collections/04b9833e-32a9-4ce2-877d-ac206ff5d36f/delete HTTP/1.1" 200
[33mWARNING[0m:  [02-07-2026 19:32:43] Delete of nonexisting embedding ID: c89e704d5f2c1fc405c79f1db1f8f077_397
[33mWARNING[0m:  [02-07-2026 19:32:43] Delete of nonexisting embedding ID: c89e704d5f2c1fc405c79f1db1f8f077_397
[31mERROR[0m:    [02-07-2026 19:32:44] Failed to send telemetry event CollectionDeleteEvent: capture() takes 1 positional argument but 3 were given
[32mINFO[0m:     [02-07-2026 19:32:44] 127.0.0.1:58567 - "POST /api/v1/collections/04b9833e-32a9-4ce2-877d-ac206ff5d36f/delete HTTP/1.1" 200
[33mWARNING[0m:  [02-07-2026 19:32:44] Delete of nonexisting embedding ID: c89e704d5f2c1fc405c79f1db1f8f077_341
[33mWARNING[0m:  [02-07-2026 19:32:44] Delete of nonexisting embedding ID: c89e704d5f2c1fc405c79f1db1f8f077_341
[31mERROR[0m:    [02-07-2026 19:32:44] Failed to send telemetry event CollectionDeleteEvent: capture() takes 1 positional argument but 3 were given
[32mINFO[0m:     [02-07-2026 19:32:44] 127.0.0.1:58567 - "POST /api/v1/collections/04b9833e-32a9-4ce2-877d-ac206ff5d36f/delete HTTP/1.1" 200
[33mWARNING[0m:  [02-07-2026 19:32:44] Delete of nonexisting embedding ID: c89e704d5f2c1fc405c79f1db1f8f077_539
[33mWARNING[0m:  [02-07-2026 19:32:44] Delete of nonexisting embedding ID: c89e704d5f2c1fc405c79f1db1f8f077_539
[31mERROR[0m:    [02-07-2026 19:32:44] Failed to send telemetry event CollectionDeleteEvent: capture() takes 1 positional argument but 3 were given
[32mINFO[0m:     [02-07-2026 19:32:44] 127.0.0.1:58567 - "POST /api/v1/collections/04b9833e-32a9-4ce2-877d-ac206ff5d36f/delete HTTP/1.1" 200
[33mWARNING[0m:  [02-07-2026 19:32:44] Delete of nonexisting embedding ID: c89e704d5f2c1fc405c79f1db1f8f077_361
[33mWARNING[0m:  [02-07-2026 19:32:44] Delete of nonexisting embedding ID: c89e704d5f2c1fc405c79f1db1f8f077_361
[31mERROR[0m:    [02-07-2026 19:32:44] Failed to send telemetry event CollectionDeleteEvent: capture() takes 1 positional argument but 3 were given
[32mINFO[0m:     [02-07-2026 19:32:44] 127.0.0.1:58567 - "POST /api/v1/collections/04b9833e-32a9-4ce2-877d-ac206ff5d36f/delete HTTP/1.1" 200
[33mWARNING[0m:  [02-07-2026 19:32:44] Delete of nonexisting embedding ID: c89e704d5f2c1fc405c79f1db1f8f077_487
[33mWARNING[0m:  [02-07-2026 19:32:44] Delete of nonexisting embedding ID: c89e704d5f2c1fc405c79f1db1f8f077_487
[31mERROR[0m:    [02-07-2026 19:32:44] Failed to send telemetry event CollectionDeleteEvent: capture() takes 1 positional argument but 3 were given
[32mINFO[0m:     [02-07-2026 19:32:44] 127.0.0.1:58567 - "POST /api/v1/collections/04b9833e-32a9-4ce2-877d-ac206ff5d36f/delete HTTP/1.1" 200
[33mWARNING[0m:  [02-07-2026 19:32:44] Delete of nonexisting embedding ID: c89e704d5f2c1fc405c79f1db1f8f077_317
[33mWARNING[0m:  [02-07-2026 19:32:44] Delete of nonexisting embedding ID: c89e704d5f2c1fc405c79f1db1f8f077_317
[31mERROR[0m:    [02-07-2026 19:32:44] Failed to send telemetry event CollectionDeleteEvent: capture() takes 1 positional argument but 3 were given
[32mINFO[0m:     [02-07-2026 19:32:44] 127.0.0.1:58567 - "POST /api/v1/collections/04b9833e-32a9-4ce2-877d-ac206ff5d36f/delete HTTP/1.1" 200
[33mWARNING[0m:  [02-07-2026 19:32:44] Delete of nonexisting embedding ID: c89e704d5f2c1fc405c79f1db1f8f077_340
[33mWARNING[0m:  [02-07-2026 19:32:44] Delete of nonexisting embedding ID: c89e704d5f2c1fc405c79f1db1f8f077_340
[31mERROR[0m:    [02-07-2026 19:32:45] Failed to send telemetry event CollectionDeleteEvent: capture() takes 1 positional argument but 3 were given
[32mINFO[0m:     [02-07-2026 19:32:45] 127.0.0.1:58567 - "POST /api/v1/collections/04b9833e-32a9-4ce2-877d-ac206ff5d36f/delete HTTP/1.1" 200
[33mWARNING[0m:  [02-07-2026 19:32:45] Delete of nonexisting embedding ID: c89e704d5f2c1fc405c79f1db1f8f077_106
[33mWARNING[0m:  [02-07-2026 19:32:45] Delete of nonexisting embedding ID: c89e704d5f2c1fc405c79f1db1f8f077_106
[31mERROR[0m:    [02-07-2026 19:32:45] Failed to send telemetry event CollectionDeleteEvent: capture() takes 1 positional argument but 3 were given
[32mINFO[0m:     [02-07-2026 19:32:45] 127.0.0.1:58567 - "POST /api/v1/collections/04b9833e-32a9-4ce2-877d-ac206ff5d36f/delete HTTP/1.1" 200
[33mWARNING[0m:  [02-07-2026 19:32:45] Delete of nonexisting embedding ID: c89e704d5f2c1fc405c79f1db1f8f077_127
[33mWARNING[0m:  [02-07-2026 19:32:45] Delete of nonexisting embedding ID: c89e704d5f2c1fc405c79f1db1f8f077_127
[31mERROR[0m:    [02-07-2026 19:32:45] Failed to send telemetry event CollectionDeleteEvent: capture() takes 1 positional argument but 3 were given
[32mINFO[0m:     [02-07-2026 19:32:45] 127.0.0.1:58567 - "POST /api/v1/collections/04b9833e-32a9-4ce2-877d-ac206ff5d36f/delete HTTP/1.1" 200
[33mWARNING[0m:  [02-07-2026 19:32:45] Delete of nonexisting embedding ID: c89e704d5f2c1fc405c79f1db1f8f077_346
[33mWARNING[0m:  [02-07-2026 19:32:45] Delete of nonexisting embedding ID: c89e704d5f2c1fc405c79f1db1f8f077_346
[31mERROR[0m:    [02-07-2026 19:32:46] Failed to send telemetry event CollectionDeleteEvent: capture() takes 1 positional argument but 3 were given
[32mINFO[0m:     [02-07-2026 19:32:46] 127.0.0.1:58567 - "POST /api/v1/collections/04b9833e-32a9-4ce2-877d-ac206ff5d36f/delete HTTP/1.1" 200
[33mWARNING[0m:  [02-07-2026 19:32:46] Delete of nonexisting embedding ID: c89e704d5f2c1fc405c79f1db1f8f077_546
[33mWARNING[0m:  [02-07-2026 19:32:46] Delete of nonexisting embedding ID: c89e704d5f2c1fc405c79f1db1f8f077_546
[31mERROR[0m:    [02-07-2026 19:32:46] Failed to send telemetry event CollectionDeleteEvent: capture() takes 1 positional argument but 3 were given
[32mINFO[0m:     [02-07-2026 19:32:46] 127.0.0.1:58567 - "POST /api/v1/collections/04b9833e-32a9-4ce2-877d-ac206ff5d36f/delete HTTP/1.1" 200
[33mWARNING[0m:  [02-07-2026 19:32:46] Delete of nonexisting embedding ID: c89e704d5f2c1fc405c79f1db1f8f077_511
[33mWARNING[0m:  [02-07-2026 19:32:46] Delete of nonexisting embedding ID: c89e704d5f2c1fc405c79f1db1f8f077_511
[31mERROR[0m:    [02-07-2026 19:32:46] Failed to send telemetry event CollectionDeleteEvent: capture() takes 1 positional argument but 3 were given
[32mINFO[0m:     [02-07-2026 19:32:46] 127.0.0.1:58567 - "POST /api/v1/collections/04b9833e-32a9-4ce2-877d-ac206ff5d36f/delete HTTP/1.1" 200
[33mWARNING[0m:  [02-07-2026 19:32:46] Delete of nonexisting embedding ID: c89e704d5f2c1fc405c79f1db1f8f077_32
[33mWARNING[0m:  [02-07-2026 19:32:46] Delete of nonexisting embedding ID: c89e704d5f2c1fc405c79f1db1f8f077_32
[31mERROR[0m:    [02-07-2026 19:32:46] Failed to send telemetry event CollectionDeleteEvent: capture() takes 1 positional argument but 3 were given
[32mINFO[0m:     [02-07-2026 19:32:46] 127.0.0.1:58567 - "POST /api/v1/collections/04b9833e-32a9-4ce2-877d-ac206ff5d36f/delete HTTP/1.1" 200
[33mWARNING[0m:  [02-07-2026 19:32:46] Delete of nonexisting embedding ID: c89e704d5f2c1fc405c79f1db1f8f077_239
[33mWARNING[0m:  [02-07-2026 19:32:46] Delete of nonexisting embedding ID: c89e704d5f2c1fc405c79f1db1f8f077_239
[31mERROR[0m:    [02-07-2026 19:32:46] Failed to send telemetry event CollectionDeleteEvent: capture() takes 1 positional argument but 3 were given
[32mINFO[0m:     [02-07-2026 19:32:46] 127.0.0.1:58567 - "POST /api/v1/collections/04b9833e-32a9-4ce2-877d-ac206ff5d36f/delete HTTP/1.1" 200
[33mWARNING[0m:  [02-07-2026 19:32:46] Delete of nonexisting embedding ID: c89e704d5f2c1fc405c79f1db1f8f077_338
[33mWARNING[0m:  [02-07-2026 19:32:46] Delete of nonexisting embedding ID: c89e704d5f2c1fc405c79f1db1f8f077_338
[31mERROR[0m:    [02-07-2026 19:32:46] Failed to send telemetry event CollectionDeleteEvent: capture() takes 1 positional argument but 3 were given
[32mINFO[0m:     [02-07-2026 19:32:46] 127.0.0.1:58567 - "POST /api/v1/collections/04b9833e-32a9-4ce2-877d-ac206ff5d36f/delete HTTP/1.1" 200
[33mWARNING[0m:  [02-07-2026 19:32:46] Delete of nonexisting embedding ID: c89e704d5f2c1fc405c79f1db1f8f077_365
[33mWARNING[0m:  [02-07-2026 19:32:46] Delete of nonexisting embedding ID: c89e704d5f2c1fc405c79f1db1f8f077_365
[31mERROR[0m:    [02-07-2026 19:32:47] Failed to send telemetry event CollectionDeleteEvent: capture() takes 1 positional argument but 3 were given
[32mINFO[0m:     [02-07-2026 19:32:47] 127.0.0.1:58567 - "POST /api/v1/collections/04b9833e-32a9-4ce2-877d-ac206ff5d36f/delete HTTP/1.1" 200
[33mWARNING[0m:  [02-07-2026 19:32:47] Delete of nonexisting embedding ID: c89e704d5f2c1fc405c79f1db1f8f077_231
[33mWARNING[0m:  [02-07-2026 19:32:47] Delete of nonexisting embedding ID: c89e704d5f2c1fc405c79f1db1f8f077_231
[31mERROR[0m:    [02-07-2026 19:32:47] Failed to send telemetry event CollectionDeleteEvent: capture() takes 1 positional argument but 3 were given
[32mINFO[0m:     [02-07-2026 19:32:47] 127.0.0.1:58567 - "POST /api/v1/collections/04b9833e-32a9-4ce2-877d-ac206ff5d36f/delete HTTP/1.1" 200
[33mWARNING[0m:  [02-07-2026 19:32:47] Delete of nonexisting embedding ID: c89e704d5f2c1fc405c79f1db1f8f077_420
[33mWARNING[0m:  [02-07-2026 19:32:47] Delete of nonexisting embedding ID: c89e704d5f2c1fc405c79f1db1f8f077_420
[31mERROR[0m:    [02-07-2026 19:32:47] Failed to send telemetry event CollectionDeleteEvent: capture() takes 1 positional argument but 3 were given
[32mINFO[0m:     [02-07-2026 19:32:47] 127.0.0.1:58567 - "POST /api/v1/collections/04b9833e-32a9-4ce2-877d-ac206ff5d36f/delete HTTP/1.1" 200
[33mWARNING[0m:  [02-07-2026 19:32:47] Delete of nonexisting embedding ID: c89e704d5f2c1fc405c79f1db1f8f077_347
[33mWARNING[0m:  [02-07-2026 19:32:47] Delete of nonexisting embedding ID: c89e704d5f2c1fc405c79f1db1f8f077_347
[31mERROR[0m:    [02-07-2026 19:32:47] Failed to send telemetry event CollectionDeleteEvent: capture() takes 1 positional argument but 3 were given
[32mINFO[0m:     [02-07-2026 19:32:47] 127.0.0.1:58567 - "POST /api/v1/collections/04b9833e-32a9-4ce2-877d-ac206ff5d36f/delete HTTP/1.1" 200
[33mWARNING[0m:  [02-07-2026 19:32:47] Delete of nonexisting embedding ID: c89e704d5f2c1fc405c79f1db1f8f077_380
[33mWARNING[0m:  [02-07-2026 19:32:47] Delete of nonexisting embedding ID: c89e704d5f2c1fc405c79f1db1f8f077_380
[31mERROR[0m:    [02-07-2026 19:32:47] Failed to send telemetry event CollectionDeleteEvent: capture() takes 1 positional argument but 3 were given
[32mINFO[0m:     [02-07-2026 19:32:47] 127.0.0.1:58567 - "POST /api/v1/collections/04b9833e-32a9-4ce2-877d-ac206ff5d36f/delete HTTP/1.1" 200
[33mWARNING[0m:  [02-07-2026 19:32:47] Delete of nonexisting embedding ID: c89e704d5f2c1fc405c79f1db1f8f077_527
[33mWARNING[0m:  [02-07-2026 19:32:47] Delete of nonexisting embedding ID: c89e704d5f2c1fc405c79f1db1f8f077_527
[31mERROR[0m:    [02-07-2026 19:32:47] Failed to send telemetry event CollectionDeleteEvent: capture() takes 1 positional argument but 3 were given
[32mINFO[0m:     [02-07-2026 19:32:47] 127.0.0.1:58567 - "POST /api/v1/collections/04b9833e-32a9-4ce2-877d-ac206ff5d36f/delete HTTP/1.1" 200
[33mWARNING[0m:  [02-07-2026 19:32:47] Delete of nonexisting embedding ID: c89e704d5f2c1fc405c79f1db1f8f077_478
[33mWARNING[0m:  [02-07-2026 19:32:47] Delete of nonexisting embedding ID: c89e704d5f2c1fc405c79f1db1f8f077_478
[31mERROR[0m:    [02-07-2026 19:32:47] Failed to send telemetry event CollectionDeleteEvent: capture() takes 1 positional argument but 3 were given
[32mINFO[0m:     [02-07-2026 19:32:47] 127.0.0.1:58567 - "POST /api/v1/collections/04b9833e-32a9-4ce2-877d-ac206ff5d36f/delete HTTP/1.1" 200
[33mWARNING[0m:  [02-07-2026 19:32:47] Delete of nonexisting embedding ID: c89e704d5f2c1fc405c79f1db1f8f077_44
[33mWARNING[0m:  [02-07-2026 19:32:47] Delete of nonexisting embedding ID: c89e704d5f2c1fc405c79f1db1f8f077_44
[31mERROR[0m:    [02-07-2026 19:32:48] Failed to send telemetry event CollectionDeleteEvent: capture() takes 1 positional argument but 3 were given
[32mINFO[0m:     [02-07-2026 19:32:48] 127.0.0.1:58567 - "POST /api/v1/collections/04b9833e-32a9-4ce2-877d-ac206ff5d36f/delete HTTP/1.1" 200
[33mWARNING[0m:  [02-07-2026 19:32:48] Delete of nonexisting embedding ID: c89e704d5f2c1fc405c79f1db1f8f077_530
[33mWARNING[0m:  [02-07-2026 19:32:48] Delete of nonexisting embedding ID: c89e704d5f2c1fc405c79f1db1f8f077_530
[31mERROR[0m:    [02-07-2026 19:32:48] Failed to send telemetry event CollectionDeleteEvent: capture() takes 1 positional argument but 3 were given
[32mINFO[0m:     [02-07-2026 19:32:48] 127.0.0.1:58567 - "POST /api/v1/collections/04b9833e-32a9-4ce2-877d-ac206ff5d36f/delete HTTP/1.1" 200
[33mWARNING[0m:  [02-07-2026 19:32:48] Delete of nonexisting embedding ID: c89e704d5f2c1fc405c79f1db1f8f077_537
[33mWARNING[0m:  [02-07-2026 19:32:48] Delete of nonexisting embedding ID: c89e704d5f2c1fc405c79f1db1f8f077_537
[31mERROR[0m:    [02-07-2026 19:32:48] Failed to send telemetry event CollectionDeleteEvent: capture() takes 1 positional argument but 3 were given
[32mINFO[0m:     [02-07-2026 19:32:48] 127.0.0.1:58567 - "POST /api/v1/collections/04b9833e-32a9-4ce2-877d-ac206ff5d36f/delete HTTP/1.1" 200
[33mWARNING[0m:  [02-07-2026 19:32:48] Delete of nonexisting embedding ID: c89e704d5f2c1fc405c79f1db1f8f077_452
[33mWARNING[0m:  [02-07-2026 19:32:48] Delete of nonexisting embedding ID: c89e704d5f2c1fc405c79f1db1f8f077_452
[31mERROR[0m:    [02-07-2026 19:32:48] Failed to send telemetry event CollectionDeleteEvent: capture() takes 1 positional argument but 3 were given
[32mINFO[0m:     [02-07-2026 19:32:48] 127.0.0.1:58567 - "POST /api/v1/collections/04b9833e-32a9-4ce2-877d-ac206ff5d36f/delete HTTP/1.1" 200
[33mWARNING[0m:  [02-07-2026 19:32:48] Delete of nonexisting embedding ID: c89e704d5f2c1fc405c79f1db1f8f077_448
[33mWARNING[0m:  [02-07-2026 19:32:48] Delete of nonexisting embedding ID: c89e704d5f2c1fc405c79f1db1f8f077_448
[31mERROR[0m:    [02-07-2026 19:32:48] Failed to send telemetry event CollectionDeleteEvent: capture() takes 1 positional argument but 3 were given
[32mINFO[0m:     [02-07-2026 19:32:48] 127.0.0.1:58567 - "POST /api/v1/collections/04b9833e-32a9-4ce2-877d-ac206ff5d36f/delete HTTP/1.1" 200
[33mWARNING[0m:  [02-07-2026 19:32:48] Delete of nonexisting embedding ID: c89e704d5f2c1fc405c79f1db1f8f077_482
[33mWARNING[0m:  [02-07-2026 19:32:48] Delete of nonexisting embedding ID: c89e704d5f2c1fc405c79f1db1f8f077_482
[31mERROR[0m:    [02-07-2026 19:32:48] Failed to send telemetry event CollectionDeleteEvent: capture() takes 1 positional argument but 3 were given
[32mINFO[0m:     [02-07-2026 19:32:48] 127.0.0.1:58567 - "POST /api/v1/collections/04b9833e-32a9-4ce2-877d-ac206ff5d36f/delete HTTP/1.1" 200
[33mWARNING[0m:  [02-07-2026 19:32:48] Delete of nonexisting embedding ID: c89e704d5f2c1fc405c79f1db1f8f077_213
[33mWARNING[0m:  [02-07-2026 19:32:48] Delete of nonexisting embedding ID: c89e704d5f2c1fc405c79f1db1f8f077_213
[31mERROR[0m:    [02-07-2026 19:32:48] Failed to send telemetry event CollectionDeleteEvent: capture() takes 1 positional argument but 3 were given
[32mINFO[0m:     [02-07-2026 19:32:48] 127.0.0.1:58567 - "POST /api/v1/collections/04b9833e-32a9-4ce2-877d-ac206ff5d36f/delete HTTP/1.1" 200
[33mWARNING[0m:  [02-07-2026 19:32:48] Delete of nonexisting embedding ID: c89e704d5f2c1fc405c79f1db1f8f077_516
[33mWARNING[0m:  [02-07-2026 19:32:48] Delete of nonexisting embedding ID: c89e704d5f2c1fc405c79f1db1f8f077_516
[31mERROR[0m:    [02-07-2026 19:32:49] Failed to send telemetry event CollectionDeleteEvent: capture() takes 1 positional argument but 3 were given
[32mINFO[0m:     [02-07-2026 19:32:49] 127.0.0.1:58567 - "POST /api/v1/collections/04b9833e-32a9-4ce2-877d-ac206ff5d36f/delete HTTP/1.1" 200
[33mWARNING[0m:  [02-07-2026 19:32:49] Delete of nonexisting embedding ID: c89e704d5f2c1fc405c79f1db1f8f077_393
[33mWARNING[0m:  [02-07-2026 19:32:49] Delete of nonexisting embedding ID: c89e704d5f2c1fc405c79f1db1f8f077_393
[31mERROR[0m:    [02-07-2026 19:32:49] Failed to send telemetry event CollectionDeleteEvent: capture() takes 1 positional argument but 3 were given
[32mINFO[0m:     [02-07-2026 19:32:49] 127.0.0.1:58567 - "POST /api/v1/collections/04b9833e-32a9-4ce2-877d-ac206ff5d36f/delete HTTP/1.1" 200
[33mWARNING[0m:  [02-07-2026 19:32:49] Delete of nonexisting embedding ID: c89e704d5f2c1fc405c79f1db1f8f077_179
[33mWARNING[0m:  [02-07-2026 19:32:49] Delete of nonexisting embedding ID: c89e704d5f2c1fc405c79f1db1f8f077_179
[31mERROR[0m:    [02-07-2026 19:32:49] Failed to send telemetry event CollectionDeleteEvent: capture() takes 1 positional argument but 3 were given
[32mINFO[0m:     [02-07-2026 19:32:49] 127.0.0.1:58567 - "POST /api/v1/collections/04b9833e-32a9-4ce2-877d-ac206ff5d36f/delete HTTP/1.1" 200
[33mWARNING[0m:  [02-07-2026 19:32:49] Delete of nonexisting embedding ID: c89e704d5f2c1fc405c79f1db1f8f077_343
[33mWARNING[0m:  [02-07-2026 19:32:49] Delete of nonexisting embedding ID: c89e704d5f2c1fc405c79f1db1f8f077_343
[31mERROR[0m:    [02-07-2026 19:32:49] Failed to send telemetry event CollectionDeleteEvent: capture() takes 1 positional argument but 3 were given
[32mINFO[0m:     [02-07-2026 19:32:49] 127.0.0.1:58567 - "POST /api/v1/collections/04b9833e-32a9-4ce2-877d-ac206ff5d36f/delete HTTP/1.1" 200
[33mWARNING[0m:  [02-07-2026 19:32:49] Delete of nonexisting embedding ID: c89e704d5f2c1fc405c79f1db1f8f077_432
[33mWARNING[0m:  [02-07-2026 19:32:49] Delete of nonexisting embedding ID: c89e704d5f2c1fc405c79f1db1f8f077_432
[31mERROR[0m:    [02-07-2026 19:32:49] Failed to send telemetry event CollectionDeleteEvent: capture() takes 1 positional argument but 3 were given
[32mINFO[0m:     [02-07-2026 19:32:49] 127.0.0.1:58567 - "POST /api/v1/collections/04b9833e-32a9-4ce2-877d-ac206ff5d36f/delete HTTP/1.1" 200
[33mWARNING[0m:  [02-07-2026 19:32:49] Delete of nonexisting embedding ID: c89e704d5f2c1fc405c79f1db1f8f077_344
[33mWARNING[0m:  [02-07-2026 19:32:49] Delete of nonexisting embedding ID: c89e704d5f2c1fc405c79f1db1f8f077_344
[31mERROR[0m:    [02-07-2026 19:32:49] Failed to send telemetry event CollectionDeleteEvent: capture() takes 1 positional argument but 3 were given
[32mINFO[0m:     [02-07-2026 19:32:49] 127.0.0.1:58567 - "POST /api/v1/collections/04b9833e-32a9-4ce2-877d-ac206ff5d36f/delete HTTP/1.1" 200
[33mWARNING[0m:  [02-07-2026 19:32:49] Delete of nonexisting embedding ID: c89e704d5f2c1fc405c79f1db1f8f077_66
[33mWARNING[0m:  [02-07-2026 19:32:49] Delete of nonexisting embedding ID: c89e704d5f2c1fc405c79f1db1f8f077_66
[31mERROR[0m:    [02-07-2026 19:32:49] Failed to send telemetry event CollectionDeleteEvent: capture() takes 1 positional argument but 3 were given
[32mINFO[0m:     [02-07-2026 19:32:49] 127.0.0.1:58567 - "POST /api/v1/collections/04b9833e-32a9-4ce2-877d-ac206ff5d36f/delete HTTP/1.1" 200
[33mWARNING[0m:  [02-07-2026 19:32:49] Delete of nonexisting embedding ID: c89e704d5f2c1fc405c79f1db1f8f077_513
[33mWARNING[0m:  [02-07-2026 19:32:49] Delete of nonexisting embedding ID: c89e704d5f2c1fc405c79f1db1f8f077_513
[31mERROR[0m:    [02-07-2026 19:32:49] Failed to send telemetry event CollectionDeleteEvent: capture() takes 1 positional argument but 3 were given
[32mINFO[0m:     [02-07-2026 19:32:49] 127.0.0.1:58567 - "POST /api/v1/collections/04b9833e-32a9-4ce2-877d-ac206ff5d36f/delete HTTP/1.1" 200
[33mWARNING[0m:  [02-07-2026 19:32:49] Delete of nonexisting embedding ID: c89e704d5f2c1fc405c79f1db1f8f077_262
[33mWARNING[0m:  [02-07-2026 19:32:49] Delete of nonexisting embedding ID: c89e704d5f2c1fc405c79f1db1f8f077_262
[31mERROR[0m:    [02-07-2026 19:32:50] Failed to send telemetry event CollectionDeleteEvent: capture() takes 1 positional argument but 3 were given
[32mINFO[0m:     [02-07-2026 19:32:50] 127.0.0.1:58567 - "POST /api/v1/collections/04b9833e-32a9-4ce2-877d-ac206ff5d36f/delete HTTP/1.1" 200
[33mWARNING[0m:  [02-07-2026 19:32:50] Delete of nonexisting embedding ID: c89e704d5f2c1fc405c79f1db1f8f077_414
[33mWARNING[0m:  [02-07-2026 19:32:50] Delete of nonexisting embedding ID: c89e704d5f2c1fc405c79f1db1f8f077_414
[31mERROR[0m:    [02-07-2026 19:32:50] Failed to send telemetry event CollectionDeleteEvent: capture() takes 1 positional argument but 3 were given
[32mINFO[0m:     [02-07-2026 19:32:50] 127.0.0.1:58567 - "POST /api/v1/collections/04b9833e-32a9-4ce2-877d-ac206ff5d36f/delete HTTP/1.1" 200
[33mWARNING[0m:  [02-07-2026 19:32:50] Delete of nonexisting embedding ID: c89e704d5f2c1fc405c79f1db1f8f077_72
[33mWARNING[0m:  [02-07-2026 19:32:50] Delete of nonexisting embedding ID: c89e704d5f2c1fc405c79f1db1f8f077_72
[31mERROR[0m:    [02-07-2026 19:32:50] Failed to send telemetry event CollectionDeleteEvent: capture() takes 1 positional argument but 3 were given
[32mINFO[0m:     [02-07-2026 19:32:50] 127.0.0.1:58567 - "POST /api/v1/collections/04b9833e-32a9-4ce2-877d-ac206ff5d36f/delete HTTP/1.1" 200
[33mWARNING[0m:  [02-07-2026 19:32:50] Delete of nonexisting embedding ID: c89e704d5f2c1fc405c79f1db1f8f077_465
[33mWARNING[0m:  [02-07-2026 19:32:50] Delete of nonexisting embedding ID: c89e704d5f2c1fc405c79f1db1f8f077_465
[31mERROR[0m:    [02-07-2026 19:32:51] Failed to send telemetry event CollectionDeleteEvent: capture() takes 1 positional argument but 3 were given
[32mINFO[0m:     [02-07-2026 19:32:51] 127.0.0.1:58567 - "POST /api/v1/collections/04b9833e-32a9-4ce2-877d-ac206ff5d36f/delete HTTP/1.1" 200
[33mWARNING[0m:  [02-07-2026 19:32:51] Delete of nonexisting embedding ID: c89e704d5f2c1fc405c79f1db1f8f077_212
[33mWARNING[0m:  [02-07-2026 19:32:51] Delete of nonexisting embedding ID: c89e704d5f2c1fc405c79f1db1f8f077_212
[31mERROR[0m:    [02-07-2026 19:32:51] Failed to send telemetry event CollectionDeleteEvent: capture() takes 1 positional argument but 3 were given
[32mINFO[0m:     [02-07-2026 19:32:51] 127.0.0.1:58567 - "POST /api/v1/collections/04b9833e-32a9-4ce2-877d-ac206ff5d36f/delete HTTP/1.1" 200
[33mWARNING[0m:  [02-07-2026 19:32:51] Delete of nonexisting embedding ID: c89e704d5f2c1fc405c79f1db1f8f077_145
[33mWARNING[0m:  [02-07-2026 19:32:51] Delete of nonexisting embedding ID: c89e704d5f2c1fc405c79f1db1f8f077_145
[31mERROR[0m:    [02-07-2026 19:32:51] Failed to send telemetry event CollectionDeleteEvent: capture() takes 1 positional argument but 3 were given
[32mINFO[0m:     [02-07-2026 19:32:51] 127.0.0.1:58567 - "POST /api/v1/collections/04b9833e-32a9-4ce2-877d-ac206ff5d36f/delete HTTP/1.1" 200
[33mWARNING[0m:  [02-07-2026 19:32:51] Delete of nonexisting embedding ID: c89e704d5f2c1fc405c79f1db1f8f077_219
[33mWARNING[0m:  [02-07-2026 19:32:51] Delete of nonexisting embedding ID: c89e704d5f2c1fc405c79f1db1f8f077_219
[31mERROR[0m:    [02-07-2026 19:32:51] Failed to send telemetry event CollectionDeleteEvent: capture() takes 1 positional argument but 3 were given
[32mINFO[0m:     [02-07-2026 19:32:51] 127.0.0.1:58567 - "POST /api/v1/collections/04b9833e-32a9-4ce2-877d-ac206ff5d36f/delete HTTP/1.1" 200
[33mWARNING[0m:  [02-07-2026 19:32:51] Delete of nonexisting embedding ID: c89e704d5f2c1fc405c79f1db1f8f077_143
[33mWARNING[0m:  [02-07-2026 19:32:51] Delete of nonexisting embedding ID: c89e704d5f2c1fc405c79f1db1f8f077_143
[31mERROR[0m:    [02-07-2026 19:32:51] Failed to send telemetry event CollectionDeleteEvent: capture() takes 1 positional argument but 3 were given
[32mINFO[0m:     [02-07-2026 19:32:51] 127.0.0.1:58567 - "POST /api/v1/collections/04b9833e-32a9-4ce2-877d-ac206ff5d36f/delete HTTP/1.1" 200
[33mWARNING[0m:  [02-07-2026 19:32:51] Delete of nonexisting embedding ID: c89e704d5f2c1fc405c79f1db1f8f077_170
[33mWARNING[0m:  [02-07-2026 19:32:51] Delete of nonexisting embedding ID: c89e704d5f2c1fc405c79f1db1f8f077_170
[31mERROR[0m:    [02-07-2026 19:32:51] Failed to send telemetry event CollectionDeleteEvent: capture() takes 1 positional argument but 3 were given
[32mINFO[0m:     [02-07-2026 19:32:51] 127.0.0.1:58567 - "POST /api/v1/collections/04b9833e-32a9-4ce2-877d-ac206ff5d36f/delete HTTP/1.1" 200
[33mWARNING[0m:  [02-07-2026 19:32:52] Delete of nonexisting embedding ID: c89e704d5f2c1fc405c79f1db1f8f077_541
[33mWARNING[0m:  [02-07-2026 19:32:52] Delete of nonexisting embedding ID: c89e704d5f2c1fc405c79f1db1f8f077_541
[31mERROR[0m:    [02-07-2026 19:32:52] Failed to send telemetry event CollectionDeleteEvent: capture() takes 1 positional argument but 3 were given
[32mINFO[0m:     [02-07-2026 19:32:52] 127.0.0.1:58567 - "POST /api/v1/collections/04b9833e-32a9-4ce2-877d-ac206ff5d36f/delete HTTP/1.1" 200
[33mWARNING[0m:  [02-07-2026 19:32:52] Delete of nonexisting embedding ID: c89e704d5f2c1fc405c79f1db1f8f077_91
[33mWARNING[0m:  [02-07-2026 19:32:52] Delete of nonexisting embedding ID: c89e704d5f2c1fc405c79f1db1f8f077_91
[31mERROR[0m:    [02-07-2026 19:32:52] Failed to send telemetry event CollectionDeleteEvent: capture() takes 1 positional argument but 3 were given
[32mINFO[0m:     [02-07-2026 19:32:52] 127.0.0.1:58567 - "POST /api/v1/collections/04b9833e-32a9-4ce2-877d-ac206ff5d36f/delete HTTP/1.1" 200
[33mWARNING[0m:  [02-07-2026 19:32:52] Delete of nonexisting embedding ID: c89e704d5f2c1fc405c79f1db1f8f077_551
[33mWARNING[0m:  [02-07-2026 19:32:52] Delete of nonexisting embedding ID: c89e704d5f2c1fc405c79f1db1f8f077_551
[31mERROR[0m:    [02-07-2026 19:32:52] Failed to send telemetry event CollectionDeleteEvent: capture() takes 1 positional argument but 3 were given
[32mINFO[0m:     [02-07-2026 19:32:52] 127.0.0.1:58567 - "POST /api/v1/collections/04b9833e-32a9-4ce2-877d-ac206ff5d36f/delete HTTP/1.1" 200
[33mWARNING[0m:  [02-07-2026 19:32:52] Delete of nonexisting embedding ID: c89e704d5f2c1fc405c79f1db1f8f077_282
[33mWARNING[0m:  [02-07-2026 19:32:52] Delete of nonexisting embedding ID: c89e704d5f2c1fc405c79f1db1f8f077_282
[31mERROR[0m:    [02-07-2026 19:32:52] Failed to send telemetry event CollectionDeleteEvent: capture() takes 1 positional argument but 3 were given
[32mINFO[0m:     [02-07-2026 19:32:52] 127.0.0.1:58567 - "POST /api/v1/collections/04b9833e-32a9-4ce2-877d-ac206ff5d36f/delete HTTP/1.1" 200
[33mWARNING[0m:  [02-07-2026 19:32:52] Delete of nonexisting embedding ID: c89e704d5f2c1fc405c79f1db1f8f077_7
[33mWARNING[0m:  [02-07-2026 19:32:52] Delete of nonexisting embedding ID: c89e704d5f2c1fc405c79f1db1f8f077_7
[31mERROR[0m:    [02-07-2026 19:32:52] Failed to send telemetry event CollectionDeleteEvent: capture() takes 1 positional argument but 3 were given
[32mINFO[0m:     [02-07-2026 19:32:52] 127.0.0.1:58567 - "POST /api/v1/collections/04b9833e-32a9-4ce2-877d-ac206ff5d36f/delete HTTP/1.1" 200
[33mWARNING[0m:  [02-07-2026 19:32:52] Delete of nonexisting embedding ID: c89e704d5f2c1fc405c79f1db1f8f077_146
[33mWARNING[0m:  [02-07-2026 19:32:52] Delete of nonexisting embedding ID: c89e704d5f2c1fc405c79f1db1f8f077_146
[31mERROR[0m:    [02-07-2026 19:32:52] Failed to send telemetry event CollectionDeleteEvent: capture() takes 1 positional argument but 3 were given
[32mINFO[0m:     [02-07-2026 19:32:52] 127.0.0.1:58567 - "POST /api/v1/collections/04b9833e-32a9-4ce2-877d-ac206ff5d36f/delete HTTP/1.1" 200
[33mWARNING[0m:  [02-07-2026 19:32:52] Delete of nonexisting embedding ID: c89e704d5f2c1fc405c79f1db1f8f077_268
[33mWARNING[0m:  [02-07-2026 19:32:52] Delete of nonexisting embedding ID: c89e704d5f2c1fc405c79f1db1f8f077_268
[31mERROR[0m:    [02-07-2026 19:32:53] Failed to send telemetry event CollectionDeleteEvent: capture() takes 1 positional argument but 3 were given
[32mINFO[0m:     [02-07-2026 19:32:53] 127.0.0.1:58567 - "POST /api/v1/collections/04b9833e-32a9-4ce2-877d-ac206ff5d36f/delete HTTP/1.1" 200
[33mWARNING[0m:  [02-07-2026 19:32:53] Delete of nonexisting embedding ID: c89e704d5f2c1fc405c79f1db1f8f077_290
[33mWARNING[0m:  [02-07-2026 19:32:53] Delete of nonexisting embedding ID: c89e704d5f2c1fc405c79f1db1f8f077_290
[31mERROR[0m:    [02-07-2026 19:32:53] Failed to send telemetry event CollectionDeleteEvent: capture() takes 1 positional argument but 3 were given
[32mINFO[0m:     [02-07-2026 19:32:53] 127.0.0.1:58567 - "POST /api/v1/collections/04b9833e-32a9-4ce2-877d-ac206ff5d36f/delete HTTP/1.1" 200
[33mWARNING[0m:  [02-07-2026 19:32:53] Delete of nonexisting embedding ID: c89e704d5f2c1fc405c79f1db1f8f077_509
[33mWARNING[0m:  [02-07-2026 19:32:53] Delete of nonexisting embedding ID: c89e704d5f2c1fc405c79f1db1f8f077_509
[31mERROR[0m:    [02-07-2026 19:32:53] Failed to send telemetry event CollectionDeleteEvent: capture() takes 1 positional argument but 3 were given
[32mINFO[0m:     [02-07-2026 19:32:53] 127.0.0.1:58567 - "POST /api/v1/collections/04b9833e-32a9-4ce2-877d-ac206ff5d36f/delete HTTP/1.1" 200
[33mWARNING[0m:  [02-07-2026 19:32:53] Delete of nonexisting embedding ID: c89e704d5f2c1fc405c79f1db1f8f077_457
[33mWARNING[0m:  [02-07-2026 19:32:53] Delete of nonexisting embedding ID: c89e704d5f2c1fc405c79f1db1f8f077_457
[31mERROR[0m:    [02-07-2026 19:32:53] Failed to send telemetry event CollectionDeleteEvent: capture() takes 1 positional argument but 3 were given
[32mINFO[0m:     [02-07-2026 19:32:53] 127.0.0.1:58567 - "POST /api/v1/collections/04b9833e-32a9-4ce2-877d-ac206ff5d36f/delete HTTP/1.1" 200
[33mWARNING[0m:  [02-07-2026 19:32:53] Delete of nonexisting embedding ID: c89e704d5f2c1fc405c79f1db1f8f077_480
[33mWARNING[0m:  [02-07-2026 19:32:53] Delete of nonexisting embedding ID: c89e704d5f2c1fc405c79f1db1f8f077_480
[31mERROR[0m:    [02-07-2026 19:32:53] Failed to send telemetry event CollectionDeleteEvent: capture() takes 1 positional argument but 3 were given
[32mINFO[0m:     [02-07-2026 19:32:53] 127.0.0.1:58567 - "POST /api/v1/collections/04b9833e-32a9-4ce2-877d-ac206ff5d36f/delete HTTP/1.1" 200
[33mWARNING[0m:  [02-07-2026 19:32:53] Delete of nonexisting embedding ID: c89e704d5f2c1fc405c79f1db1f8f077_288
[33mWARNING[0m:  [02-07-2026 19:32:53] Delete of nonexisting embedding ID: c89e704d5f2c1fc405c79f1db1f8f077_288
[31mERROR[0m:    [02-07-2026 19:32:53] Failed to send telemetry event CollectionDeleteEvent: capture() takes 1 positional argument but 3 were given
[32mINFO[0m:     [02-07-2026 19:32:53] 127.0.0.1:58567 - "POST /api/v1/collections/04b9833e-32a9-4ce2-877d-ac206ff5d36f/delete HTTP/1.1" 200
[33mWARNING[0m:  [02-07-2026 19:32:53] Delete of nonexisting embedding ID: c89e704d5f2c1fc405c79f1db1f8f077_73
[33mWARNING[0m:  [02-07-2026 19:32:53] Delete of nonexisting embedding ID: c89e704d5f2c1fc405c79f1db1f8f077_73
[31mERROR[0m:    [02-07-2026 19:32:54] Failed to send telemetry event CollectionDeleteEvent: capture() takes 1 positional argument but 3 were given
[32mINFO[0m:     [02-07-2026 19:32:54] 127.0.0.1:58567 - "POST /api/v1/collections/04b9833e-32a9-4ce2-877d-ac206ff5d36f/delete HTTP/1.1" 200
[33mWARNING[0m:  [02-07-2026 19:32:54] Delete of nonexisting embedding ID: c89e704d5f2c1fc405c79f1db1f8f077_18
[33mWARNING[0m:  [02-07-2026 19:32:54] Delete of nonexisting embedding ID: c89e704d5f2c1fc405c79f1db1f8f077_18
[31mERROR[0m:    [02-07-2026 19:32:54] Failed to send telemetry event CollectionDeleteEvent: capture() takes 1 positional argument but 3 were given
[32mINFO[0m:     [02-07-2026 19:32:54] 127.0.0.1:58567 - "POST /api/v1/collections/04b9833e-32a9-4ce2-877d-ac206ff5d36f/delete HTTP/1.1" 200
[33mWARNING[0m:  [02-07-2026 19:32:54] Delete of nonexisting embedding ID: c89e704d5f2c1fc405c79f1db1f8f077_300
[33mWARNING[0m:  [02-07-2026 19:32:54] Delete of nonexisting embedding ID: c89e704d5f2c1fc405c79f1db1f8f077_300
[31mERROR[0m:    [02-07-2026 19:32:54] Failed to send telemetry event CollectionDeleteEvent: capture() takes 1 positional argument but 3 were given
[32mINFO[0m:     [02-07-2026 19:32:54] 127.0.0.1:58567 - "POST /api/v1/collections/04b9833e-32a9-4ce2-877d-ac206ff5d36f/delete HTTP/1.1" 200
[33mWARNING[0m:  [02-07-2026 19:32:54] Delete of nonexisting embedding ID: c89e704d5f2c1fc405c79f1db1f8f077_436
[33mWARNING[0m:  [02-07-2026 19:32:54] Delete of nonexisting embedding ID: c89e704d5f2c1fc405c79f1db1f8f077_436
[31mERROR[0m:    [02-07-2026 19:32:54] Failed to send telemetry event CollectionDeleteEvent: capture() takes 1 positional argument but 3 were given
[32mINFO[0m:     [02-07-2026 19:32:54] 127.0.0.1:58567 - "POST /api/v1/collections/04b9833e-32a9-4ce2-877d-ac206ff5d36f/delete HTTP/1.1" 200
[33mWARNING[0m:  [02-07-2026 19:32:54] Delete of nonexisting embedding ID: c89e704d5f2c1fc405c79f1db1f8f077_15
[33mWARNING[0m:  [02-07-2026 19:32:54] Delete of nonexisting embedding ID: c89e704d5f2c1fc405c79f1db1f8f077_15
[31mERROR[0m:    [02-07-2026 19:32:54] Failed to send telemetry event CollectionDeleteEvent: capture() takes 1 positional argument but 3 were given
[32mINFO[0m:     [02-07-2026 19:32:54] 127.0.0.1:58567 - "POST /api/v1/collections/04b9833e-32a9-4ce2-877d-ac206ff5d36f/delete HTTP/1.1" 200
[33mWARNING[0m:  [02-07-2026 19:32:54] Delete of nonexisting embedding ID: c89e704d5f2c1fc405c79f1db1f8f077_349
[33mWARNING[0m:  [02-07-2026 19:32:54] Delete of nonexisting embedding ID: c89e704d5f2c1fc405c79f1db1f8f077_349
[31mERROR[0m:    [02-07-2026 19:32:54] Failed to send telemetry event CollectionDeleteEvent: capture() takes 1 positional argument but 3 were given
[32mINFO[0m:     [02-07-2026 19:32:54] 127.0.0.1:58567 - "POST /api/v1/collections/04b9833e-32a9-4ce2-877d-ac206ff5d36f/delete HTTP/1.1" 200
[33mWARNING[0m:  [02-07-2026 19:32:54] Delete of nonexisting embedding ID: c89e704d5f2c1fc405c79f1db1f8f077_134
[33mWARNING[0m:  [02-07-2026 19:32:54] Delete of nonexisting embedding ID: c89e704d5f2c1fc405c79f1db1f8f077_134
[31mERROR[0m:    [02-07-2026 19:32:54] Failed to send telemetry event CollectionDeleteEvent: capture() takes 1 positional argument but 3 were given
[32mINFO[0m:     [02-07-2026 19:32:54] 127.0.0.1:58567 - "POST /api/v1/collections/04b9833e-32a9-4ce2-877d-ac206ff5d36f/delete HTTP/1.1" 200
[33mWARNING[0m:  [02-07-2026 19:32:54] Delete of nonexisting embedding ID: c89e704d5f2c1fc405c79f1db1f8f077_61
[33mWARNING[0m:  [02-07-2026 19:32:54] Delete of nonexisting embedding ID: c89e704d5f2c1fc405c79f1db1f8f077_61
[31mERROR[0m:    [02-07-2026 19:32:54] Failed to send telemetry event CollectionDeleteEvent: capture() takes 1 positional argument but 3 were given
[32mINFO[0m:     [02-07-2026 19:32:54] 127.0.0.1:58567 - "POST /api/v1/collections/04b9833e-32a9-4ce2-877d-ac206ff5d36f/delete HTTP/1.1" 200
[33mWARNING[0m:  [02-07-2026 19:32:54] Delete of nonexisting embedding ID: c89e704d5f2c1fc405c79f1db1f8f077_454
[33mWARNING[0m:  [02-07-2026 19:32:54] Delete of nonexisting embedding ID: c89e704d5f2c1fc405c79f1db1f8f077_454
[31mERROR[0m:    [02-07-2026 19:32:55] Failed to send telemetry event CollectionDeleteEvent: capture() takes 1 positional argument but 3 were given
[32mINFO[0m:     [02-07-2026 19:32:55] 127.0.0.1:58567 - "POST /api/v1/collections/04b9833e-32a9-4ce2-877d-ac206ff5d36f/delete HTTP/1.1" 200
[33mWARNING[0m:  [02-07-2026 19:32:55] Delete of nonexisting embedding ID: c89e704d5f2c1fc405c79f1db1f8f077_494
[33mWARNING[0m:  [02-07-2026 19:32:55] Delete of nonexisting embedding ID: c89e704d5f2c1fc405c79f1db1f8f077_494
[31mERROR[0m:    [02-07-2026 19:32:55] Failed to send telemetry event CollectionDeleteEvent: capture() takes 1 positional argument but 3 were given
[32mINFO[0m:     [02-07-2026 19:32:55] 127.0.0.1:58567 - "POST /api/v1/collections/04b9833e-32a9-4ce2-877d-ac206ff5d36f/delete HTTP/1.1" 200
[33mWARNING[0m:  [02-07-2026 19:32:55] Delete of nonexisting embedding ID: c89e704d5f2c1fc405c79f1db1f8f077_542
[33mWARNING[0m:  [02-07-2026 19:32:55] Delete of nonexisting embedding ID: c89e704d5f2c1fc405c79f1db1f8f077_542
[31mERROR[0m:    [02-07-2026 19:32:55] Failed to send telemetry event CollectionDeleteEvent: capture() takes 1 positional argument but 3 were given
[32mINFO[0m:     [02-07-2026 19:32:55] 127.0.0.1:58567 - "POST /api/v1/collections/04b9833e-32a9-4ce2-877d-ac206ff5d36f/delete HTTP/1.1" 200
[33mWARNING[0m:  [02-07-2026 19:32:55] Delete of nonexisting embedding ID: c89e704d5f2c1fc405c79f1db1f8f077_29
[33mWARNING[0m:  [02-07-2026 19:32:55] Delete of nonexisting embedding ID: c89e704d5f2c1fc405c79f1db1f8f077_29
[31mERROR[0m:    [02-07-2026 19:32:55] Failed to send telemetry event CollectionDeleteEvent: capture() takes 1 positional argument but 3 were given
[32mINFO[0m:     [02-07-2026 19:32:55] 127.0.0.1:58567 - "POST /api/v1/collections/04b9833e-32a9-4ce2-877d-ac206ff5d36f/delete HTTP/1.1" 200
[33mWARNING[0m:  [02-07-2026 19:32:55] Delete of nonexisting embedding ID: c89e704d5f2c1fc405c79f1db1f8f077_307
[33mWARNING[0m:  [02-07-2026 19:32:55] Delete of nonexisting embedding ID: c89e704d5f2c1fc405c79f1db1f8f077_307
[31mERROR[0m:    [02-07-2026 19:32:55] Failed to send telemetry event CollectionDeleteEvent: capture() takes 1 positional argument but 3 were given
[32mINFO[0m:     [02-07-2026 19:32:55] 127.0.0.1:58567 - "POST /api/v1/collections/04b9833e-32a9-4ce2-877d-ac206ff5d36f/delete HTTP/1.1" 200
[33mWARNING[0m:  [02-07-2026 19:32:55] Delete of nonexisting embedding ID: c89e704d5f2c1fc405c79f1db1f8f077_399
[33mWARNING[0m:  [02-07-2026 19:32:55] Delete of nonexisting embedding ID: c89e704d5f2c1fc405c79f1db1f8f077_399
[31mERROR[0m:    [02-07-2026 19:32:55] Failed to send telemetry event CollectionDeleteEvent: capture() takes 1 positional argument but 3 were given
[32mINFO[0m:     [02-07-2026 19:32:55] 127.0.0.1:58567 - "POST /api/v1/collections/04b9833e-32a9-4ce2-877d-ac206ff5d36f/delete HTTP/1.1" 200
[33mWARNING[0m:  [02-07-2026 19:32:55] Delete of nonexisting embedding ID: c89e704d5f2c1fc405c79f1db1f8f077_382
[33mWARNING[0m:  [02-07-2026 19:32:55] Delete of nonexisting embedding ID: c89e704d5f2c1fc405c79f1db1f8f077_382
[31mERROR[0m:    [02-07-2026 19:32:56] Failed to send telemetry event CollectionDeleteEvent: capture() takes 1 positional argument but 3 were given
[32mINFO[0m:     [02-07-2026 19:32:56] 127.0.0.1:58567 - "POST /api/v1/collections/04b9833e-32a9-4ce2-877d-ac206ff5d36f/delete HTTP/1.1" 200
[33mWARNING[0m:  [02-07-2026 19:32:56] Delete of nonexisting embedding ID: c89e704d5f2c1fc405c79f1db1f8f077_392
[33mWARNING[0m:  [02-07-2026 19:32:56] Delete of nonexisting embedding ID: c89e704d5f2c1fc405c79f1db1f8f077_392
[31mERROR[0m:    [02-07-2026 19:32:56] Failed to send telemetry event CollectionDeleteEvent: capture() takes 1 positional argument but 3 were given
[32mINFO[0m:     [02-07-2026 19:32:56] 127.0.0.1:58567 - "POST /api/v1/collections/04b9833e-32a9-4ce2-877d-ac206ff5d36f/delete HTTP/1.1" 200
[33mWARNING[0m:  [02-07-2026 19:32:56] Delete of nonexisting embedding ID: c89e704d5f2c1fc405c79f1db1f8f077_65
[33mWARNING[0m:  [02-07-2026 19:32:56] Delete of nonexisting embedding ID: c89e704d5f2c1fc405c79f1db1f8f077_65
[31mERROR[0m:    [02-07-2026 19:32:56] Failed to send telemetry event CollectionDeleteEvent: capture() takes 1 positional argument but 3 were given
[32mINFO[0m:     [02-07-2026 19:32:56] 127.0.0.1:58567 - "POST /api/v1/collections/04b9833e-32a9-4ce2-877d-ac206ff5d36f/delete HTTP/1.1" 200
[33mWARNING[0m:  [02-07-2026 19:32:56] Delete of nonexisting embedding ID: c89e704d5f2c1fc405c79f1db1f8f077_232
[33mWARNING[0m:  [02-07-2026 19:32:56] Delete of nonexisting embedding ID: c89e704d5f2c1fc405c79f1db1f8f077_232
[31mERROR[0m:    [02-07-2026 19:32:57] Failed to send telemetry event CollectionDeleteEvent: capture() takes 1 positional argument but 3 were given
[32mINFO[0m:     [02-07-2026 19:32:57] 127.0.0.1:58567 - "POST /api/v1/collections/04b9833e-32a9-4ce2-877d-ac206ff5d36f/delete HTTP/1.1" 200
[33mWARNING[0m:  [02-07-2026 19:32:57] Delete of nonexisting embedding ID: c89e704d5f2c1fc405c79f1db1f8f077_49
[33mWARNING[0m:  [02-07-2026 19:32:57] Delete of nonexisting embedding ID: c89e704d5f2c1fc405c79f1db1f8f077_49
[31mERROR[0m:    [02-07-2026 19:32:57] Failed to send telemetry event CollectionDeleteEvent: capture() takes 1 positional argument but 3 were given
[32mINFO[0m:     [02-07-2026 19:32:57] 127.0.0.1:58567 - "POST /api/v1/collections/04b9833e-32a9-4ce2-877d-ac206ff5d36f/delete HTTP/1.1" 200
[33mWARNING[0m:  [02-07-2026 19:32:57] Delete of nonexisting embedding ID: c89e704d5f2c1fc405c79f1db1f8f077_21
[33mWARNING[0m:  [02-07-2026 19:32:57] Delete of nonexisting embedding ID: c89e704d5f2c1fc405c79f1db1f8f077_21
[31mERROR[0m:    [02-07-2026 19:32:57] Failed to send telemetry event CollectionDeleteEvent: capture() takes 1 positional argument but 3 were given
[32mINFO[0m:     [02-07-2026 19:32:57] 127.0.0.1:58567 - "POST /api/v1/collections/04b9833e-32a9-4ce2-877d-ac206ff5d36f/delete HTTP/1.1" 200
[33mWARNING[0m:  [02-07-2026 19:32:57] Delete of nonexisting embedding ID: c89e704d5f2c1fc405c79f1db1f8f077_141
[33mWARNING[0m:  [02-07-2026 19:32:57] Delete of nonexisting embedding ID: c89e704d5f2c1fc405c79f1db1f8f077_141
[31mERROR[0m:    [02-07-2026 19:32:57] Failed to send telemetry event CollectionDeleteEvent: capture() takes 1 positional argument but 3 were given
[32mINFO[0m:     [02-07-2026 19:32:57] 127.0.0.1:58567 - "POST /api/v1/collections/04b9833e-32a9-4ce2-877d-ac206ff5d36f/delete HTTP/1.1" 200
[33mWARNING[0m:  [02-07-2026 19:32:57] Delete of nonexisting embedding ID: c89e704d5f2c1fc405c79f1db1f8f077_240
[33mWARNING[0m:  [02-07-2026 19:32:57] Delete of nonexisting embedding ID: c89e704d5f2c1fc405c79f1db1f8f077_240
[31mERROR[0m:    [02-07-2026 19:32:57] Failed to send telemetry event CollectionDeleteEvent: capture() takes 1 positional argument but 3 were given
[32mINFO[0m:     [02-07-2026 19:32:57] 127.0.0.1:58567 - "POST /api/v1/collections/04b9833e-32a9-4ce2-877d-ac206ff5d36f/delete HTTP/1.1" 200
[33mWARNING[0m:  [02-07-2026 19:32:57] Delete of nonexisting embedding ID: c89e704d5f2c1fc405c79f1db1f8f077_283
[33mWARNING[0m:  [02-07-2026 19:32:57] Delete of nonexisting embedding ID: c89e704d5f2c1fc405c79f1db1f8f077_283
[31mERROR[0m:    [02-07-2026 19:32:57] Failed to send telemetry event CollectionDeleteEvent: capture() takes 1 positional argument but 3 were given
[32mINFO[0m:     [02-07-2026 19:32:57] 127.0.0.1:58567 - "POST /api/v1/collections/04b9833e-32a9-4ce2-877d-ac206ff5d36f/delete HTTP/1.1" 200
[33mWARNING[0m:  [02-07-2026 19:32:57] Delete of nonexisting embedding ID: c89e704d5f2c1fc405c79f1db1f8f077_45
[33mWARNING[0m:  [02-07-2026 19:32:57] Delete of nonexisting embedding ID: c89e704d5f2c1fc405c79f1db1f8f077_45
[31mERROR[0m:    [02-07-2026 19:32:57] Failed to send telemetry event CollectionDeleteEvent: capture() takes 1 positional argument but 3 were given
[32mINFO[0m:     [02-07-2026 19:32:57] 127.0.0.1:58567 - "POST /api/v1/collections/04b9833e-32a9-4ce2-877d-ac206ff5d36f/delete HTTP/1.1" 200
[33mWARNING[0m:  [02-07-2026 19:32:57] Delete of nonexisting embedding ID: c89e704d5f2c1fc405c79f1db1f8f077_144
[33mWARNING[0m:  [02-07-2026 19:32:57] Delete of nonexisting embedding ID: c89e704d5f2c1fc405c79f1db1f8f077_144
[31mERROR[0m:    [02-07-2026 19:32:58] Failed to send telemetry event CollectionDeleteEvent: capture() takes 1 positional argument but 3 were given
[32mINFO[0m:     [02-07-2026 19:32:58] 127.0.0.1:58567 - "POST /api/v1/collections/04b9833e-32a9-4ce2-877d-ac206ff5d36f/delete HTTP/1.1" 200
[33mWARNING[0m:  [02-07-2026 19:32:58] Delete of nonexisting embedding ID: c89e704d5f2c1fc405c79f1db1f8f077_14
[33mWARNING[0m:  [02-07-2026 19:32:58] Delete of nonexisting embedding ID: c89e704d5f2c1fc405c79f1db1f8f077_14
[31mERROR[0m:    [02-07-2026 19:32:58] Failed to send telemetry event CollectionDeleteEvent: capture() takes 1 positional argument but 3 were given
[32mINFO[0m:     [02-07-2026 19:32:58] 127.0.0.1:58567 - "POST /api/v1/collections/04b9833e-32a9-4ce2-877d-ac206ff5d36f/delete HTTP/1.1" 200
[33mWARNING[0m:  [02-07-2026 19:32:58] Delete of nonexisting embedding ID: c89e704d5f2c1fc405c79f1db1f8f077_75
[33mWARNING[0m:  [02-07-2026 19:32:58] Delete of nonexisting embedding ID: c89e704d5f2c1fc405c79f1db1f8f077_75
[31mERROR[0m:    [02-07-2026 19:32:58] Failed to send telemetry event CollectionDeleteEvent: capture() takes 1 positional argument but 3 were given
[32mINFO[0m:     [02-07-2026 19:32:58] 127.0.0.1:58567 - "POST /api/v1/collections/04b9833e-32a9-4ce2-877d-ac206ff5d36f/delete HTTP/1.1" 200
[33mWARNING[0m:  [02-07-2026 19:32:58] Delete of nonexisting embedding ID: c89e704d5f2c1fc405c79f1db1f8f077_447
[33mWARNING[0m:  [02-07-2026 19:32:58] Delete of nonexisting embedding ID: c89e704d5f2c1fc405c79f1db1f8f077_447
[31mERROR[0m:    [02-07-2026 19:32:58] Failed to send telemetry event CollectionDeleteEvent: capture() takes 1 positional argument but 3 were given
[32mINFO[0m:     [02-07-2026 19:32:58] 127.0.0.1:58567 - "POST /api/v1/collections/04b9833e-32a9-4ce2-877d-ac206ff5d36f/delete HTTP/1.1" 200
[33mWARNING[0m:  [02-07-2026 19:32:58] Delete of nonexisting embedding ID: c89e704d5f2c1fc405c79f1db1f8f077_186
[33mWARNING[0m:  [02-07-2026 19:32:58] Delete of nonexisting embedding ID: c89e704d5f2c1fc405c79f1db1f8f077_186
[31mERROR[0m:    [02-07-2026 19:32:58] Failed to send telemetry event CollectionDeleteEvent: capture() takes 1 positional argument but 3 were given
[32mINFO[0m:     [02-07-2026 19:32:58] 127.0.0.1:58567 - "POST /api/v1/collections/04b9833e-32a9-4ce2-877d-ac206ff5d36f/delete HTTP/1.1" 200
[33mWARNING[0m:  [02-07-2026 19:32:58] Delete of nonexisting embedding ID: c89e704d5f2c1fc405c79f1db1f8f077_107
[33mWARNING[0m:  [02-07-2026 19:32:58] Delete of nonexisting embedding ID: c89e704d5f2c1fc405c79f1db1f8f077_107
[31mERROR[0m:    [02-07-2026 19:32:58] Failed to send telemetry event CollectionDeleteEvent: capture() takes 1 positional argument but 3 were given
[32mINFO[0m:     [02-07-2026 19:32:58] 127.0.0.1:58567 - "POST /api/v1/collections/04b9833e-32a9-4ce2-877d-ac206ff5d36f/delete HTTP/1.1" 200
[33mWARNING[0m:  [02-07-2026 19:32:58] Delete of nonexisting embedding ID: c89e704d5f2c1fc405c79f1db1f8f077_135
[33mWARNING[0m:  [02-07-2026 19:32:58] Delete of nonexisting embedding ID: c89e704d5f2c1fc405c79f1db1f8f077_135
[31mERROR[0m:    [02-07-2026 19:32:59] Failed to send telemetry event CollectionDeleteEvent: capture() takes 1 positional argument but 3 were given
[32mINFO[0m:     [02-07-2026 19:32:59] 127.0.0.1:58567 - "POST /api/v1/collections/04b9833e-32a9-4ce2-877d-ac206ff5d36f/delete HTTP/1.1" 200
[33mWARNING[0m:  [02-07-2026 19:32:59] Delete of nonexisting embedding ID: c89e704d5f2c1fc405c79f1db1f8f077_36
[33mWARNING[0m:  [02-07-2026 19:32:59] Delete of nonexisting embedding ID: c89e704d5f2c1fc405c79f1db1f8f077_36
[31mERROR[0m:    [02-07-2026 19:32:59] Failed to send telemetry event CollectionDeleteEvent: capture() takes 1 positional argument but 3 were given
[32mINFO[0m:     [02-07-2026 19:32:59] 127.0.0.1:58567 - "POST /api/v1/collections/04b9833e-32a9-4ce2-877d-ac206ff5d36f/delete HTTP/1.1" 200
[33mWARNING[0m:  [02-07-2026 19:32:59] Delete of nonexisting embedding ID: c89e704d5f2c1fc405c79f1db1f8f077_74
[33mWARNING[0m:  [02-07-2026 19:32:59] Delete of nonexisting embedding ID: c89e704d5f2c1fc405c79f1db1f8f077_74
[31mERROR[0m:    [02-07-2026 19:32:59] Failed to send telemetry event CollectionDeleteEvent: capture() takes 1 positional argument but 3 were given
[32mINFO[0m:     [02-07-2026 19:32:59] 127.0.0.1:58567 - "POST /api/v1/collections/04b9833e-32a9-4ce2-877d-ac206ff5d36f/delete HTTP/1.1" 200
[33mWARNING[0m:  [02-07-2026 19:32:59] Delete of nonexisting embedding ID: c89e704d5f2c1fc405c79f1db1f8f077_278
[33mWARNING[0m:  [02-07-2026 19:32:59] Delete of nonexisting embedding ID: c89e704d5f2c1fc405c79f1db1f8f077_278
[31mERROR[0m:    [02-07-2026 19:32:59] Failed to send telemetry event CollectionDeleteEvent: capture() takes 1 positional argument but 3 were given
[32mINFO[0m:     [02-07-2026 19:32:59] 127.0.0.1:58567 - "POST /api/v1/collections/04b9833e-32a9-4ce2-877d-ac206ff5d36f/delete HTTP/1.1" 200
[33mWARNING[0m:  [02-07-2026 19:32:59] Delete of nonexisting embedding ID: c89e704d5f2c1fc405c79f1db1f8f077_112
[33mWARNING[0m:  [02-07-2026 19:32:59] Delete of nonexisting embedding ID: c89e704d5f2c1fc405c79f1db1f8f077_112
[31mERROR[0m:    [02-07-2026 19:32:59] Failed to send telemetry event CollectionDeleteEvent: capture() takes 1 positional argument but 3 were given
[32mINFO[0m:     [02-07-2026 19:32:59] 127.0.0.1:58567 - "POST /api/v1/collections/04b9833e-32a9-4ce2-877d-ac206ff5d36f/delete HTTP/1.1" 200
[33mWARNING[0m:  [02-07-2026 19:32:59] Delete of nonexisting embedding ID: c89e704d5f2c1fc405c79f1db1f8f077_280
[33mWARNING[0m:  [02-07-2026 19:32:59] Delete of nonexisting embedding ID: c89e704d5f2c1fc405c79f1db1f8f077_280
[31mERROR[0m:    [02-07-2026 19:32:59] Failed to send telemetry event CollectionDeleteEvent: capture() takes 1 positional argument but 3 were given
[32mINFO[0m:     [02-07-2026 19:32:59] 127.0.0.1:58567 - "POST /api/v1/collections/04b9833e-32a9-4ce2-877d-ac206ff5d36f/delete HTTP/1.1" 200
[33mWARNING[0m:  [02-07-2026 19:32:59] Delete of nonexisting embedding ID: c89e704d5f2c1fc405c79f1db1f8f077_162
[33mWARNING[0m:  [02-07-2026 19:32:59] Delete of nonexisting embedding ID: c89e704d5f2c1fc405c79f1db1f8f077_162
[31mERROR[0m:    [02-07-2026 19:32:59] Failed to send telemetry event CollectionDeleteEvent: capture() takes 1 positional argument but 3 were given
[32mINFO[0m:     [02-07-2026 19:32:59] 127.0.0.1:58567 - "POST /api/v1/collections/04b9833e-32a9-4ce2-877d-ac206ff5d36f/delete HTTP/1.1" 200
[33mWARNING[0m:  [02-07-2026 19:32:59] Delete of nonexisting embedding ID: c89e704d5f2c1fc405c79f1db1f8f077_285
[33mWARNING[0m:  [02-07-2026 19:32:59] Delete of nonexisting embedding ID: c89e704d5f2c1fc405c79f1db1f8f077_285
[31mERROR[0m:    [02-07-2026 19:33:00] Failed to send telemetry event CollectionDeleteEvent: capture() takes 1 positional argument but 3 were given
[32mINFO[0m:     [02-07-2026 19:33:00] 127.0.0.1:58567 - "POST /api/v1/collections/04b9833e-32a9-4ce2-877d-ac206ff5d36f/delete HTTP/1.1" 200
[33mWARNING[0m:  [02-07-2026 19:33:00] Delete of nonexisting embedding ID: c89e704d5f2c1fc405c79f1db1f8f077_417
[33mWARNING[0m:  [02-07-2026 19:33:00] Delete of nonexisting embedding ID: c89e704d5f2c1fc405c79f1db1f8f077_417
[31mERROR[0m:    [02-07-2026 19:33:00] Failed to send telemetry event CollectionDeleteEvent: capture() takes 1 positional argument but 3 were given
[32mINFO[0m:     [02-07-2026 19:33:00] 127.0.0.1:58567 - "POST /api/v1/collections/04b9833e-32a9-4ce2-877d-ac206ff5d36f/delete HTTP/1.1" 200
[33mWARNING[0m:  [02-07-2026 19:33:00] Delete of nonexisting embedding ID: c89e704d5f2c1fc405c79f1db1f8f077_389
[33mWARNING[0m:  [02-07-2026 19:33:00] Delete of nonexisting embedding ID: c89e704d5f2c1fc405c79f1db1f8f077_389
[31mERROR[0m:    [02-07-2026 19:33:00] Failed to send telemetry event CollectionDeleteEvent: capture() takes 1 positional argument but 3 were given
[32mINFO[0m:     [02-07-2026 19:33:00] 127.0.0.1:58567 - "POST /api/v1/collections/04b9833e-32a9-4ce2-877d-ac206ff5d36f/delete HTTP/1.1" 200
[33mWARNING[0m:  [02-07-2026 19:33:00] Delete of nonexisting embedding ID: c89e704d5f2c1fc405c79f1db1f8f077_255
[33mWARNING[0m:  [02-07-2026 19:33:00] Delete of nonexisting embedding ID: c89e704d5f2c1fc405c79f1db1f8f077_255
[31mERROR[0m:    [02-07-2026 19:33:00] Failed to send telemetry event CollectionDeleteEvent: capture() takes 1 positional argument but 3 were given
[32mINFO[0m:     [02-07-2026 19:33:00] 127.0.0.1:58567 - "POST /api/v1/collections/04b9833e-32a9-4ce2-877d-ac206ff5d36f/delete HTTP/1.1" 200
[33mWARNING[0m:  [02-07-2026 19:33:00] Delete of nonexisting embedding ID: c89e704d5f2c1fc405c79f1db1f8f077_355
[33mWARNING[0m:  [02-07-2026 19:33:00] Delete of nonexisting embedding ID: c89e704d5f2c1fc405c79f1db1f8f077_355
[31mERROR[0m:    [02-07-2026 19:33:01] Failed to send telemetry event CollectionDeleteEvent: capture() takes 1 positional argument but 3 were given
[32mINFO[0m:     [02-07-2026 19:33:01] 127.0.0.1:58567 - "POST /api/v1/collections/04b9833e-32a9-4ce2-877d-ac206ff5d36f/delete HTTP/1.1" 200
[33mWARNING[0m:  [02-07-2026 19:33:01] Delete of nonexisting embedding ID: c89e704d5f2c1fc405c79f1db1f8f077_463
[33mWARNING[0m:  [02-07-2026 19:33:01] Delete of nonexisting embedding ID: c89e704d5f2c1fc405c79f1db1f8f077_463
[31mERROR[0m:    [02-07-2026 19:33:01] Failed to send telemetry event CollectionDeleteEvent: capture() takes 1 positional argument but 3 were given
[32mINFO[0m:     [02-07-2026 19:33:01] 127.0.0.1:58567 - "POST /api/v1/collections/04b9833e-32a9-4ce2-877d-ac206ff5d36f/delete HTTP/1.1" 200
[33mWARNING[0m:  [02-07-2026 19:33:01] Delete of nonexisting embedding ID: c89e704d5f2c1fc405c79f1db1f8f077_326
[33mWARNING[0m:  [02-07-2026 19:33:01] Delete of nonexisting embedding ID: c89e704d5f2c1fc405c79f1db1f8f077_326
[31mERROR[0m:    [02-07-2026 19:33:01] Failed to send telemetry event CollectionDeleteEvent: capture() takes 1 positional argument but 3 were given
[32mINFO[0m:     [02-07-2026 19:33:01] 127.0.0.1:58567 - "POST /api/v1/collections/04b9833e-32a9-4ce2-877d-ac206ff5d36f/delete HTTP/1.1" 200
[33mWARNING[0m:  [02-07-2026 19:33:01] Delete of nonexisting embedding ID: c89e704d5f2c1fc405c79f1db1f8f077_372
[33mWARNING[0m:  [02-07-2026 19:33:01] Delete of nonexisting embedding ID: c89e704d5f2c1fc405c79f1db1f8f077_372
[31mERROR[0m:    [02-07-2026 19:33:01] Failed to send telemetry event CollectionDeleteEvent: capture() takes 1 positional argument but 3 were given
[32mINFO[0m:     [02-07-2026 19:33:01] 127.0.0.1:58567 - "POST /api/v1/collections/04b9833e-32a9-4ce2-877d-ac206ff5d36f/delete HTTP/1.1" 200
[33mWARNING[0m:  [02-07-2026 19:33:01] Delete of nonexisting embedding ID: c89e704d5f2c1fc405c79f1db1f8f077_136
[33mWARNING[0m:  [02-07-2026 19:33:01] Delete of nonexisting embedding ID: c89e704d5f2c1fc405c79f1db1f8f077_136
[31mERROR[0m:    [02-07-2026 19:33:02] Failed to send telemetry event CollectionDeleteEvent: capture() takes 1 positional argument but 3 were given
[32mINFO[0m:     [02-07-2026 19:33:02] 127.0.0.1:58567 - "POST /api/v1/collections/04b9833e-32a9-4ce2-877d-ac206ff5d36f/delete HTTP/1.1" 200
[33mWARNING[0m:  [02-07-2026 19:33:02] Delete of nonexisting embedding ID: c89e704d5f2c1fc405c79f1db1f8f077_514
[33mWARNING[0m:  [02-07-2026 19:33:02] Delete of nonexisting embedding ID: c89e704d5f2c1fc405c79f1db1f8f077_514
[31mERROR[0m:    [02-07-2026 19:33:02] Failed to send telemetry event CollectionDeleteEvent: capture() takes 1 positional argument but 3 were given
[32mINFO[0m:     [02-07-2026 19:33:02] 127.0.0.1:58567 - "POST /api/v1/collections/04b9833e-32a9-4ce2-877d-ac206ff5d36f/delete HTTP/1.1" 200
[33mWARNING[0m:  [02-07-2026 19:33:02] Delete of nonexisting embedding ID: c89e704d5f2c1fc405c79f1db1f8f077_289
[33mWARNING[0m:  [02-07-2026 19:33:02] Delete of nonexisting embedding ID: c89e704d5f2c1fc405c79f1db1f8f077_289
[31mERROR[0m:    [02-07-2026 19:33:02] Failed to send telemetry event CollectionDeleteEvent: capture() takes 1 positional argument but 3 were given
[32mINFO[0m:     [02-07-2026 19:33:02] 127.0.0.1:58567 - "POST /api/v1/collections/04b9833e-32a9-4ce2-877d-ac206ff5d36f/delete HTTP/1.1" 200
[33mWARNING[0m:  [02-07-2026 19:33:02] Delete of nonexisting embedding ID: c89e704d5f2c1fc405c79f1db1f8f077_377
[33mWARNING[0m:  [02-07-2026 19:33:02] Delete of nonexisting embedding ID: c89e704d5f2c1fc405c79f1db1f8f077_377
[31mERROR[0m:    [02-07-2026 19:33:03] Failed to send telemetry event CollectionDeleteEvent: capture() takes 1 positional argument but 3 were given
[32mINFO[0m:     [02-07-2026 19:33:03] 127.0.0.1:58567 - "POST /api/v1/collections/04b9833e-32a9-4ce2-877d-ac206ff5d36f/delete HTTP/1.1" 200
[33mWARNING[0m:  [02-07-2026 19:33:03] Delete of nonexisting embedding ID: c89e704d5f2c1fc405c79f1db1f8f077_223
[33mWARNING[0m:  [02-07-2026 19:33:03] Delete of nonexisting embedding ID: c89e704d5f2c1fc405c79f1db1f8f077_223
[31mERROR[0m:    [02-07-2026 19:33:03] Failed to send telemetry event CollectionDeleteEvent: capture() takes 1 positional argument but 3 were given
[32mINFO[0m:     [02-07-2026 19:33:03] 127.0.0.1:58567 - "POST /api/v1/collections/04b9833e-32a9-4ce2-877d-ac206ff5d36f/delete HTTP/1.1" 200
[33mWARNING[0m:  [02-07-2026 19:33:03] Delete of nonexisting embedding ID: c89e704d5f2c1fc405c79f1db1f8f077_140
[33mWARNING[0m:  [02-07-2026 19:33:03] Delete of nonexisting embedding ID: c89e704d5f2c1fc405c79f1db1f8f077_140
[31mERROR[0m:    [02-07-2026 19:33:03] Failed to send telemetry event CollectionDeleteEvent: capture() takes 1 positional argument but 3 were given
[32mINFO[0m:     [02-07-2026 19:33:03] 127.0.0.1:58567 - "POST /api/v1/collections/04b9833e-32a9-4ce2-877d-ac206ff5d36f/delete HTTP/1.1" 200
[33mWARNING[0m:  [02-07-2026 19:33:03] Delete of nonexisting embedding ID: c89e704d5f2c1fc405c79f1db1f8f077_291
[33mWARNING[0m:  [02-07-2026 19:33:03] Delete of nonexisting embedding ID: c89e704d5f2c1fc405c79f1db1f8f077_291
[31mERROR[0m:    [02-07-2026 19:33:03] Failed to send telemetry event CollectionDeleteEvent: capture() takes 1 positional argument but 3 were given
[32mINFO[0m:     [02-07-2026 19:33:03] 127.0.0.1:58567 - "POST /api/v1/collections/04b9833e-32a9-4ce2-877d-ac206ff5d36f/delete HTTP/1.1" 200
[33mWARNING[0m:  [02-07-2026 19:33:03] Delete of nonexisting embedding ID: c89e704d5f2c1fc405c79f1db1f8f077_526
[33mWARNING[0m:  [02-07-2026 19:33:03] Delete of nonexisting embedding ID: c89e704d5f2c1fc405c79f1db1f8f077_526
[31mERROR[0m:    [02-07-2026 19:33:03] Failed to send telemetry event CollectionDeleteEvent: capture() takes 1 positional argument but 3 were given
[32mINFO[0m:     [02-07-2026 19:33:03] 127.0.0.1:58567 - "POST /api/v1/collections/04b9833e-32a9-4ce2-877d-ac206ff5d36f/delete HTTP/1.1" 200
[33mWARNING[0m:  [02-07-2026 19:33:03] Delete of nonexisting embedding ID: c89e704d5f2c1fc405c79f1db1f8f077_524
[33mWARNING[0m:  [02-07-2026 19:33:03] Delete of nonexisting embedding ID: c89e704d5f2c1fc405c79f1db1f8f077_524
[31mERROR[0m:    [02-07-2026 19:33:03] Failed to send telemetry event CollectionDeleteEvent: capture() takes 1 positional argument but 3 were given
[32mINFO[0m:     [02-07-2026 19:33:03] 127.0.0.1:58567 - "POST /api/v1/collections/04b9833e-32a9-4ce2-877d-ac206ff5d36f/delete HTTP/1.1" 200
[33mWARNING[0m:  [02-07-2026 19:33:03] Delete of nonexisting embedding ID: c89e704d5f2c1fc405c79f1db1f8f077_90
[33mWARNING[0m:  [02-07-2026 19:33:03] Delete of nonexisting embedding ID: c89e704d5f2c1fc405c79f1db1f8f077_90
[31mERROR[0m:    [02-07-2026 19:33:03] Failed to send telemetry event CollectionDeleteEvent: capture() takes 1 positional argument but 3 were given
[32mINFO[0m:     [02-07-2026 19:33:03] 127.0.0.1:58567 - "POST /api/v1/collections/04b9833e-32a9-4ce2-877d-ac206ff5d36f/delete HTTP/1.1" 200
[33mWARNING[0m:  [02-07-2026 19:33:03] Delete of nonexisting embedding ID: c89e704d5f2c1fc405c79f1db1f8f077_357
[33mWARNING[0m:  [02-07-2026 19:33:03] Delete of nonexisting embedding ID: c89e704d5f2c1fc405c79f1db1f8f077_357
[31mERROR[0m:    [02-07-2026 19:33:04] Failed to send telemetry event CollectionDeleteEvent: capture() takes 1 positional argument but 3 were given
[32mINFO[0m:     [02-07-2026 19:33:04] 127.0.0.1:58567 - "POST /api/v1/collections/04b9833e-32a9-4ce2-877d-ac206ff5d36f/delete HTTP/1.1" 200
[33mWARNING[0m:  [02-07-2026 19:33:04] Delete of nonexisting embedding ID: c89e704d5f2c1fc405c79f1db1f8f077_506
[33mWARNING[0m:  [02-07-2026 19:33:04] Delete of nonexisting embedding ID: c89e704d5f2c1fc405c79f1db1f8f077_506
[31mERROR[0m:    [02-07-2026 19:33:04] Failed to send telemetry event CollectionDeleteEvent: capture() takes 1 positional argument but 3 were given
[32mINFO[0m:     [02-07-2026 19:33:04] 127.0.0.1:58567 - "POST /api/v1/collections/04b9833e-32a9-4ce2-877d-ac206ff5d36f/delete HTTP/1.1" 200
[33mWARNING[0m:  [02-07-2026 19:33:04] Delete of nonexisting embedding ID: c89e704d5f2c1fc405c79f1db1f8f077_34
[33mWARNING[0m:  [02-07-2026 19:33:04] Delete of nonexisting embedding ID: c89e704d5f2c1fc405c79f1db1f8f077_34
[31mERROR[0m:    [02-07-2026 19:33:04] Failed to send telemetry event CollectionDeleteEvent: capture() takes 1 positional argument but 3 were given
[32mINFO[0m:     [02-07-2026 19:33:04] 127.0.0.1:58567 - "POST /api/v1/collections/04b9833e-32a9-4ce2-877d-ac206ff5d36f/delete HTTP/1.1" 200
[33mWARNING[0m:  [02-07-2026 19:33:04] Delete of nonexisting embedding ID: c89e704d5f2c1fc405c79f1db1f8f077_276
[33mWARNING[0m:  [02-07-2026 19:33:04] Delete of nonexisting embedding ID: c89e704d5f2c1fc405c79f1db1f8f077_276
[31mERROR[0m:    [02-07-2026 19:33:04] Failed to send telemetry event CollectionDeleteEvent: capture() takes 1 positional argument but 3 were given
[32mINFO[0m:     [02-07-2026 19:33:04] 127.0.0.1:58567 - "POST /api/v1/collections/04b9833e-32a9-4ce2-877d-ac206ff5d36f/delete HTTP/1.1" 200
[33mWARNING[0m:  [02-07-2026 19:33:04] Delete of nonexisting embedding ID: c89e704d5f2c1fc405c79f1db1f8f077_398
[33mWARNING[0m:  [02-07-2026 19:33:04] Delete of nonexisting embedding ID: c89e704d5f2c1fc405c79f1db1f8f077_398
[31mERROR[0m:    [02-07-2026 19:33:04] Failed to send telemetry event CollectionDeleteEvent: capture() takes 1 positional argument but 3 were given
[32mINFO[0m:     [02-07-2026 19:33:04] 127.0.0.1:58567 - "POST /api/v1/collections/04b9833e-32a9-4ce2-877d-ac206ff5d36f/delete HTTP/1.1" 200
[33mWARNING[0m:  [02-07-2026 19:33:04] Delete of nonexisting embedding ID: c89e704d5f2c1fc405c79f1db1f8f077_122
[33mWARNING[0m:  [02-07-2026 19:33:04] Delete of nonexisting embedding ID: c89e704d5f2c1fc405c79f1db1f8f077_122
[31mERROR[0m:    [02-07-2026 19:33:04] Failed to send telemetry event CollectionDeleteEvent: capture() takes 1 positional argument but 3 were given
[32mINFO[0m:     [02-07-2026 19:33:04] 127.0.0.1:58567 - "POST /api/v1/collections/04b9833e-32a9-4ce2-877d-ac206ff5d36f/delete HTTP/1.1" 200
[33mWARNING[0m:  [02-07-2026 19:33:04] Delete of nonexisting embedding ID: c89e704d5f2c1fc405c79f1db1f8f077_390
[33mWARNING[0m:  [02-07-2026 19:33:04] Delete of nonexisting embedding ID: c89e704d5f2c1fc405c79f1db1f8f077_390
[31mERROR[0m:    [02-07-2026 19:33:04] Failed to send telemetry event CollectionDeleteEvent: capture() takes 1 positional argument but 3 were given
[32mINFO[0m:     [02-07-2026 19:33:04] 127.0.0.1:58567 - "POST /api/v1/collections/04b9833e-32a9-4ce2-877d-ac206ff5d36f/delete HTTP/1.1" 200
[33mWARNING[0m:  [02-07-2026 19:33:04] Delete of nonexisting embedding ID: c89e704d5f2c1fc405c79f1db1f8f077_195
[33mWARNING[0m:  [02-07-2026 19:33:04] Delete of nonexisting embedding ID: c89e704d5f2c1fc405c79f1db1f8f077_195
[31mERROR[0m:    [02-07-2026 19:33:05] Failed to send telemetry event CollectionDeleteEvent: capture() takes 1 positional argument but 3 were given
[32mINFO[0m:     [02-07-2026 19:33:05] 127.0.0.1:58567 - "POST /api/v1/collections/04b9833e-32a9-4ce2-877d-ac206ff5d36f/delete HTTP/1.1" 200
[33mWARNING[0m:  [02-07-2026 19:33:05] Delete of nonexisting embedding ID: c89e704d5f2c1fc405c79f1db1f8f077_155
[33mWARNING[0m:  [02-07-2026 19:33:05] Delete of nonexisting embedding ID: c89e704d5f2c1fc405c79f1db1f8f077_155
[31mERROR[0m:    [02-07-2026 19:33:05] Failed to send telemetry event CollectionDeleteEvent: capture() takes 1 positional argument but 3 were given
[32mINFO[0m:     [02-07-2026 19:33:05] 127.0.0.1:58567 - "POST /api/v1/collections/04b9833e-32a9-4ce2-877d-ac206ff5d36f/delete HTTP/1.1" 200
[33mWARNING[0m:  [02-07-2026 19:33:05] Delete of nonexisting embedding ID: c89e704d5f2c1fc405c79f1db1f8f077_105
[33mWARNING[0m:  [02-07-2026 19:33:05] Delete of nonexisting embedding ID: c89e704d5f2c1fc405c79f1db1f8f077_105
[31mERROR[0m:    [02-07-2026 19:33:05] Failed to send telemetry event CollectionDeleteEvent: capture() takes 1 positional argument but 3 were given
[32mINFO[0m:     [02-07-2026 19:33:05] 127.0.0.1:58567 - "POST /api/v1/collections/04b9833e-32a9-4ce2-877d-ac206ff5d36f/delete HTTP/1.1" 200
[33mWARNING[0m:  [02-07-2026 19:33:05] Delete of nonexisting embedding ID: c89e704d5f2c1fc405c79f1db1f8f077_123
[33mWARNING[0m:  [02-07-2026 19:33:05] Delete of nonexisting embedding ID: c89e704d5f2c1fc405c79f1db1f8f077_123
[31mERROR[0m:    [02-07-2026 19:33:05] Failed to send telemetry event CollectionDeleteEvent: capture() takes 1 positional argument but 3 were given
[32mINFO[0m:     [02-07-2026 19:33:05] 127.0.0.1:58567 - "POST /api/v1/collections/04b9833e-32a9-4ce2-877d-ac206ff5d36f/delete HTTP/1.1" 200
[33mWARNING[0m:  [02-07-2026 19:33:05] Delete of nonexisting embedding ID: c89e704d5f2c1fc405c79f1db1f8f077_533
[33mWARNING[0m:  [02-07-2026 19:33:05] Delete of nonexisting embedding ID: c89e704d5f2c1fc405c79f1db1f8f077_533
[31mERROR[0m:    [02-07-2026 19:33:05] Failed to send telemetry event CollectionDeleteEvent: capture() takes 1 positional argument but 3 were given
[32mINFO[0m:     [02-07-2026 19:33:05] 127.0.0.1:58567 - "POST /api/v1/collections/04b9833e-32a9-4ce2-877d-ac206ff5d36f/delete HTTP/1.1" 200
[33mWARNING[0m:  [02-07-2026 19:33:05] Delete of nonexisting embedding ID: c89e704d5f2c1fc405c79f1db1f8f077_50
[33mWARNING[0m:  [02-07-2026 19:33:05] Delete of nonexisting embedding ID: c89e704d5f2c1fc405c79f1db1f8f077_50
[31mERROR[0m:    [02-07-2026 19:33:05] Failed to send telemetry event CollectionDeleteEvent: capture() takes 1 positional argument but 3 were given
[32mINFO[0m:     [02-07-2026 19:33:05] 127.0.0.1:58567 - "POST /api/v1/collections/04b9833e-32a9-4ce2-877d-ac206ff5d36f/delete HTTP/1.1" 200
[33mWARNING[0m:  [02-07-2026 19:33:05] Delete of nonexisting embedding ID: c89e704d5f2c1fc405c79f1db1f8f077_484
[33mWARNING[0m:  [02-07-2026 19:33:05] Delete of nonexisting embedding ID: c89e704d5f2c1fc405c79f1db1f8f077_484
[31mERROR[0m:    [02-07-2026 19:33:05] Failed to send telemetry event CollectionDeleteEvent: capture() takes 1 positional argument but 3 were given
[32mINFO[0m:     [02-07-2026 19:33:05] 127.0.0.1:58567 - "POST /api/v1/collections/04b9833e-32a9-4ce2-877d-ac206ff5d36f/delete HTTP/1.1" 200
[33mWARNING[0m:  [02-07-2026 19:33:05] Delete of nonexisting embedding ID: c89e704d5f2c1fc405c79f1db1f8f077_37
[33mWARNING[0m:  [02-07-2026 19:33:05] Delete of nonexisting embedding ID: c89e704d5f2c1fc405c79f1db1f8f077_37
[31mERROR[0m:    [02-07-2026 19:33:06] Failed to send telemetry event CollectionDeleteEvent: capture() takes 1 positional argument but 3 were given
[32mINFO[0m:     [02-07-2026 19:33:06] 127.0.0.1:58567 - "POST /api/v1/collections/04b9833e-32a9-4ce2-877d-ac206ff5d36f/delete HTTP/1.1" 200
[33mWARNING[0m:  [02-07-2026 19:33:06] Delete of nonexisting embedding ID: c89e704d5f2c1fc405c79f1db1f8f077_87
[33mWARNING[0m:  [02-07-2026 19:33:06] Delete of nonexisting embedding ID: c89e704d5f2c1fc405c79f1db1f8f077_87
[31mERROR[0m:    [02-07-2026 19:33:06] Failed to send telemetry event CollectionDeleteEvent: capture() takes 1 positional argument but 3 were given
[32mINFO[0m:     [02-07-2026 19:33:06] 127.0.0.1:58567 - "POST /api/v1/collections/04b9833e-32a9-4ce2-877d-ac206ff5d36f/delete HTTP/1.1" 200
[33mWARNING[0m:  [02-07-2026 19:33:06] Delete of nonexisting embedding ID: c89e704d5f2c1fc405c79f1db1f8f077_238
[33mWARNING[0m:  [02-07-2026 19:33:06] Delete of nonexisting embedding ID: c89e704d5f2c1fc405c79f1db1f8f077_238
[31mERROR[0m:    [02-07-2026 19:33:06] Failed to send telemetry event CollectionDeleteEvent: capture() takes 1 positional argument but 3 were given
[32mINFO[0m:     [02-07-2026 19:33:06] 127.0.0.1:58567 - "POST /api/v1/collections/04b9833e-32a9-4ce2-877d-ac206ff5d36f/delete HTTP/1.1" 200
[33mWARNING[0m:  [02-07-2026 19:33:06] Delete of nonexisting embedding ID: c89e704d5f2c1fc405c79f1db1f8f077_80
[33mWARNING[0m:  [02-07-2026 19:33:06] Delete of nonexisting embedding ID: c89e704d5f2c1fc405c79f1db1f8f077_80
[31mERROR[0m:    [02-07-2026 19:33:06] Failed to send telemetry event CollectionDeleteEvent: capture() takes 1 positional argument but 3 were given
[32mINFO[0m:     [02-07-2026 19:33:06] 127.0.0.1:58567 - "POST /api/v1/collections/04b9833e-32a9-4ce2-877d-ac206ff5d36f/delete HTTP/1.1" 200
[33mWARNING[0m:  [02-07-2026 19:33:06] Delete of nonexisting embedding ID: c89e704d5f2c1fc405c79f1db1f8f077_1
[33mWARNING[0m:  [02-07-2026 19:33:06] Delete of nonexisting embedding ID: c89e704d5f2c1fc405c79f1db1f8f077_1
[31mERROR[0m:    [02-07-2026 19:33:06] Failed to send telemetry event CollectionDeleteEvent: capture() takes 1 positional argument but 3 were given
[32mINFO[0m:     [02-07-2026 19:33:06] 127.0.0.1:58567 - "POST /api/v1/collections/04b9833e-32a9-4ce2-877d-ac206ff5d36f/delete HTTP/1.1" 200
[33mWARNING[0m:  [02-07-2026 19:33:06] Delete of nonexisting embedding ID: c89e704d5f2c1fc405c79f1db1f8f077_456
[33mWARNING[0m:  [02-07-2026 19:33:06] Delete of nonexisting embedding ID: c89e704d5f2c1fc405c79f1db1f8f077_456
[31mERROR[0m:    [02-07-2026 19:33:06] Failed to send telemetry event CollectionDeleteEvent: capture() takes 1 positional argument but 3 were given
[32mINFO[0m:     [02-07-2026 19:33:06] 127.0.0.1:58567 - "POST /api/v1/collections/04b9833e-32a9-4ce2-877d-ac206ff5d36f/delete HTTP/1.1" 200
[33mWARNING[0m:  [02-07-2026 19:33:06] Delete of nonexisting embedding ID: c89e704d5f2c1fc405c79f1db1f8f077_469
[33mWARNING[0m:  [02-07-2026 19:33:06] Delete of nonexisting embedding ID: c89e704d5f2c1fc405c79f1db1f8f077_469
[31mERROR[0m:    [02-07-2026 19:33:07] Failed to send telemetry event CollectionDeleteEvent: capture() takes 1 positional argument but 3 were given
[32mINFO[0m:     [02-07-2026 19:33:07] 127.0.0.1:58567 - "POST /api/v1/collections/04b9833e-32a9-4ce2-877d-ac206ff5d36f/delete HTTP/1.1" 200
[33mWARNING[0m:  [02-07-2026 19:33:07] Delete of nonexisting embedding ID: c89e704d5f2c1fc405c79f1db1f8f077_132
[33mWARNING[0m:  [02-07-2026 19:33:07] Delete of nonexisting embedding ID: c89e704d5f2c1fc405c79f1db1f8f077_132
[31mERROR[0m:    [02-07-2026 19:33:07] Failed to send telemetry event CollectionDeleteEvent: capture() takes 1 positional argument but 3 were given
[32mINFO[0m:     [02-07-2026 19:33:07] 127.0.0.1:58567 - "POST /api/v1/collections/04b9833e-32a9-4ce2-877d-ac206ff5d36f/delete HTTP/1.1" 200
[33mWARNING[0m:  [02-07-2026 19:33:07] Delete of nonexisting embedding ID: c89e704d5f2c1fc405c79f1db1f8f077_451
[33mWARNING[0m:  [02-07-2026 19:33:07] Delete of nonexisting embedding ID: c89e704d5f2c1fc405c79f1db1f8f077_451
[31mERROR[0m:    [02-07-2026 19:33:07] Failed to send telemetry event CollectionDeleteEvent: capture() takes 1 positional argument but 3 were given
[32mINFO[0m:     [02-07-2026 19:33:07] 127.0.0.1:58567 - "POST /api/v1/collections/04b9833e-32a9-4ce2-877d-ac206ff5d36f/delete HTTP/1.1" 200
[33mWARNING[0m:  [02-07-2026 19:33:07] Delete of nonexisting embedding ID: c89e704d5f2c1fc405c79f1db1f8f077_388
[33mWARNING[0m:  [02-07-2026 19:33:07] Delete of nonexisting embedding ID: c89e704d5f2c1fc405c79f1db1f8f077_388
[31mERROR[0m:    [02-07-2026 19:33:08] Failed to send telemetry event CollectionDeleteEvent: capture() takes 1 positional argument but 3 were given
[32mINFO[0m:     [02-07-2026 19:33:08] 127.0.0.1:58567 - "POST /api/v1/collections/04b9833e-32a9-4ce2-877d-ac206ff5d36f/delete HTTP/1.1" 200
[33mWARNING[0m:  [02-07-2026 19:33:08] Delete of nonexisting embedding ID: c89e704d5f2c1fc405c79f1db1f8f077_292
[33mWARNING[0m:  [02-07-2026 19:33:08] Delete of nonexisting embedding ID: c89e704d5f2c1fc405c79f1db1f8f077_292
[31mERROR[0m:    [02-07-2026 19:33:08] Failed to send telemetry event CollectionDeleteEvent: capture() takes 1 positional argument but 3 were given
[32mINFO[0m:     [02-07-2026 19:33:08] 127.0.0.1:58567 - "POST /api/v1/collections/04b9833e-32a9-4ce2-877d-ac206ff5d36f/delete HTTP/1.1" 200
[33mWARNING[0m:  [02-07-2026 19:33:08] Delete of nonexisting embedding ID: c89e704d5f2c1fc405c79f1db1f8f077_225
[33mWARNING[0m:  [02-07-2026 19:33:08] Delete of nonexisting embedding ID: c89e704d5f2c1fc405c79f1db1f8f077_225
[31mERROR[0m:    [02-07-2026 19:33:08] Failed to send telemetry event CollectionDeleteEvent: capture() takes 1 positional argument but 3 were given
[32mINFO[0m:     [02-07-2026 19:33:08] 127.0.0.1:58567 - "POST /api/v1/collections/04b9833e-32a9-4ce2-877d-ac206ff5d36f/delete HTTP/1.1" 200
[33mWARNING[0m:  [02-07-2026 19:33:08] Delete of nonexisting embedding ID: c89e704d5f2c1fc405c79f1db1f8f077_163
[33mWARNING[0m:  [02-07-2026 19:33:08] Delete of nonexisting embedding ID: c89e704d5f2c1fc405c79f1db1f8f077_163
[31mERROR[0m:    [02-07-2026 19:33:08] Failed to send telemetry event CollectionDeleteEvent: capture() takes 1 positional argument but 3 were given
[32mINFO[0m:     [02-07-2026 19:33:08] 127.0.0.1:58567 - "POST /api/v1/collections/04b9833e-32a9-4ce2-877d-ac206ff5d36f/delete HTTP/1.1" 200
[33mWARNING[0m:  [02-07-2026 19:33:08] Delete of nonexisting embedding ID: c89e704d5f2c1fc405c79f1db1f8f077_138
[33mWARNING[0m:  [02-07-2026 19:33:08] Delete of nonexisting embedding ID: c89e704d5f2c1fc405c79f1db1f8f077_138
[31mERROR[0m:    [02-07-2026 19:33:08] Failed to send telemetry event CollectionDeleteEvent: capture() takes 1 positional argument but 3 were given
[32mINFO[0m:     [02-07-2026 19:33:08] 127.0.0.1:58567 - "POST /api/v1/collections/04b9833e-32a9-4ce2-877d-ac206ff5d36f/delete HTTP/1.1" 200
[33mWARNING[0m:  [02-07-2026 19:33:08] Delete of nonexisting embedding ID: c89e704d5f2c1fc405c79f1db1f8f077_419
[33mWARNING[0m:  [02-07-2026 19:33:08] Delete of nonexisting embedding ID: c89e704d5f2c1fc405c79f1db1f8f077_419
[31mERROR[0m:    [02-07-2026 19:33:08] Failed to send telemetry event CollectionDeleteEvent: capture() takes 1 positional argument but 3 were given
[32mINFO[0m:     [02-07-2026 19:33:08] 127.0.0.1:58567 - "POST /api/v1/collections/04b9833e-32a9-4ce2-877d-ac206ff5d36f/delete HTTP/1.1" 200
[33mWARNING[0m:  [02-07-2026 19:33:08] Delete of nonexisting embedding ID: c89e704d5f2c1fc405c79f1db1f8f077_418
[33mWARNING[0m:  [02-07-2026 19:33:08] Delete of nonexisting embedding ID: c89e704d5f2c1fc405c79f1db1f8f077_418
[31mERROR[0m:    [02-07-2026 19:33:09] Failed to send telemetry event CollectionDeleteEvent: capture() takes 1 positional argument but 3 were given
[32mINFO[0m:     [02-07-2026 19:33:09] 127.0.0.1:58567 - "POST /api/v1/collections/04b9833e-32a9-4ce2-877d-ac206ff5d36f/delete HTTP/1.1" 200
[33mWARNING[0m:  [02-07-2026 19:33:09] Delete of nonexisting embedding ID: c89e704d5f2c1fc405c79f1db1f8f077_364
[33mWARNING[0m:  [02-07-2026 19:33:09] Delete of nonexisting embedding ID: c89e704d5f2c1fc405c79f1db1f8f077_364
[31mERROR[0m:    [02-07-2026 19:33:09] Failed to send telemetry event CollectionDeleteEvent: capture() takes 1 positional argument but 3 were given
[32mINFO[0m:     [02-07-2026 19:33:09] 127.0.0.1:58567 - "POST /api/v1/collections/04b9833e-32a9-4ce2-877d-ac206ff5d36f/delete HTTP/1.1" 200
[33mWARNING[0m:  [02-07-2026 19:33:09] Delete of nonexisting embedding ID: c89e704d5f2c1fc405c79f1db1f8f077_110
[33mWARNING[0m:  [02-07-2026 19:33:09] Delete of nonexisting embedding ID: c89e704d5f2c1fc405c79f1db1f8f077_110
[31mERROR[0m:    [02-07-2026 19:33:09] Failed to send telemetry event CollectionDeleteEvent: capture() takes 1 positional argument but 3 were given
[32mINFO[0m:     [02-07-2026 19:33:09] 127.0.0.1:58567 - "POST /api/v1/collections/04b9833e-32a9-4ce2-877d-ac206ff5d36f/delete HTTP/1.1" 200
[33mWARNING[0m:  [02-07-2026 19:33:09] Delete of nonexisting embedding ID: c89e704d5f2c1fc405c79f1db1f8f077_85
[33mWARNING[0m:  [02-07-2026 19:33:09] Delete of nonexisting embedding ID: c89e704d5f2c1fc405c79f1db1f8f077_85
[31mERROR[0m:    [02-07-2026 19:33:09] Failed to send telemetry event CollectionDeleteEvent: capture() takes 1 positional argument but 3 were given
[32mINFO[0m:     [02-07-2026 19:33:09] 127.0.0.1:58567 - "POST /api/v1/collections/04b9833e-32a9-4ce2-877d-ac206ff5d36f/delete HTTP/1.1" 200
[33mWARNING[0m:  [02-07-2026 19:33:09] Delete of nonexisting embedding ID: c89e704d5f2c1fc405c79f1db1f8f077_237
[33mWARNING[0m:  [02-07-2026 19:33:09] Delete of nonexisting embedding ID: c89e704d5f2c1fc405c79f1db1f8f077_237
[31mERROR[0m:    [02-07-2026 19:33:09] Failed to send telemetry event CollectionDeleteEvent: capture() takes 1 positional argument but 3 were given
[32mINFO[0m:     [02-07-2026 19:33:09] 127.0.0.1:58567 - "POST /api/v1/collections/04b9833e-32a9-4ce2-877d-ac206ff5d36f/delete HTTP/1.1" 200
[33mWARNING[0m:  [02-07-2026 19:33:09] Delete of nonexisting embedding ID: c89e704d5f2c1fc405c79f1db1f8f077_483
[33mWARNING[0m:  [02-07-2026 19:33:09] Delete of nonexisting embedding ID: c89e704d5f2c1fc405c79f1db1f8f077_483
[31mERROR[0m:    [02-07-2026 19:33:09] Failed to send telemetry event CollectionDeleteEvent: capture() takes 1 positional argument but 3 were given
[32mINFO[0m:     [02-07-2026 19:33:09] 127.0.0.1:58567 - "POST /api/v1/collections/04b9833e-32a9-4ce2-877d-ac206ff5d36f/delete HTTP/1.1" 200
[33mWARNING[0m:  [02-07-2026 19:33:09] Delete of nonexisting embedding ID: c89e704d5f2c1fc405c79f1db1f8f077_118
[33mWARNING[0m:  [02-07-2026 19:33:09] Delete of nonexisting embedding ID: c89e704d5f2c1fc405c79f1db1f8f077_118
[31mERROR[0m:    [02-07-2026 19:33:10] Failed to send telemetry event CollectionDeleteEvent: capture() takes 1 positional argument but 3 were given
[32mINFO[0m:     [02-07-2026 19:33:10] 127.0.0.1:58567 - "POST /api/v1/collections/04b9833e-32a9-4ce2-877d-ac206ff5d36f/delete HTTP/1.1" 200
[33mWARNING[0m:  [02-07-2026 19:33:10] Delete of nonexisting embedding ID: c89e704d5f2c1fc405c79f1db1f8f077_92
[33mWARNING[0m:  [02-07-2026 19:33:10] Delete of nonexisting embedding ID: c89e704d5f2c1fc405c79f1db1f8f077_92
[31mERROR[0m:    [02-07-2026 19:33:10] Failed to send telemetry event CollectionDeleteEvent: capture() takes 1 positional argument but 3 were given
[32mINFO[0m:     [02-07-2026 19:33:10] 127.0.0.1:58567 - "POST /api/v1/collections/04b9833e-32a9-4ce2-877d-ac206ff5d36f/delete HTTP/1.1" 200
[33mWARNING[0m:  [02-07-2026 19:33:10] Delete of nonexisting embedding ID: c89e704d5f2c1fc405c79f1db1f8f077_221
[33mWARNING[0m:  [02-07-2026 19:33:10] Delete of nonexisting embedding ID: c89e704d5f2c1fc405c79f1db1f8f077_221
[31mERROR[0m:    [02-07-2026 19:33:10] Failed to send telemetry event CollectionDeleteEvent: capture() takes 1 positional argument but 3 were given
[32mINFO[0m:     [02-07-2026 19:33:10] 127.0.0.1:58567 - "POST /api/v1/collections/04b9833e-32a9-4ce2-877d-ac206ff5d36f/delete HTTP/1.1" 200
[33mWARNING[0m:  [02-07-2026 19:33:10] Delete of nonexisting embedding ID: c89e704d5f2c1fc405c79f1db1f8f077_519
[33mWARNING[0m:  [02-07-2026 19:33:10] Delete of nonexisting embedding ID: c89e704d5f2c1fc405c79f1db1f8f077_519
[31mERROR[0m:    [02-07-2026 19:33:10] Failed to send telemetry event CollectionDeleteEvent: capture() takes 1 positional argument but 3 were given
[32mINFO[0m:     [02-07-2026 19:33:10] 127.0.0.1:58567 - "POST /api/v1/collections/04b9833e-32a9-4ce2-877d-ac206ff5d36f/delete HTTP/1.1" 200
[33mWARNING[0m:  [02-07-2026 19:33:10] Delete of nonexisting embedding ID: c89e704d5f2c1fc405c79f1db1f8f077_495
[33mWARNING[0m:  [02-07-2026 19:33:10] Delete of nonexisting embedding ID: c89e704d5f2c1fc405c79f1db1f8f077_495
[31mERROR[0m:    [02-07-2026 19:33:10] Failed to send telemetry event CollectionDeleteEvent: capture() takes 1 positional argument but 3 were given
[32mINFO[0m:     [02-07-2026 19:33:10] 127.0.0.1:58567 - "POST /api/v1/collections/04b9833e-32a9-4ce2-877d-ac206ff5d36f/delete HTTP/1.1" 200
[33mWARNING[0m:  [02-07-2026 19:33:10] Delete of nonexisting embedding ID: c89e704d5f2c1fc405c79f1db1f8f077_157
[33mWARNING[0m:  [02-07-2026 19:33:10] Delete of nonexisting embedding ID: c89e704d5f2c1fc405c79f1db1f8f077_157
[31mERROR[0m:    [02-07-2026 19:33:11] Failed to send telemetry event CollectionDeleteEvent: capture() takes 1 positional argument but 3 were given
[32mINFO[0m:     [02-07-2026 19:33:11] 127.0.0.1:58567 - "POST /api/v1/collections/04b9833e-32a9-4ce2-877d-ac206ff5d36f/delete HTTP/1.1" 200
[33mWARNING[0m:  [02-07-2026 19:33:11] Delete of nonexisting embedding ID: c89e704d5f2c1fc405c79f1db1f8f077_535
[33mWARNING[0m:  [02-07-2026 19:33:11] Delete of nonexisting embedding ID: c89e704d5f2c1fc405c79f1db1f8f077_535
[31mERROR[0m:    [02-07-2026 19:33:11] Failed to send telemetry event CollectionDeleteEvent: capture() takes 1 positional argument but 3 were given
[32mINFO[0m:     [02-07-2026 19:33:11] 127.0.0.1:58567 - "POST /api/v1/collections/04b9833e-32a9-4ce2-877d-ac206ff5d36f/delete HTTP/1.1" 200
[33mWARNING[0m:  [02-07-2026 19:33:11] Delete of nonexisting embedding ID: c89e704d5f2c1fc405c79f1db1f8f077_164
[33mWARNING[0m:  [02-07-2026 19:33:11] Delete of nonexisting embedding ID: c89e704d5f2c1fc405c79f1db1f8f077_164
[31mERROR[0m:    [02-07-2026 19:33:11] Failed to send telemetry event CollectionDeleteEvent: capture() takes 1 positional argument but 3 were given
[32mINFO[0m:     [02-07-2026 19:33:11] 127.0.0.1:58567 - "POST /api/v1/collections/04b9833e-32a9-4ce2-877d-ac206ff5d36f/delete HTTP/1.1" 200
[33mWARNING[0m:  [02-07-2026 19:33:11] Delete of nonexisting embedding ID: c89e704d5f2c1fc405c79f1db1f8f077_460
[33mWARNING[0m:  [02-07-2026 19:33:11] Delete of nonexisting embedding ID: c89e704d5f2c1fc405c79f1db1f8f077_460
[31mERROR[0m:    [02-07-2026 19:33:11] Failed to send telemetry event CollectionDeleteEvent: capture() takes 1 positional argument but 3 were given
[32mINFO[0m:     [02-07-2026 19:33:11] 127.0.0.1:58567 - "POST /api/v1/collections/04b9833e-32a9-4ce2-877d-ac206ff5d36f/delete HTTP/1.1" 200
[33mWARNING[0m:  [02-07-2026 19:33:11] Delete of nonexisting embedding ID: c89e704d5f2c1fc405c79f1db1f8f077_160
[33mWARNING[0m:  [02-07-2026 19:33:11] Delete of nonexisting embedding ID: c89e704d5f2c1fc405c79f1db1f8f077_160
[31mERROR[0m:    [02-07-2026 19:33:11] Failed to send telemetry event CollectionDeleteEvent: capture() takes 1 positional argument but 3 were given
[32mINFO[0m:     [02-07-2026 19:33:11] 127.0.0.1:58567 - "POST /api/v1/collections/04b9833e-32a9-4ce2-877d-ac206ff5d36f/delete HTTP/1.1" 200
[33mWARNING[0m:  [02-07-2026 19:33:11] Delete of nonexisting embedding ID: c89e704d5f2c1fc405c79f1db1f8f077_104
[33mWARNING[0m:  [02-07-2026 19:33:11] Delete of nonexisting embedding ID: c89e704d5f2c1fc405c79f1db1f8f077_104
[31mERROR[0m:    [02-07-2026 19:33:11] Failed to send telemetry event CollectionDeleteEvent: capture() takes 1 positional argument but 3 were given
[32mINFO[0m:     [02-07-2026 19:33:11] 127.0.0.1:58567 - "POST /api/v1/collections/04b9833e-32a9-4ce2-877d-ac206ff5d36f/delete HTTP/1.1" 200
[33mWARNING[0m:  [02-07-2026 19:33:11] Delete of nonexisting embedding ID: c89e704d5f2c1fc405c79f1db1f8f077_359
[33mWARNING[0m:  [02-07-2026 19:33:11] Delete of nonexisting embedding ID: c89e704d5f2c1fc405c79f1db1f8f077_359
[31mERROR[0m:    [02-07-2026 19:33:11] Failed to send telemetry event CollectionDeleteEvent: capture() takes 1 positional argument but 3 were given
[32mINFO[0m:     [02-07-2026 19:33:11] 127.0.0.1:58567 - "POST /api/v1/collections/04b9833e-32a9-4ce2-877d-ac206ff5d36f/delete HTTP/1.1" 200
[33mWARNING[0m:  [02-07-2026 19:33:11] Delete of nonexisting embedding ID: c89e704d5f2c1fc405c79f1db1f8f077_9
[33mWARNING[0m:  [02-07-2026 19:33:11] Delete of nonexisting embedding ID: c89e704d5f2c1fc405c79f1db1f8f077_9
[31mERROR[0m:    [02-07-2026 19:33:12] Failed to send telemetry event CollectionDeleteEvent: capture() takes 1 positional argument but 3 were given
[32mINFO[0m:     [02-07-2026 19:33:12] 127.0.0.1:58567 - "POST /api/v1/collections/04b9833e-32a9-4ce2-877d-ac206ff5d36f/delete HTTP/1.1" 200
[33mWARNING[0m:  [02-07-2026 19:33:12] Delete of nonexisting embedding ID: c89e704d5f2c1fc405c79f1db1f8f077_287
[33mWARNING[0m:  [02-07-2026 19:33:12] Delete of nonexisting embedding ID: c89e704d5f2c1fc405c79f1db1f8f077_287
[31mERROR[0m:    [02-07-2026 19:33:12] Failed to send telemetry event CollectionDeleteEvent: capture() takes 1 positional argument but 3 were given
[32mINFO[0m:     [02-07-2026 19:33:12] 127.0.0.1:58567 - "POST /api/v1/collections/04b9833e-32a9-4ce2-877d-ac206ff5d36f/delete HTTP/1.1" 200
[33mWARNING[0m:  [02-07-2026 19:33:12] Delete of nonexisting embedding ID: c89e704d5f2c1fc405c79f1db1f8f077_77
[33mWARNING[0m:  [02-07-2026 19:33:12] Delete of nonexisting embedding ID: c89e704d5f2c1fc405c79f1db1f8f077_77
[31mERROR[0m:    [02-07-2026 19:33:12] Failed to send telemetry event CollectionDeleteEvent: capture() takes 1 positional argument but 3 were given
[32mINFO[0m:     [02-07-2026 19:33:12] 127.0.0.1:58567 - "POST /api/v1/collections/04b9833e-32a9-4ce2-877d-ac206ff5d36f/delete HTTP/1.1" 200
[33mWARNING[0m:  [02-07-2026 19:33:12] Delete of nonexisting embedding ID: c89e704d5f2c1fc405c79f1db1f8f077_88
[33mWARNING[0m:  [02-07-2026 19:33:12] Delete of nonexisting embedding ID: c89e704d5f2c1fc405c79f1db1f8f077_88
[31mERROR[0m:    [02-07-2026 19:33:12] Failed to send telemetry event CollectionDeleteEvent: capture() takes 1 positional argument but 3 were given
[32mINFO[0m:     [02-07-2026 19:33:12] 127.0.0.1:58567 - "POST /api/v1/collections/04b9833e-32a9-4ce2-877d-ac206ff5d36f/delete HTTP/1.1" 200
[33mWARNING[0m:  [02-07-2026 19:33:12] Delete of nonexisting embedding ID: c89e704d5f2c1fc405c79f1db1f8f077_261
[33mWARNING[0m:  [02-07-2026 19:33:12] Delete of nonexisting embedding ID: c89e704d5f2c1fc405c79f1db1f8f077_261
[31mERROR[0m:    [02-07-2026 19:33:12] Failed to send telemetry event CollectionDeleteEvent: capture() takes 1 positional argument but 3 were given
[32mINFO[0m:     [02-07-2026 19:33:12] 127.0.0.1:58567 - "POST /api/v1/collections/04b9833e-32a9-4ce2-877d-ac206ff5d36f/delete HTTP/1.1" 200
[33mWARNING[0m:  [02-07-2026 19:33:12] Delete of nonexisting embedding ID: c89e704d5f2c1fc405c79f1db1f8f077_446
[33mWARNING[0m:  [02-07-2026 19:33:12] Delete of nonexisting embedding ID: c89e704d5f2c1fc405c79f1db1f8f077_446
[31mERROR[0m:    [02-07-2026 19:33:13] Failed to send telemetry event CollectionDeleteEvent: capture() takes 1 positional argument but 3 were given
[32mINFO[0m:     [02-07-2026 19:33:13] 127.0.0.1:58567 - "POST /api/v1/collections/04b9833e-32a9-4ce2-877d-ac206ff5d36f/delete HTTP/1.1" 200
[33mWARNING[0m:  [02-07-2026 19:33:13] Delete of nonexisting embedding ID: c89e704d5f2c1fc405c79f1db1f8f077_325
[33mWARNING[0m:  [02-07-2026 19:33:13] Delete of nonexisting embedding ID: c89e704d5f2c1fc405c79f1db1f8f077_325
[31mERROR[0m:    [02-07-2026 19:33:13] Failed to send telemetry event CollectionDeleteEvent: capture() takes 1 positional argument but 3 were given
[32mINFO[0m:     [02-07-2026 19:33:13] 127.0.0.1:58567 - "POST /api/v1/collections/04b9833e-32a9-4ce2-877d-ac206ff5d36f/delete HTTP/1.1" 200
[33mWARNING[0m:  [02-07-2026 19:33:13] Delete of nonexisting embedding ID: c89e704d5f2c1fc405c79f1db1f8f077_254
[33mWARNING[0m:  [02-07-2026 19:33:13] Delete of nonexisting embedding ID: c89e704d5f2c1fc405c79f1db1f8f077_254
[31mERROR[0m:    [02-07-2026 19:33:13] Failed to send telemetry event CollectionDeleteEvent: capture() takes 1 positional argument but 3 were given
[32mINFO[0m:     [02-07-2026 19:33:13] 127.0.0.1:58567 - "POST /api/v1/collections/04b9833e-32a9-4ce2-877d-ac206ff5d36f/delete HTTP/1.1" 200
[33mWARNING[0m:  [02-07-2026 19:33:13] Delete of nonexisting embedding ID: c89e704d5f2c1fc405c79f1db1f8f077_485
[33mWARNING[0m:  [02-07-2026 19:33:13] Delete of nonexisting embedding ID: c89e704d5f2c1fc405c79f1db1f8f077_485
[31mERROR[0m:    [02-07-2026 19:33:13] Failed to send telemetry event CollectionDeleteEvent: capture() takes 1 positional argument but 3 were given
[32mINFO[0m:     [02-07-2026 19:33:13] 127.0.0.1:58567 - "POST /api/v1/collections/04b9833e-32a9-4ce2-877d-ac206ff5d36f/delete HTTP/1.1" 200
[33mWARNING[0m:  [02-07-2026 19:33:13] Delete of nonexisting embedding ID: c89e704d5f2c1fc405c79f1db1f8f077_336
[33mWARNING[0m:  [02-07-2026 19:33:13] Delete of nonexisting embedding ID: c89e704d5f2c1fc405c79f1db1f8f077_336
[31mERROR[0m:    [02-07-2026 19:33:14] Failed to send telemetry event CollectionDeleteEvent: capture() takes 1 positional argument but 3 were given
[32mINFO[0m:     [02-07-2026 19:33:14] 127.0.0.1:58567 - "POST /api/v1/collections/04b9833e-32a9-4ce2-877d-ac206ff5d36f/delete HTTP/1.1" 200
[33mWARNING[0m:  [02-07-2026 19:33:14] Delete of nonexisting embedding ID: c89e704d5f2c1fc405c79f1db1f8f077_11
[33mWARNING[0m:  [02-07-2026 19:33:14] Delete of nonexisting embedding ID: c89e704d5f2c1fc405c79f1db1f8f077_11
[31mERROR[0m:    [02-07-2026 19:33:14] Failed to send telemetry event CollectionDeleteEvent: capture() takes 1 positional argument but 3 were given
[32mINFO[0m:     [02-07-2026 19:33:14] 127.0.0.1:58567 - "POST /api/v1/collections/04b9833e-32a9-4ce2-877d-ac206ff5d36f/delete HTTP/1.1" 200
[33mWARNING[0m:  [02-07-2026 19:33:14] Delete of nonexisting embedding ID: c89e704d5f2c1fc405c79f1db1f8f077_253
[33mWARNING[0m:  [02-07-2026 19:33:14] Delete of nonexisting embedding ID: c89e704d5f2c1fc405c79f1db1f8f077_253
[31mERROR[0m:    [02-07-2026 19:33:14] Failed to send telemetry event CollectionDeleteEvent: capture() takes 1 positional argument but 3 were given
[32mINFO[0m:     [02-07-2026 19:33:14] 127.0.0.1:58567 - "POST /api/v1/collections/04b9833e-32a9-4ce2-877d-ac206ff5d36f/delete HTTP/1.1" 200
[33mWARNING[0m:  [02-07-2026 19:33:14] Delete of nonexisting embedding ID: c89e704d5f2c1fc405c79f1db1f8f077_25
[33mWARNING[0m:  [02-07-2026 19:33:14] Delete of nonexisting embedding ID: c89e704d5f2c1fc405c79f1db1f8f077_25
[31mERROR[0m:    [02-07-2026 19:33:14] Failed to send telemetry event CollectionDeleteEvent: capture() takes 1 positional argument but 3 were given
[32mINFO[0m:     [02-07-2026 19:33:14] 127.0.0.1:58567 - "POST /api/v1/collections/04b9833e-32a9-4ce2-877d-ac206ff5d36f/delete HTTP/1.1" 200
[33mWARNING[0m:  [02-07-2026 19:33:14] Delete of nonexisting embedding ID: c89e704d5f2c1fc405c79f1db1f8f077_165
[33mWARNING[0m:  [02-07-2026 19:33:14] Delete of nonexisting embedding ID: c89e704d5f2c1fc405c79f1db1f8f077_165
[31mERROR[0m:    [02-07-2026 19:33:14] Failed to send telemetry event CollectionDeleteEvent: capture() takes 1 positional argument but 3 were given
[32mINFO[0m:     [02-07-2026 19:33:14] 127.0.0.1:58567 - "POST /api/v1/collections/04b9833e-32a9-4ce2-877d-ac206ff5d36f/delete HTTP/1.1" 200
[33mWARNING[0m:  [02-07-2026 19:33:14] Delete of nonexisting embedding ID: c89e704d5f2c1fc405c79f1db1f8f077_181
[33mWARNING[0m:  [02-07-2026 19:33:14] Delete of nonexisting embedding ID: c89e704d5f2c1fc405c79f1db1f8f077_181
[31mERROR[0m:    [02-07-2026 19:33:14] Failed to send telemetry event CollectionDeleteEvent: capture() takes 1 positional argument but 3 were given
[32mINFO[0m:     [02-07-2026 19:33:14] 127.0.0.1:58567 - "POST /api/v1/collections/04b9833e-32a9-4ce2-877d-ac206ff5d36f/delete HTTP/1.1" 200
[33mWARNING[0m:  [02-07-2026 19:33:14] Delete of nonexisting embedding ID: c89e704d5f2c1fc405c79f1db1f8f077_297
[33mWARNING[0m:  [02-07-2026 19:33:14] Delete of nonexisting embedding ID: c89e704d5f2c1fc405c79f1db1f8f077_297
[31mERROR[0m:    [02-07-2026 19:33:14] Failed to send telemetry event CollectionDeleteEvent: capture() takes 1 positional argument but 3 were given
[32mINFO[0m:     [02-07-2026 19:33:14] 127.0.0.1:58567 - "POST /api/v1/collections/04b9833e-32a9-4ce2-877d-ac206ff5d36f/delete HTTP/1.1" 200
[33mWARNING[0m:  [02-07-2026 19:33:14] Delete of nonexisting embedding ID: c89e704d5f2c1fc405c79f1db1f8f077_89
[33mWARNING[0m:  [02-07-2026 19:33:14] Delete of nonexisting embedding ID: c89e704d5f2c1fc405c79f1db1f8f077_89
[31mERROR[0m:    [02-07-2026 19:33:15] Failed to send telemetry event CollectionDeleteEvent: capture() takes 1 positional argument but 3 were given
[32mINFO[0m:     [02-07-2026 19:33:15] 127.0.0.1:58567 - "POST /api/v1/collections/04b9833e-32a9-4ce2-877d-ac206ff5d36f/delete HTTP/1.1" 200
[33mWARNING[0m:  [02-07-2026 19:33:15] Delete of nonexisting embedding ID: c89e704d5f2c1fc405c79f1db1f8f077_0
[33mWARNING[0m:  [02-07-2026 19:33:15] Delete of nonexisting embedding ID: c89e704d5f2c1fc405c79f1db1f8f077_0
[31mERROR[0m:    [02-07-2026 19:33:15] Failed to send telemetry event CollectionDeleteEvent: capture() takes 1 positional argument but 3 were given
[32mINFO[0m:     [02-07-2026 19:33:15] 127.0.0.1:58567 - "POST /api/v1/collections/04b9833e-32a9-4ce2-877d-ac206ff5d36f/delete HTTP/1.1" 200
[33mWARNING[0m:  [02-07-2026 19:33:15] Delete of nonexisting embedding ID: c89e704d5f2c1fc405c79f1db1f8f077_284
[33mWARNING[0m:  [02-07-2026 19:33:15] Delete of nonexisting embedding ID: c89e704d5f2c1fc405c79f1db1f8f077_284
[31mERROR[0m:    [02-07-2026 19:33:15] Failed to send telemetry event CollectionDeleteEvent: capture() takes 1 positional argument but 3 were given
[32mINFO[0m:     [02-07-2026 19:33:15] 127.0.0.1:58567 - "POST /api/v1/collections/04b9833e-32a9-4ce2-877d-ac206ff5d36f/delete HTTP/1.1" 200
[33mWARNING[0m:  [02-07-2026 19:33:15] Delete of nonexisting embedding ID: c89e704d5f2c1fc405c79f1db1f8f077_504
[33mWARNING[0m:  [02-07-2026 19:33:15] Delete of nonexisting embedding ID: c89e704d5f2c1fc405c79f1db1f8f077_504
[31mERROR[0m:    [02-07-2026 19:33:15] Failed to send telemetry event CollectionDeleteEvent: capture() takes 1 positional argument but 3 were given
[32mINFO[0m:     [02-07-2026 19:33:15] 127.0.0.1:58567 - "POST /api/v1/collections/04b9833e-32a9-4ce2-877d-ac206ff5d36f/delete HTTP/1.1" 200
[33mWARNING[0m:  [02-07-2026 19:33:15] Delete of nonexisting embedding ID: c89e704d5f2c1fc405c79f1db1f8f077_148
[33mWARNING[0m:  [02-07-2026 19:33:15] Delete of nonexisting embedding ID: c89e704d5f2c1fc405c79f1db1f8f077_148
[31mERROR[0m:    [02-07-2026 19:33:15] Failed to send telemetry event CollectionDeleteEvent: capture() takes 1 positional argument but 3 were given
[32mINFO[0m:     [02-07-2026 19:33:15] 127.0.0.1:58567 - "POST /api/v1/collections/04b9833e-32a9-4ce2-877d-ac206ff5d36f/delete HTTP/1.1" 200
[33mWARNING[0m:  [02-07-2026 19:33:15] Delete of nonexisting embedding ID: c89e704d5f2c1fc405c79f1db1f8f077_273
[33mWARNING[0m:  [02-07-2026 19:33:15] Delete of nonexisting embedding ID: c89e704d5f2c1fc405c79f1db1f8f077_273
[31mERROR[0m:    [02-07-2026 19:33:15] Failed to send telemetry event CollectionDeleteEvent: capture() takes 1 positional argument but 3 were given
[32mINFO[0m:     [02-07-2026 19:33:15] 127.0.0.1:58567 - "POST /api/v1/collections/04b9833e-32a9-4ce2-877d-ac206ff5d36f/delete HTTP/1.1" 200
[33mWARNING[0m:  [02-07-2026 19:33:15] Delete of nonexisting embedding ID: c89e704d5f2c1fc405c79f1db1f8f077_111
[33mWARNING[0m:  [02-07-2026 19:33:15] Delete of nonexisting embedding ID: c89e704d5f2c1fc405c79f1db1f8f077_111
[31mERROR[0m:    [02-07-2026 19:33:15] Failed to send telemetry event CollectionDeleteEvent: capture() takes 1 positional argument but 3 were given
[32mINFO[0m:     [02-07-2026 19:33:15] 127.0.0.1:58567 - "POST /api/v1/collections/04b9833e-32a9-4ce2-877d-ac206ff5d36f/delete HTTP/1.1" 200
[33mWARNING[0m:  [02-07-2026 19:33:15] Delete of nonexisting embedding ID: c89e704d5f2c1fc405c79f1db1f8f077_416
[33mWARNING[0m:  [02-07-2026 19:33:15] Delete of nonexisting embedding ID: c89e704d5f2c1fc405c79f1db1f8f077_416
[31mERROR[0m:    [02-07-2026 19:33:16] Failed to send telemetry event CollectionDeleteEvent: capture() takes 1 positional argument but 3 were given
[32mINFO[0m:     [02-07-2026 19:33:16] 127.0.0.1:58567 - "POST /api/v1/collections/04b9833e-32a9-4ce2-877d-ac206ff5d36f/delete HTTP/1.1" 200
[33mWARNING[0m:  [02-07-2026 19:33:16] Delete of nonexisting embedding ID: c89e704d5f2c1fc405c79f1db1f8f077_528
[33mWARNING[0m:  [02-07-2026 19:33:16] Delete of nonexisting embedding ID: c89e704d5f2c1fc405c79f1db1f8f077_528
[31mERROR[0m:    [02-07-2026 19:33:16] Failed to send telemetry event CollectionDeleteEvent: capture() takes 1 positional argument but 3 were given
[32mINFO[0m:     [02-07-2026 19:33:16] 127.0.0.1:58567 - "POST /api/v1/collections/04b9833e-32a9-4ce2-877d-ac206ff5d36f/delete HTTP/1.1" 200
[33mWARNING[0m:  [02-07-2026 19:33:16] Delete of nonexisting embedding ID: c89e704d5f2c1fc405c79f1db1f8f077_217
[33mWARNING[0m:  [02-07-2026 19:33:16] Delete of nonexisting embedding ID: c89e704d5f2c1fc405c79f1db1f8f077_217
[31mERROR[0m:    [02-07-2026 19:33:16] Failed to send telemetry event CollectionDeleteEvent: capture() takes 1 positional argument but 3 were given
[32mINFO[0m:     [02-07-2026 19:33:16] 127.0.0.1:58567 - "POST /api/v1/collections/04b9833e-32a9-4ce2-877d-ac206ff5d36f/delete HTTP/1.1" 200
[33mWARNING[0m:  [02-07-2026 19:33:16] Delete of nonexisting embedding ID: c89e704d5f2c1fc405c79f1db1f8f077_502
[33mWARNING[0m:  [02-07-2026 19:33:16] Delete of nonexisting embedding ID: c89e704d5f2c1fc405c79f1db1f8f077_502
[31mERROR[0m:    [02-07-2026 19:33:16] Failed to send telemetry event CollectionDeleteEvent: capture() takes 1 positional argument but 3 were given
[32mINFO[0m:     [02-07-2026 19:33:16] 127.0.0.1:58567 - "POST /api/v1/collections/04b9833e-32a9-4ce2-877d-ac206ff5d36f/delete HTTP/1.1" 200
[33mWARNING[0m:  [02-07-2026 19:33:16] Delete of nonexisting embedding ID: c89e704d5f2c1fc405c79f1db1f8f077_101
[33mWARNING[0m:  [02-07-2026 19:33:16] Delete of nonexisting embedding ID: c89e704d5f2c1fc405c79f1db1f8f077_101
[31mERROR[0m:    [02-07-2026 19:33:16] Failed to send telemetry event CollectionDeleteEvent: capture() takes 1 positional argument but 3 were given
[32mINFO[0m:     [02-07-2026 19:33:16] 127.0.0.1:58567 - "POST /api/v1/collections/04b9833e-32a9-4ce2-877d-ac206ff5d36f/delete HTTP/1.1" 200
[33mWARNING[0m:  [02-07-2026 19:33:16] Delete of nonexisting embedding ID: c89e704d5f2c1fc405c79f1db1f8f077_17
[33mWARNING[0m:  [02-07-2026 19:33:16] Delete of nonexisting embedding ID: c89e704d5f2c1fc405c79f1db1f8f077_17
[31mERROR[0m:    [02-07-2026 19:33:16] Failed to send telemetry event CollectionDeleteEvent: capture() takes 1 positional argument but 3 were given
[32mINFO[0m:     [02-07-2026 19:33:16] 127.0.0.1:58567 - "POST /api/v1/collections/04b9833e-32a9-4ce2-877d-ac206ff5d36f/delete HTTP/1.1" 200
[33mWARNING[0m:  [02-07-2026 19:33:16] Delete of nonexisting embedding ID: c89e704d5f2c1fc405c79f1db1f8f077_119
[33mWARNING[0m:  [02-07-2026 19:33:16] Delete of nonexisting embedding ID: c89e704d5f2c1fc405c79f1db1f8f077_119
[31mERROR[0m:    [02-07-2026 19:33:17] Failed to send telemetry event CollectionDeleteEvent: capture() takes 1 positional argument but 3 were given
[32mINFO[0m:     [02-07-2026 19:33:17] 127.0.0.1:58567 - "POST /api/v1/collections/04b9833e-32a9-4ce2-877d-ac206ff5d36f/delete HTTP/1.1" 200
[33mWARNING[0m:  [02-07-2026 19:33:17] Delete of nonexisting embedding ID: c89e704d5f2c1fc405c79f1db1f8f077_500
[33mWARNING[0m:  [02-07-2026 19:33:17] Delete of nonexisting embedding ID: c89e704d5f2c1fc405c79f1db1f8f077_500
[31mERROR[0m:    [02-07-2026 19:33:17] Failed to send telemetry event CollectionDeleteEvent: capture() takes 1 positional argument but 3 were given
[32mINFO[0m:     [02-07-2026 19:33:17] 127.0.0.1:58567 - "POST /api/v1/collections/04b9833e-32a9-4ce2-877d-ac206ff5d36f/delete HTTP/1.1" 200
[33mWARNING[0m:  [02-07-2026 19:33:17] Delete of nonexisting embedding ID: c89e704d5f2c1fc405c79f1db1f8f077_491
[33mWARNING[0m:  [02-07-2026 19:33:17] Delete of nonexisting embedding ID: c89e704d5f2c1fc405c79f1db1f8f077_491
[31mERROR[0m:    [02-07-2026 19:33:17] Failed to send telemetry event CollectionDeleteEvent: capture() takes 1 positional argument but 3 were given
[32mINFO[0m:     [02-07-2026 19:33:17] 127.0.0.1:58567 - "POST /api/v1/collections/04b9833e-32a9-4ce2-877d-ac206ff5d36f/delete HTTP/1.1" 200
[33mWARNING[0m:  [02-07-2026 19:33:17] Delete of nonexisting embedding ID: c89e704d5f2c1fc405c79f1db1f8f077_171
[33mWARNING[0m:  [02-07-2026 19:33:17] Delete of nonexisting embedding ID: c89e704d5f2c1fc405c79f1db1f8f077_171
[31mERROR[0m:    [02-07-2026 19:33:17] Failed to send telemetry event CollectionDeleteEvent: capture() takes 1 positional argument but 3 were given
[32mINFO[0m:     [02-07-2026 19:33:17] 127.0.0.1:58567 - "POST /api/v1/collections/04b9833e-32a9-4ce2-877d-ac206ff5d36f/delete HTTP/1.1" 200
[33mWARNING[0m:  [02-07-2026 19:33:17] Delete of nonexisting embedding ID: c89e704d5f2c1fc405c79f1db1f8f077_175
[33mWARNING[0m:  [02-07-2026 19:33:17] Delete of nonexisting embedding ID: c89e704d5f2c1fc405c79f1db1f8f077_175
[31mERROR[0m:    [02-07-2026 19:33:17] Failed to send telemetry event CollectionDeleteEvent: capture() takes 1 positional argument but 3 were given
[32mINFO[0m:     [02-07-2026 19:33:17] 127.0.0.1:58567 - "POST /api/v1/collections/04b9833e-32a9-4ce2-877d-ac206ff5d36f/delete HTTP/1.1" 200
[33mWARNING[0m:  [02-07-2026 19:33:17] Delete of nonexisting embedding ID: c89e704d5f2c1fc405c79f1db1f8f077_251
[33mWARNING[0m:  [02-07-2026 19:33:17] Delete of nonexisting embedding ID: c89e704d5f2c1fc405c79f1db1f8f077_251
[31mERROR[0m:    [02-07-2026 19:33:17] Failed to send telemetry event CollectionDeleteEvent: capture() takes 1 positional argument but 3 were given
[32mINFO[0m:     [02-07-2026 19:33:17] 127.0.0.1:58567 - "POST /api/v1/collections/04b9833e-32a9-4ce2-877d-ac206ff5d36f/delete HTTP/1.1" 200
[33mWARNING[0m:  [02-07-2026 19:33:17] Delete of nonexisting embedding ID: c89e704d5f2c1fc405c79f1db1f8f077_115
[33mWARNING[0m:  [02-07-2026 19:33:17] Delete of nonexisting embedding ID: c89e704d5f2c1fc405c79f1db1f8f077_115
[31mERROR[0m:    [02-07-2026 19:33:17] Failed to send telemetry event CollectionDeleteEvent: capture() takes 1 positional argument but 3 were given
[32mINFO[0m:     [02-07-2026 19:33:17] 127.0.0.1:58567 - "POST /api/v1/collections/04b9833e-32a9-4ce2-877d-ac206ff5d36f/delete HTTP/1.1" 200
[33mWARNING[0m:  [02-07-2026 19:33:17] Delete of nonexisting embedding ID: c89e704d5f2c1fc405c79f1db1f8f077_310
[33mWARNING[0m:  [02-07-2026 19:33:17] Delete of nonexisting embedding ID: c89e704d5f2c1fc405c79f1db1f8f077_310
[31mERROR[0m:    [02-07-2026 19:33:18] Failed to send telemetry event CollectionDeleteEvent: capture() takes 1 positional argument but 3 were given
[32mINFO[0m:     [02-07-2026 19:33:18] 127.0.0.1:58567 - "POST /api/v1/collections/04b9833e-32a9-4ce2-877d-ac206ff5d36f/delete HTTP/1.1" 200
[33mWARNING[0m:  [02-07-2026 19:33:18] Delete of nonexisting embedding ID: c89e704d5f2c1fc405c79f1db1f8f077_54
[33mWARNING[0m:  [02-07-2026 19:33:18] Delete of nonexisting embedding ID: c89e704d5f2c1fc405c79f1db1f8f077_54
[31mERROR[0m:    [02-07-2026 19:33:18] Failed to send telemetry event CollectionDeleteEvent: capture() takes 1 positional argument but 3 were given
[32mINFO[0m:     [02-07-2026 19:33:18] 127.0.0.1:58567 - "POST /api/v1/collections/04b9833e-32a9-4ce2-877d-ac206ff5d36f/delete HTTP/1.1" 200
[33mWARNING[0m:  [02-07-2026 19:33:18] Delete of nonexisting embedding ID: c89e704d5f2c1fc405c79f1db1f8f077_30
[33mWARNING[0m:  [02-07-2026 19:33:18] Delete of nonexisting embedding ID: c89e704d5f2c1fc405c79f1db1f8f077_30
[31mERROR[0m:    [02-07-2026 19:33:18] Failed to send telemetry event CollectionDeleteEvent: capture() takes 1 positional argument but 3 were given
[32mINFO[0m:     [02-07-2026 19:33:18] 127.0.0.1:58567 - "POST /api/v1/collections/04b9833e-32a9-4ce2-877d-ac206ff5d36f/delete HTTP/1.1" 200
[33mWARNING[0m:  [02-07-2026 19:33:18] Delete of nonexisting embedding ID: c89e704d5f2c1fc405c79f1db1f8f077_31
[33mWARNING[0m:  [02-07-2026 19:33:18] Delete of nonexisting embedding ID: c89e704d5f2c1fc405c79f1db1f8f077_31
[31mERROR[0m:    [02-07-2026 19:33:18] Failed to send telemetry event CollectionDeleteEvent: capture() takes 1 positional argument but 3 were given
[32mINFO[0m:     [02-07-2026 19:33:18] 127.0.0.1:58567 - "POST /api/v1/collections/04b9833e-32a9-4ce2-877d-ac206ff5d36f/delete HTTP/1.1" 200
[33mWARNING[0m:  [02-07-2026 19:33:18] Delete of nonexisting embedding ID: c89e704d5f2c1fc405c79f1db1f8f077_374
[33mWARNING[0m:  [02-07-2026 19:33:18] Delete of nonexisting embedding ID: c89e704d5f2c1fc405c79f1db1f8f077_374
[31mERROR[0m:    [02-07-2026 19:33:18] Failed to send telemetry event CollectionDeleteEvent: capture() takes 1 positional argument but 3 were given
[32mINFO[0m:     [02-07-2026 19:33:18] 127.0.0.1:58567 - "POST /api/v1/collections/04b9833e-32a9-4ce2-877d-ac206ff5d36f/delete HTTP/1.1" 200
[33mWARNING[0m:  [02-07-2026 19:33:18] Delete of nonexisting embedding ID: c89e704d5f2c1fc405c79f1db1f8f077_103
[33mWARNING[0m:  [02-07-2026 19:33:18] Delete of nonexisting embedding ID: c89e704d5f2c1fc405c79f1db1f8f077_103
[31mERROR[0m:    [02-07-2026 19:33:18] Failed to send telemetry event CollectionDeleteEvent: capture() takes 1 positional argument but 3 were given
[32mINFO[0m:     [02-07-2026 19:33:18] 127.0.0.1:58567 - "POST /api/v1/collections/04b9833e-32a9-4ce2-877d-ac206ff5d36f/delete HTTP/1.1" 200
[33mWARNING[0m:  [02-07-2026 19:33:18] Delete of nonexisting embedding ID: c89e704d5f2c1fc405c79f1db1f8f077_474
[33mWARNING[0m:  [02-07-2026 19:33:18] Delete of nonexisting embedding ID: c89e704d5f2c1fc405c79f1db1f8f077_474
[31mERROR[0m:    [02-07-2026 19:33:19] Failed to send telemetry event CollectionDeleteEvent: capture() takes 1 positional argument but 3 were given
[32mINFO[0m:     [02-07-2026 19:33:19] 127.0.0.1:58567 - "POST /api/v1/collections/04b9833e-32a9-4ce2-877d-ac206ff5d36f/delete HTTP/1.1" 200
[33mWARNING[0m:  [02-07-2026 19:33:19] Delete of nonexisting embedding ID: c89e704d5f2c1fc405c79f1db1f8f077_510
[33mWARNING[0m:  [02-07-2026 19:33:19] Delete of nonexisting embedding ID: c89e704d5f2c1fc405c79f1db1f8f077_510
[31mERROR[0m:    [02-07-2026 19:33:19] Failed to send telemetry event CollectionDeleteEvent: capture() takes 1 positional argument but 3 were given
[32mINFO[0m:     [02-07-2026 19:33:19] 127.0.0.1:58567 - "POST /api/v1/collections/04b9833e-32a9-4ce2-877d-ac206ff5d36f/delete HTTP/1.1" 200
[33mWARNING[0m:  [02-07-2026 19:33:19] Delete of nonexisting embedding ID: c89e704d5f2c1fc405c79f1db1f8f077_351
[33mWARNING[0m:  [02-07-2026 19:33:19] Delete of nonexisting embedding ID: c89e704d5f2c1fc405c79f1db1f8f077_351
[31mERROR[0m:    [02-07-2026 19:33:19] Failed to send telemetry event CollectionDeleteEvent: capture() takes 1 positional argument but 3 were given
[32mINFO[0m:     [02-07-2026 19:33:19] 127.0.0.1:58567 - "POST /api/v1/collections/04b9833e-32a9-4ce2-877d-ac206ff5d36f/delete HTTP/1.1" 200
[33mWARNING[0m:  [02-07-2026 19:33:19] Delete of nonexisting embedding ID: c89e704d5f2c1fc405c79f1db1f8f077_174
[33mWARNING[0m:  [02-07-2026 19:33:19] Delete of nonexisting embedding ID: c89e704d5f2c1fc405c79f1db1f8f077_174
[31mERROR[0m:    [02-07-2026 19:33:19] Failed to send telemetry event CollectionDeleteEvent: capture() takes 1 positional argument but 3 were given
[32mINFO[0m:     [02-07-2026 19:33:19] 127.0.0.1:58567 - "POST /api/v1/collections/04b9833e-32a9-4ce2-877d-ac206ff5d36f/delete HTTP/1.1" 200
[33mWARNING[0m:  [02-07-2026 19:33:19] Delete of nonexisting embedding ID: c89e704d5f2c1fc405c79f1db1f8f077_58
[33mWARNING[0m:  [02-07-2026 19:33:19] Delete of nonexisting embedding ID: c89e704d5f2c1fc405c79f1db1f8f077_58
[31mERROR[0m:    [02-07-2026 19:33:19] Failed to send telemetry event CollectionDeleteEvent: capture() takes 1 positional argument but 3 were given
[32mINFO[0m:     [02-07-2026 19:33:19] 127.0.0.1:58567 - "POST /api/v1/collections/04b9833e-32a9-4ce2-877d-ac206ff5d36f/delete HTTP/1.1" 200
[33mWARNING[0m:  [02-07-2026 19:33:19] Delete of nonexisting embedding ID: c89e704d5f2c1fc405c79f1db1f8f077_515
[33mWARNING[0m:  [02-07-2026 19:33:19] Delete of nonexisting embedding ID: c89e704d5f2c1fc405c79f1db1f8f077_515
[31mERROR[0m:    [02-07-2026 19:33:19] Failed to send telemetry event CollectionDeleteEvent: capture() takes 1 positional argument but 3 were given
[32mINFO[0m:     [02-07-2026 19:33:19] 127.0.0.1:58567 - "POST /api/v1/collections/04b9833e-32a9-4ce2-877d-ac206ff5d36f/delete HTTP/1.1" 200
[33mWARNING[0m:  [02-07-2026 19:33:19] Delete of nonexisting embedding ID: c89e704d5f2c1fc405c79f1db1f8f077_412
[33mWARNING[0m:  [02-07-2026 19:33:19] Delete of nonexisting embedding ID: c89e704d5f2c1fc405c79f1db1f8f077_412
[31mERROR[0m:    [02-07-2026 19:33:20] Failed to send telemetry event CollectionDeleteEvent: capture() takes 1 positional argument but 3 were given
[32mINFO[0m:     [02-07-2026 19:33:20] 127.0.0.1:58567 - "POST /api/v1/collections/04b9833e-32a9-4ce2-877d-ac206ff5d36f/delete HTTP/1.1" 200
[33mWARNING[0m:  [02-07-2026 19:33:20] Delete of nonexisting embedding ID: c89e704d5f2c1fc405c79f1db1f8f077_42
[33mWARNING[0m:  [02-07-2026 19:33:20] Delete of nonexisting embedding ID: c89e704d5f2c1fc405c79f1db1f8f077_42
[31mERROR[0m:    [02-07-2026 19:33:20] Failed to send telemetry event CollectionDeleteEvent: capture() takes 1 positional argument but 3 were given
[32mINFO[0m:     [02-07-2026 19:33:20] 127.0.0.1:58567 - "POST /api/v1/collections/04b9833e-32a9-4ce2-877d-ac206ff5d36f/delete HTTP/1.1" 200
[33mWARNING[0m:  [02-07-2026 19:33:20] Delete of nonexisting embedding ID: c89e704d5f2c1fc405c79f1db1f8f077_499
[33mWARNING[0m:  [02-07-2026 19:33:20] Delete of nonexisting embedding ID: c89e704d5f2c1fc405c79f1db1f8f077_499
[31mERROR[0m:    [02-07-2026 19:33:20] Failed to send telemetry event CollectionDeleteEvent: capture() takes 1 positional argument but 3 were given
[32mINFO[0m:     [02-07-2026 19:33:20] 127.0.0.1:58567 - "POST /api/v1/collections/04b9833e-32a9-4ce2-877d-ac206ff5d36f/delete HTTP/1.1" 200
[33mWARNING[0m:  [02-07-2026 19:33:20] Delete of nonexisting embedding ID: c89e704d5f2c1fc405c79f1db1f8f077_161
[33mWARNING[0m:  [02-07-2026 19:33:20] Delete of nonexisting embedding ID: c89e704d5f2c1fc405c79f1db1f8f077_161
[31mERROR[0m:    [02-07-2026 19:33:20] Failed to send telemetry event CollectionDeleteEvent: capture() takes 1 positional argument but 3 were given
[32mINFO[0m:     [02-07-2026 19:33:20] 127.0.0.1:58567 - "POST /api/v1/collections/04b9833e-32a9-4ce2-877d-ac206ff5d36f/delete HTTP/1.1" 200
[33mWARNING[0m:  [02-07-2026 19:33:20] Delete of nonexisting embedding ID: c89e704d5f2c1fc405c79f1db1f8f077_184
[33mWARNING[0m:  [02-07-2026 19:33:20] Delete of nonexisting embedding ID: c89e704d5f2c1fc405c79f1db1f8f077_184
[31mERROR[0m:    [02-07-2026 19:33:20] Failed to send telemetry event CollectionDeleteEvent: capture() takes 1 positional argument but 3 were given
[32mINFO[0m:     [02-07-2026 19:33:20] 127.0.0.1:58567 - "POST /api/v1/collections/04b9833e-32a9-4ce2-877d-ac206ff5d36f/delete HTTP/1.1" 200
[33mWARNING[0m:  [02-07-2026 19:33:20] Delete of nonexisting embedding ID: c89e704d5f2c1fc405c79f1db1f8f077_313
[33mWARNING[0m:  [02-07-2026 19:33:20] Delete of nonexisting embedding ID: c89e704d5f2c1fc405c79f1db1f8f077_313
[31mERROR[0m:    [02-07-2026 19:33:20] Failed to send telemetry event CollectionDeleteEvent: capture() takes 1 positional argument but 3 were given
[32mINFO[0m:     [02-07-2026 19:33:20] 127.0.0.1:58567 - "POST /api/v1/collections/04b9833e-32a9-4ce2-877d-ac206ff5d36f/delete HTTP/1.1" 200
[33mWARNING[0m:  [02-07-2026 19:33:20] Delete of nonexisting embedding ID: c89e704d5f2c1fc405c79f1db1f8f077_496
[33mWARNING[0m:  [02-07-2026 19:33:20] Delete of nonexisting embedding ID: c89e704d5f2c1fc405c79f1db1f8f077_496
[31mERROR[0m:    [02-07-2026 19:33:21] Failed to send telemetry event CollectionDeleteEvent: capture() takes 1 positional argument but 3 were given
[32mINFO[0m:     [02-07-2026 19:33:21] 127.0.0.1:58567 - "POST /api/v1/collections/04b9833e-32a9-4ce2-877d-ac206ff5d36f/delete HTTP/1.1" 200
[33mWARNING[0m:  [02-07-2026 19:33:21] Delete of nonexisting embedding ID: c89e704d5f2c1fc405c79f1db1f8f077_139
[33mWARNING[0m:  [02-07-2026 19:33:21] Delete of nonexisting embedding ID: c89e704d5f2c1fc405c79f1db1f8f077_139
[31mERROR[0m:    [02-07-2026 19:33:21] Failed to send telemetry event CollectionDeleteEvent: capture() takes 1 positional argument but 3 were given
[32mINFO[0m:     [02-07-2026 19:33:21] 127.0.0.1:58567 - "POST /api/v1/collections/04b9833e-32a9-4ce2-877d-ac206ff5d36f/delete HTTP/1.1" 200
[33mWARNING[0m:  [02-07-2026 19:33:21] Delete of nonexisting embedding ID: c89e704d5f2c1fc405c79f1db1f8f077_102
[33mWARNING[0m:  [02-07-2026 19:33:21] Delete of nonexisting embedding ID: c89e704d5f2c1fc405c79f1db1f8f077_102
[31mERROR[0m:    [02-07-2026 19:33:21] Failed to send telemetry event CollectionDeleteEvent: capture() takes 1 positional argument but 3 were given
[32mINFO[0m:     [02-07-2026 19:33:21] 127.0.0.1:58567 - "POST /api/v1/collections/04b9833e-32a9-4ce2-877d-ac206ff5d36f/delete HTTP/1.1" 200
[33mWARNING[0m:  [02-07-2026 19:33:21] Delete of nonexisting embedding ID: c89e704d5f2c1fc405c79f1db1f8f077_10
[33mWARNING[0m:  [02-07-2026 19:33:21] Delete of nonexisting embedding ID: c89e704d5f2c1fc405c79f1db1f8f077_10
[31mERROR[0m:    [02-07-2026 19:33:21] Failed to send telemetry event CollectionDeleteEvent: capture() takes 1 positional argument but 3 were given
[32mINFO[0m:     [02-07-2026 19:33:21] 127.0.0.1:58567 - "POST /api/v1/collections/04b9833e-32a9-4ce2-877d-ac206ff5d36f/delete HTTP/1.1" 200
[33mWARNING[0m:  [02-07-2026 19:33:21] Delete of nonexisting embedding ID: c89e704d5f2c1fc405c79f1db1f8f077_508
[33mWARNING[0m:  [02-07-2026 19:33:21] Delete of nonexisting embedding ID: c89e704d5f2c1fc405c79f1db1f8f077_508
[31mERROR[0m:    [02-07-2026 19:33:21] Failed to send telemetry event CollectionDeleteEvent: capture() takes 1 positional argument but 3 were given
[32mINFO[0m:     [02-07-2026 19:33:21] 127.0.0.1:58567 - "POST /api/v1/collections/04b9833e-32a9-4ce2-877d-ac206ff5d36f/delete HTTP/1.1" 200
[33mWARNING[0m:  [02-07-2026 19:33:21] Delete of nonexisting embedding ID: c89e704d5f2c1fc405c79f1db1f8f077_327
[33mWARNING[0m:  [02-07-2026 19:33:21] Delete of nonexisting embedding ID: c89e704d5f2c1fc405c79f1db1f8f077_327
[31mERROR[0m:    [02-07-2026 19:33:21] Failed to send telemetry event CollectionDeleteEvent: capture() takes 1 positional argument but 3 were given
[32mINFO[0m:     [02-07-2026 19:33:21] 127.0.0.1:58567 - "POST /api/v1/collections/04b9833e-32a9-4ce2-877d-ac206ff5d36f/delete HTTP/1.1" 200
[33mWARNING[0m:  [02-07-2026 19:33:22] Delete of nonexisting embedding ID: c89e704d5f2c1fc405c79f1db1f8f077_131
[33mWARNING[0m:  [02-07-2026 19:33:22] Delete of nonexisting embedding ID: c89e704d5f2c1fc405c79f1db1f8f077_131
[31mERROR[0m:    [02-07-2026 19:33:22] Failed to send telemetry event CollectionDeleteEvent: capture() takes 1 positional argument but 3 were given
[32mINFO[0m:     [02-07-2026 19:33:22] 127.0.0.1:58567 - "POST /api/v1/collections/04b9833e-32a9-4ce2-877d-ac206ff5d36f/delete HTTP/1.1" 200
[33mWARNING[0m:  [02-07-2026 19:33:22] Delete of nonexisting embedding ID: c89e704d5f2c1fc405c79f1db1f8f077_35
[33mWARNING[0m:  [02-07-2026 19:33:22] Delete of nonexisting embedding ID: c89e704d5f2c1fc405c79f1db1f8f077_35
[31mERROR[0m:    [02-07-2026 19:33:22] Failed to send telemetry event CollectionDeleteEvent: capture() takes 1 positional argument but 3 were given
[32mINFO[0m:     [02-07-2026 19:33:22] 127.0.0.1:58567 - "POST /api/v1/collections/04b9833e-32a9-4ce2-877d-ac206ff5d36f/delete HTTP/1.1" 200
[33mWARNING[0m:  [02-07-2026 19:33:22] Delete of nonexisting embedding ID: c89e704d5f2c1fc405c79f1db1f8f077_169
[33mWARNING[0m:  [02-07-2026 19:33:22] Delete of nonexisting embedding ID: c89e704d5f2c1fc405c79f1db1f8f077_169
[31mERROR[0m:    [02-07-2026 19:33:22] Failed to send telemetry event CollectionDeleteEvent: capture() takes 1 positional argument but 3 were given
[32mINFO[0m:     [02-07-2026 19:33:22] 127.0.0.1:58567 - "POST /api/v1/collections/04b9833e-32a9-4ce2-877d-ac206ff5d36f/delete HTTP/1.1" 200
[33mWARNING[0m:  [02-07-2026 19:33:22] Delete of nonexisting embedding ID: c89e704d5f2c1fc405c79f1db1f8f077_378
[33mWARNING[0m:  [02-07-2026 19:33:22] Delete of nonexisting embedding ID: c89e704d5f2c1fc405c79f1db1f8f077_378
[31mERROR[0m:    [02-07-2026 19:33:22] Failed to send telemetry event CollectionDeleteEvent: capture() takes 1 positional argument but 3 were given
[32mINFO[0m:     [02-07-2026 19:33:22] 127.0.0.1:58567 - "POST /api/v1/collections/04b9833e-32a9-4ce2-877d-ac206ff5d36f/delete HTTP/1.1" 200
[33mWARNING[0m:  [02-07-2026 19:33:22] Delete of nonexisting embedding ID: c89e704d5f2c1fc405c79f1db1f8f077_180
[33mWARNING[0m:  [02-07-2026 19:33:22] Delete of nonexisting embedding ID: c89e704d5f2c1fc405c79f1db1f8f077_180
[31mERROR[0m:    [02-07-2026 19:33:23] Failed to send telemetry event CollectionDeleteEvent: capture() takes 1 positional argument but 3 were given
[32mINFO[0m:     [02-07-2026 19:33:23] 127.0.0.1:58567 - "POST /api/v1/collections/04b9833e-32a9-4ce2-877d-ac206ff5d36f/delete HTTP/1.1" 200
[33mWARNING[0m:  [02-07-2026 19:33:23] Delete of nonexisting embedding ID: c89e704d5f2c1fc405c79f1db1f8f077_422
[33mWARNING[0m:  [02-07-2026 19:33:23] Delete of nonexisting embedding ID: c89e704d5f2c1fc405c79f1db1f8f077_422
[31mERROR[0m:    [02-07-2026 19:33:23] Failed to send telemetry event CollectionDeleteEvent: capture() takes 1 positional argument but 3 were given
[32mINFO[0m:     [02-07-2026 19:33:23] 127.0.0.1:58567 - "POST /api/v1/collections/04b9833e-32a9-4ce2-877d-ac206ff5d36f/delete HTTP/1.1" 200
[33mWARNING[0m:  [02-07-2026 19:33:23] Delete of nonexisting embedding ID: c89e704d5f2c1fc405c79f1db1f8f077_354
[33mWARNING[0m:  [02-07-2026 19:33:23] Delete of nonexisting embedding ID: c89e704d5f2c1fc405c79f1db1f8f077_354
[31mERROR[0m:    [02-07-2026 19:33:23] Failed to send telemetry event CollectionDeleteEvent: capture() takes 1 positional argument but 3 were given
[32mINFO[0m:     [02-07-2026 19:33:23] 127.0.0.1:58567 - "POST /api/v1/collections/04b9833e-32a9-4ce2-877d-ac206ff5d36f/delete HTTP/1.1" 200
[33mWARNING[0m:  [02-07-2026 19:33:23] Delete of nonexisting embedding ID: c89e704d5f2c1fc405c79f1db1f8f077_230
[33mWARNING[0m:  [02-07-2026 19:33:23] Delete of nonexisting embedding ID: c89e704d5f2c1fc405c79f1db1f8f077_230
[31mERROR[0m:    [02-07-2026 19:33:23] Failed to send telemetry event CollectionDeleteEvent: capture() takes 1 positional argument but 3 were given
[32mINFO[0m:     [02-07-2026 19:33:23] 127.0.0.1:58567 - "POST /api/v1/collections/04b9833e-32a9-4ce2-877d-ac206ff5d36f/delete HTTP/1.1" 200
[33mWARNING[0m:  [02-07-2026 19:33:23] Delete of nonexisting embedding ID: c89e704d5f2c1fc405c79f1db1f8f077_350
[33mWARNING[0m:  [02-07-2026 19:33:23] Delete of nonexisting embedding ID: c89e704d5f2c1fc405c79f1db1f8f077_350
[31mERROR[0m:    [02-07-2026 19:33:23] Failed to send telemetry event CollectionDeleteEvent: capture() takes 1 positional argument but 3 were given
[32mINFO[0m:     [02-07-2026 19:33:23] 127.0.0.1:58567 - "POST /api/v1/collections/04b9833e-32a9-4ce2-877d-ac206ff5d36f/delete HTTP/1.1" 200
[33mWARNING[0m:  [02-07-2026 19:33:23] Delete of nonexisting embedding ID: c89e704d5f2c1fc405c79f1db1f8f077_79
[33mWARNING[0m:  [02-07-2026 19:33:23] Delete of nonexisting embedding ID: c89e704d5f2c1fc405c79f1db1f8f077_79
[31mERROR[0m:    [02-07-2026 19:33:23] Failed to send telemetry event CollectionDeleteEvent: capture() takes 1 positional argument but 3 were given
[32mINFO[0m:     [02-07-2026 19:33:23] 127.0.0.1:58567 - "POST /api/v1/collections/04b9833e-32a9-4ce2-877d-ac206ff5d36f/delete HTTP/1.1" 200
[33mWARNING[0m:  [02-07-2026 19:33:23] Delete of nonexisting embedding ID: c89e704d5f2c1fc405c79f1db1f8f077_154
[33mWARNING[0m:  [02-07-2026 19:33:23] Delete of nonexisting embedding ID: c89e704d5f2c1fc405c79f1db1f8f077_154
[31mERROR[0m:    [02-07-2026 19:33:23] Failed to send telemetry event CollectionDeleteEvent: capture() takes 1 positional argument but 3 were given
[32mINFO[0m:     [02-07-2026 19:33:23] 127.0.0.1:58567 - "POST /api/v1/collections/04b9833e-32a9-4ce2-877d-ac206ff5d36f/delete HTTP/1.1" 200
[33mWARNING[0m:  [02-07-2026 19:33:23] Delete of nonexisting embedding ID: c89e704d5f2c1fc405c79f1db1f8f077_423
[33mWARNING[0m:  [02-07-2026 19:33:23] Delete of nonexisting embedding ID: c89e704d5f2c1fc405c79f1db1f8f077_423
[31mERROR[0m:    [02-07-2026 19:33:24] Failed to send telemetry event CollectionDeleteEvent: capture() takes 1 positional argument but 3 were given
[32mINFO[0m:     [02-07-2026 19:33:24] 127.0.0.1:58567 - "POST /api/v1/collections/04b9833e-32a9-4ce2-877d-ac206ff5d36f/delete HTTP/1.1" 200
[33mWARNING[0m:  [02-07-2026 19:33:24] Delete of nonexisting embedding ID: c89e704d5f2c1fc405c79f1db1f8f077_433
[33mWARNING[0m:  [02-07-2026 19:33:24] Delete of nonexisting embedding ID: c89e704d5f2c1fc405c79f1db1f8f077_433
[31mERROR[0m:    [02-07-2026 19:33:24] Failed to send telemetry event CollectionDeleteEvent: capture() takes 1 positional argument but 3 were given
[32mINFO[0m:     [02-07-2026 19:33:24] 127.0.0.1:58567 - "POST /api/v1/collections/04b9833e-32a9-4ce2-877d-ac206ff5d36f/delete HTTP/1.1" 200
[33mWARNING[0m:  [02-07-2026 19:33:24] Delete of nonexisting embedding ID: c89e704d5f2c1fc405c79f1db1f8f077_43
[33mWARNING[0m:  [02-07-2026 19:33:24] Delete of nonexisting embedding ID: c89e704d5f2c1fc405c79f1db1f8f077_43
[31mERROR[0m:    [02-07-2026 19:33:24] Failed to send telemetry event CollectionDeleteEvent: capture() takes 1 positional argument but 3 were given
[32mINFO[0m:     [02-07-2026 19:33:24] 127.0.0.1:58567 - "POST /api/v1/collections/04b9833e-32a9-4ce2-877d-ac206ff5d36f/delete HTTP/1.1" 200
[33mWARNING[0m:  [02-07-2026 19:33:24] Delete of nonexisting embedding ID: c89e704d5f2c1fc405c79f1db1f8f077_149
[33mWARNING[0m:  [02-07-2026 19:33:24] Delete of nonexisting embedding ID: c89e704d5f2c1fc405c79f1db1f8f077_149
[31mERROR[0m:    [02-07-2026 19:33:24] Failed to send telemetry event CollectionDeleteEvent: capture() takes 1 positional argument but 3 were given
[32mINFO[0m:     [02-07-2026 19:33:24] 127.0.0.1:58567 - "POST /api/v1/collections/04b9833e-32a9-4ce2-877d-ac206ff5d36f/delete HTTP/1.1" 200
[33mWARNING[0m:  [02-07-2026 19:33:24] Delete of nonexisting embedding ID: c89e704d5f2c1fc405c79f1db1f8f077_472
[33mWARNING[0m:  [02-07-2026 19:33:24] Delete of nonexisting embedding ID: c89e704d5f2c1fc405c79f1db1f8f077_472
[31mERROR[0m:    [02-07-2026 19:33:25] Failed to send telemetry event CollectionDeleteEvent: capture() takes 1 positional argument but 3 were given
[32mINFO[0m:     [02-07-2026 19:33:25] 127.0.0.1:58567 - "POST /api/v1/collections/04b9833e-32a9-4ce2-877d-ac206ff5d36f/delete HTTP/1.1" 200
[33mWARNING[0m:  [02-07-2026 19:33:25] Delete of nonexisting embedding ID: c89e704d5f2c1fc405c79f1db1f8f077_224
[33mWARNING[0m:  [02-07-2026 19:33:25] Delete of nonexisting embedding ID: c89e704d5f2c1fc405c79f1db1f8f077_224
[31mERROR[0m:    [02-07-2026 19:33:25] Failed to send telemetry event CollectionDeleteEvent: capture() takes 1 positional argument but 3 were given
[32mINFO[0m:     [02-07-2026 19:33:25] 127.0.0.1:58567 - "POST /api/v1/collections/04b9833e-32a9-4ce2-877d-ac206ff5d36f/delete HTTP/1.1" 200
[33mWARNING[0m:  [02-07-2026 19:33:25] Delete of nonexisting embedding ID: c89e704d5f2c1fc405c79f1db1f8f077_309
[33mWARNING[0m:  [02-07-2026 19:33:25] Delete of nonexisting embedding ID: c89e704d5f2c1fc405c79f1db1f8f077_309
[31mERROR[0m:    [02-07-2026 19:33:25] Failed to send telemetry event CollectionDeleteEvent: capture() takes 1 positional argument but 3 were given
[32mINFO[0m:     [02-07-2026 19:33:25] 127.0.0.1:58567 - "POST /api/v1/collections/04b9833e-32a9-4ce2-877d-ac206ff5d36f/delete HTTP/1.1" 200
[33mWARNING[0m:  [02-07-2026 19:33:25] Delete of nonexisting embedding ID: c89e704d5f2c1fc405c79f1db1f8f077_400
[33mWARNING[0m:  [02-07-2026 19:33:25] Delete of nonexisting embedding ID: c89e704d5f2c1fc405c79f1db1f8f077_400
[31mERROR[0m:    [02-07-2026 19:33:25] Failed to send telemetry event CollectionDeleteEvent: capture() takes 1 positional argument but 3 were given
[32mINFO[0m:     [02-07-2026 19:33:25] 127.0.0.1:58567 - "POST /api/v1/collections/04b9833e-32a9-4ce2-877d-ac206ff5d36f/delete HTTP/1.1" 200
[33mWARNING[0m:  [02-07-2026 19:33:25] Delete of nonexisting embedding ID: c89e704d5f2c1fc405c79f1db1f8f077_84
[33mWARNING[0m:  [02-07-2026 19:33:25] Delete of nonexisting embedding ID: c89e704d5f2c1fc405c79f1db1f8f077_84
[31mERROR[0m:    [02-07-2026 19:33:25] Failed to send telemetry event CollectionDeleteEvent: capture() takes 1 positional argument but 3 were given
[32mINFO[0m:     [02-07-2026 19:33:25] 127.0.0.1:58567 - "POST /api/v1/collections/04b9833e-32a9-4ce2-877d-ac206ff5d36f/delete HTTP/1.1" 200
[33mWARNING[0m:  [02-07-2026 19:33:25] Delete of nonexisting embedding ID: c89e704d5f2c1fc405c79f1db1f8f077_459
[33mWARNING[0m:  [02-07-2026 19:33:25] Delete of nonexisting embedding ID: c89e704d5f2c1fc405c79f1db1f8f077_459
[31mERROR[0m:    [02-07-2026 19:33:25] Failed to send telemetry event CollectionDeleteEvent: capture() takes 1 positional argument but 3 were given
[32mINFO[0m:     [02-07-2026 19:33:25] 127.0.0.1:58567 - "POST /api/v1/collections/04b9833e-32a9-4ce2-877d-ac206ff5d36f/delete HTTP/1.1" 200
[33mWARNING[0m:  [02-07-2026 19:33:25] Delete of nonexisting embedding ID: c89e704d5f2c1fc405c79f1db1f8f077_249
[33mWARNING[0m:  [02-07-2026 19:33:25] Delete of nonexisting embedding ID: c89e704d5f2c1fc405c79f1db1f8f077_249
[31mERROR[0m:    [02-07-2026 19:33:25] Failed to send telemetry event CollectionDeleteEvent: capture() takes 1 positional argument but 3 were given
[32mINFO[0m:     [02-07-2026 19:33:25] 127.0.0.1:58567 - "POST /api/v1/collections/04b9833e-32a9-4ce2-877d-ac206ff5d36f/delete HTTP/1.1" 200
[33mWARNING[0m:  [02-07-2026 19:33:25] Delete of nonexisting embedding ID: c89e704d5f2c1fc405c79f1db1f8f077_464
[33mWARNING[0m:  [02-07-2026 19:33:25] Delete of nonexisting embedding ID: c89e704d5f2c1fc405c79f1db1f8f077_464
[31mERROR[0m:    [02-07-2026 19:33:26] Failed to send telemetry event CollectionDeleteEvent: capture() takes 1 positional argument but 3 were given
[32mINFO[0m:     [02-07-2026 19:33:26] 127.0.0.1:58567 - "POST /api/v1/collections/04b9833e-32a9-4ce2-877d-ac206ff5d36f/delete HTTP/1.1" 200
[33mWARNING[0m:  [02-07-2026 19:33:26] Delete of nonexisting embedding ID: c89e704d5f2c1fc405c79f1db1f8f077_68
[33mWARNING[0m:  [02-07-2026 19:33:26] Delete of nonexisting embedding ID: c89e704d5f2c1fc405c79f1db1f8f077_68
[31mERROR[0m:    [02-07-2026 19:33:26] Failed to send telemetry event CollectionDeleteEvent: capture() takes 1 positional argument but 3 were given
[32mINFO[0m:     [02-07-2026 19:33:26] 127.0.0.1:58567 - "POST /api/v1/collections/04b9833e-32a9-4ce2-877d-ac206ff5d36f/delete HTTP/1.1" 200
[33mWARNING[0m:  [02-07-2026 19:33:26] Delete of nonexisting embedding ID: c89e704d5f2c1fc405c79f1db1f8f077_293
[33mWARNING[0m:  [02-07-2026 19:33:26] Delete of nonexisting embedding ID: c89e704d5f2c1fc405c79f1db1f8f077_293
[31mERROR[0m:    [02-07-2026 19:33:26] Failed to send telemetry event CollectionDeleteEvent: capture() takes 1 positional argument but 3 were given
[32mINFO[0m:     [02-07-2026 19:33:26] 127.0.0.1:58567 - "POST /api/v1/collections/04b9833e-32a9-4ce2-877d-ac206ff5d36f/delete HTTP/1.1" 200
[33mWARNING[0m:  [02-07-2026 19:33:26] Delete of nonexisting embedding ID: c89e704d5f2c1fc405c79f1db1f8f077_128
[33mWARNING[0m:  [02-07-2026 19:33:26] Delete of nonexisting embedding ID: c89e704d5f2c1fc405c79f1db1f8f077_128
[31mERROR[0m:    [02-07-2026 19:33:26] Failed to send telemetry event CollectionDeleteEvent: capture() takes 1 positional argument but 3 were given
[32mINFO[0m:     [02-07-2026 19:33:26] 127.0.0.1:58567 - "POST /api/v1/collections/04b9833e-32a9-4ce2-877d-ac206ff5d36f/delete HTTP/1.1" 200
[33mWARNING[0m:  [02-07-2026 19:33:26] Delete of nonexisting embedding ID: c89e704d5f2c1fc405c79f1db1f8f077_244
[33mWARNING[0m:  [02-07-2026 19:33:26] Delete of nonexisting embedding ID: c89e704d5f2c1fc405c79f1db1f8f077_244
[31mERROR[0m:    [02-07-2026 19:33:26] Failed to send telemetry event CollectionDeleteEvent: capture() takes 1 positional argument but 3 were given
[32mINFO[0m:     [02-07-2026 19:33:26] 127.0.0.1:58567 - "POST /api/v1/collections/04b9833e-32a9-4ce2-877d-ac206ff5d36f/delete HTTP/1.1" 200
[33mWARNING[0m:  [02-07-2026 19:33:26] Delete of nonexisting embedding ID: c89e704d5f2c1fc405c79f1db1f8f077_151
[33mWARNING[0m:  [02-07-2026 19:33:26] Delete of nonexisting embedding ID: c89e704d5f2c1fc405c79f1db1f8f077_151
[31mERROR[0m:    [02-07-2026 19:33:26] Failed to send telemetry event CollectionDeleteEvent: capture() takes 1 positional argument but 3 were given
[32mINFO[0m:     [02-07-2026 19:33:26] 127.0.0.1:58567 - "POST /api/v1/collections/04b9833e-32a9-4ce2-877d-ac206ff5d36f/delete HTTP/1.1" 200
[33mWARNING[0m:  [02-07-2026 19:33:26] Delete of nonexisting embedding ID: c89e704d5f2c1fc405c79f1db1f8f077_70
[33mWARNING[0m:  [02-07-2026 19:33:26] Delete of nonexisting embedding ID: c89e704d5f2c1fc405c79f1db1f8f077_70
[31mERROR[0m:    [02-07-2026 19:33:27] Failed to send telemetry event CollectionDeleteEvent: capture() takes 1 positional argument but 3 were given
[32mINFO[0m:     [02-07-2026 19:33:27] 127.0.0.1:58567 - "POST /api/v1/collections/04b9833e-32a9-4ce2-877d-ac206ff5d36f/delete HTTP/1.1" 200
[33mWARNING[0m:  [02-07-2026 19:33:27] Delete of nonexisting embedding ID: c89e704d5f2c1fc405c79f1db1f8f077_481
[33mWARNING[0m:  [02-07-2026 19:33:27] Delete of nonexisting embedding ID: c89e704d5f2c1fc405c79f1db1f8f077_481
[31mERROR[0m:    [02-07-2026 19:33:27] Failed to send telemetry event CollectionDeleteEvent: capture() takes 1 positional argument but 3 were given
[32mINFO[0m:     [02-07-2026 19:33:27] 127.0.0.1:58567 - "POST /api/v1/collections/04b9833e-32a9-4ce2-877d-ac206ff5d36f/delete HTTP/1.1" 200
[33mWARNING[0m:  [02-07-2026 19:33:27] Delete of nonexisting embedding ID: c89e704d5f2c1fc405c79f1db1f8f077_391
[33mWARNING[0m:  [02-07-2026 19:33:27] Delete of nonexisting embedding ID: c89e704d5f2c1fc405c79f1db1f8f077_391
[31mERROR[0m:    [02-07-2026 19:33:27] Failed to send telemetry event CollectionDeleteEvent: capture() takes 1 positional argument but 3 were given
[32mINFO[0m:     [02-07-2026 19:33:27] 127.0.0.1:58567 - "POST /api/v1/collections/04b9833e-32a9-4ce2-877d-ac206ff5d36f/delete HTTP/1.1" 200
[33mWARNING[0m:  [02-07-2026 19:33:27] Delete of nonexisting embedding ID: c89e704d5f2c1fc405c79f1db1f8f077_166
[33mWARNING[0m:  [02-07-2026 19:33:27] Delete of nonexisting embedding ID: c89e704d5f2c1fc405c79f1db1f8f077_166
[31mERROR[0m:    [02-07-2026 19:33:27] Failed to send telemetry event CollectionDeleteEvent: capture() takes 1 positional argument but 3 were given
[32mINFO[0m:     [02-07-2026 19:33:27] 127.0.0.1:58567 - "POST /api/v1/collections/04b9833e-32a9-4ce2-877d-ac206ff5d36f/delete HTTP/1.1" 200
[33mWARNING[0m:  [02-07-2026 19:33:27] Delete of nonexisting embedding ID: c89e704d5f2c1fc405c79f1db1f8f077_503
[33mWARNING[0m:  [02-07-2026 19:33:27] Delete of nonexisting embedding ID: c89e704d5f2c1fc405c79f1db1f8f077_503
[31mERROR[0m:    [02-07-2026 19:33:27] Failed to send telemetry event CollectionDeleteEvent: capture() takes 1 positional argument but 3 were given
[32mINFO[0m:     [02-07-2026 19:33:27] 127.0.0.1:58567 - "POST /api/v1/collections/04b9833e-32a9-4ce2-877d-ac206ff5d36f/delete HTTP/1.1" 200
[33mWARNING[0m:  [02-07-2026 19:33:27] Delete of nonexisting embedding ID: c89e704d5f2c1fc405c79f1db1f8f077_545
[33mWARNING[0m:  [02-07-2026 19:33:27] Delete of nonexisting embedding ID: c89e704d5f2c1fc405c79f1db1f8f077_545
[31mERROR[0m:    [02-07-2026 19:33:27] Failed to send telemetry event CollectionDeleteEvent: capture() takes 1 positional argument but 3 were given
[32mINFO[0m:     [02-07-2026 19:33:27] 127.0.0.1:58567 - "POST /api/v1/collections/04b9833e-32a9-4ce2-877d-ac206ff5d36f/delete HTTP/1.1" 200
[33mWARNING[0m:  [02-07-2026 19:33:27] Delete of nonexisting embedding ID: c89e704d5f2c1fc405c79f1db1f8f077_23
[33mWARNING[0m:  [02-07-2026 19:33:27] Delete of nonexisting embedding ID: c89e704d5f2c1fc405c79f1db1f8f077_23
[31mERROR[0m:    [02-07-2026 19:33:27] Failed to send telemetry event CollectionDeleteEvent: capture() takes 1 positional argument but 3 were given
[32mINFO[0m:     [02-07-2026 19:33:27] 127.0.0.1:58567 - "POST /api/v1/collections/04b9833e-32a9-4ce2-877d-ac206ff5d36f/delete HTTP/1.1" 200
[33mWARNING[0m:  [02-07-2026 19:33:27] Delete of nonexisting embedding ID: c89e704d5f2c1fc405c79f1db1f8f077_520
[33mWARNING[0m:  [02-07-2026 19:33:27] Delete of nonexisting embedding ID: c89e704d5f2c1fc405c79f1db1f8f077_520
[31mERROR[0m:    [02-07-2026 19:33:28] Failed to send telemetry event CollectionDeleteEvent: capture() takes 1 positional argument but 3 were given
[32mINFO[0m:     [02-07-2026 19:33:28] 127.0.0.1:58567 - "POST /api/v1/collections/04b9833e-32a9-4ce2-877d-ac206ff5d36f/delete HTTP/1.1" 200
[33mWARNING[0m:  [02-07-2026 19:33:28] Delete of nonexisting embedding ID: c89e704d5f2c1fc405c79f1db1f8f077_130
[33mWARNING[0m:  [02-07-2026 19:33:28] Delete of nonexisting embedding ID: c89e704d5f2c1fc405c79f1db1f8f077_130
[31mERROR[0m:    [02-07-2026 19:33:28] Failed to send telemetry event CollectionDeleteEvent: capture() takes 1 positional argument but 3 were given
[32mINFO[0m:     [02-07-2026 19:33:28] 127.0.0.1:58567 - "POST /api/v1/collections/04b9833e-32a9-4ce2-877d-ac206ff5d36f/delete HTTP/1.1" 200
[33mWARNING[0m:  [02-07-2026 19:33:28] Delete of nonexisting embedding ID: c89e704d5f2c1fc405c79f1db1f8f077_83
[33mWARNING[0m:  [02-07-2026 19:33:28] Delete of nonexisting embedding ID: c89e704d5f2c1fc405c79f1db1f8f077_83
[31mERROR[0m:    [02-07-2026 19:33:28] Failed to send telemetry event CollectionDeleteEvent: capture() takes 1 positional argument but 3 were given
[32mINFO[0m:     [02-07-2026 19:33:28] 127.0.0.1:58567 - "POST /api/v1/collections/04b9833e-32a9-4ce2-877d-ac206ff5d36f/delete HTTP/1.1" 200
[33mWARNING[0m:  [02-07-2026 19:33:28] Delete of nonexisting embedding ID: c89e704d5f2c1fc405c79f1db1f8f077_501
[33mWARNING[0m:  [02-07-2026 19:33:28] Delete of nonexisting embedding ID: c89e704d5f2c1fc405c79f1db1f8f077_501
[31mERROR[0m:    [02-07-2026 19:33:28] Failed to send telemetry event CollectionDeleteEvent: capture() takes 1 positional argument but 3 were given
[32mINFO[0m:     [02-07-2026 19:33:28] 127.0.0.1:58567 - "POST /api/v1/collections/04b9833e-32a9-4ce2-877d-ac206ff5d36f/delete HTTP/1.1" 200
[33mWARNING[0m:  [02-07-2026 19:33:28] Delete of nonexisting embedding ID: c89e704d5f2c1fc405c79f1db1f8f077_243
[33mWARNING[0m:  [02-07-2026 19:33:28] Delete of nonexisting embedding ID: c89e704d5f2c1fc405c79f1db1f8f077_243
[31mERROR[0m:    [02-07-2026 19:33:28] Failed to send telemetry event CollectionDeleteEvent: capture() takes 1 positional argument but 3 were given
[32mINFO[0m:     [02-07-2026 19:33:28] 127.0.0.1:58567 - "POST /api/v1/collections/04b9833e-32a9-4ce2-877d-ac206ff5d36f/delete HTTP/1.1" 200
[33mWARNING[0m:  [02-07-2026 19:33:28] Delete of nonexisting embedding ID: c89e704d5f2c1fc405c79f1db1f8f077_24
[33mWARNING[0m:  [02-07-2026 19:33:28] Delete of nonexisting embedding ID: c89e704d5f2c1fc405c79f1db1f8f077_24
[31mERROR[0m:    [02-07-2026 19:33:28] Failed to send telemetry event CollectionDeleteEvent: capture() takes 1 positional argument but 3 were given
[32mINFO[0m:     [02-07-2026 19:33:28] 127.0.0.1:58567 - "POST /api/v1/collections/04b9833e-32a9-4ce2-877d-ac206ff5d36f/delete HTTP/1.1" 200
[33mWARNING[0m:  [02-07-2026 19:33:28] Delete of nonexisting embedding ID: c89e704d5f2c1fc405c79f1db1f8f077_100
[33mWARNING[0m:  [02-07-2026 19:33:28] Delete of nonexisting embedding ID: c89e704d5f2c1fc405c79f1db1f8f077_100
[31mERROR[0m:    [02-07-2026 19:33:29] Failed to send telemetry event CollectionDeleteEvent: capture() takes 1 positional argument but 3 were given
[32mINFO[0m:     [02-07-2026 19:33:29] 127.0.0.1:58567 - "POST /api/v1/collections/04b9833e-32a9-4ce2-877d-ac206ff5d36f/delete HTTP/1.1" 200
[33mWARNING[0m:  [02-07-2026 19:33:29] Delete of nonexisting embedding ID: c89e704d5f2c1fc405c79f1db1f8f077_125
[33mWARNING[0m:  [02-07-2026 19:33:29] Delete of nonexisting embedding ID: c89e704d5f2c1fc405c79f1db1f8f077_125
[31mERROR[0m:    [02-07-2026 19:33:29] Failed to send telemetry event CollectionDeleteEvent: capture() takes 1 positional argument but 3 were given
[32mINFO[0m:     [02-07-2026 19:33:29] 127.0.0.1:58567 - "POST /api/v1/collections/04b9833e-32a9-4ce2-877d-ac206ff5d36f/delete HTTP/1.1" 200
[33mWARNING[0m:  [02-07-2026 19:33:29] Delete of nonexisting embedding ID: c89e704d5f2c1fc405c79f1db1f8f077_38
[33mWARNING[0m:  [02-07-2026 19:33:29] Delete of nonexisting embedding ID: c89e704d5f2c1fc405c79f1db1f8f077_38
[31mERROR[0m:    [02-07-2026 19:33:29] Failed to send telemetry event CollectionDeleteEvent: capture() takes 1 positional argument but 3 were given
[32mINFO[0m:     [02-07-2026 19:33:29] 127.0.0.1:58567 - "POST /api/v1/collections/04b9833e-32a9-4ce2-877d-ac206ff5d36f/delete HTTP/1.1" 200
[33mWARNING[0m:  [02-07-2026 19:33:29] Delete of nonexisting embedding ID: c89e704d5f2c1fc405c79f1db1f8f077_250
[33mWARNING[0m:  [02-07-2026 19:33:29] Delete of nonexisting embedding ID: c89e704d5f2c1fc405c79f1db1f8f077_250
[31mERROR[0m:    [02-07-2026 19:33:30] Failed to send telemetry event CollectionDeleteEvent: capture() takes 1 positional argument but 3 were given
[32mINFO[0m:     [02-07-2026 19:33:30] 127.0.0.1:58567 - "POST /api/v1/collections/04b9833e-32a9-4ce2-877d-ac206ff5d36f/delete HTTP/1.1" 200
[33mWARNING[0m:  [02-07-2026 19:33:30] Delete of nonexisting embedding ID: c89e704d5f2c1fc405c79f1db1f8f077_26
[33mWARNING[0m:  [02-07-2026 19:33:30] Delete of nonexisting embedding ID: c89e704d5f2c1fc405c79f1db1f8f077_26
[31mERROR[0m:    [02-07-2026 19:33:30] Failed to send telemetry event CollectionDeleteEvent: capture() takes 1 positional argument but 3 were given
[32mINFO[0m:     [02-07-2026 19:33:30] 127.0.0.1:58567 - "POST /api/v1/collections/04b9833e-32a9-4ce2-877d-ac206ff5d36f/delete HTTP/1.1" 200
[33mWARNING[0m:  [02-07-2026 19:33:30] Delete of nonexisting embedding ID: c89e704d5f2c1fc405c79f1db1f8f077_86
[33mWARNING[0m:  [02-07-2026 19:33:30] Delete of nonexisting embedding ID: c89e704d5f2c1fc405c79f1db1f8f077_86
[31mERROR[0m:    [02-07-2026 19:33:30] Failed to send telemetry event CollectionDeleteEvent: capture() takes 1 positional argument but 3 were given
[32mINFO[0m:     [02-07-2026 19:33:30] 127.0.0.1:58567 - "POST /api/v1/collections/04b9833e-32a9-4ce2-877d-ac206ff5d36f/delete HTTP/1.1" 200
[32mINFO[0m:     [02-07-2026 19:33:31] 127.0.0.1:58567 - "POST /api/v1/collections/04b9833e-32a9-4ce2-877d-ac206ff5d36f/query HTTP/1.1" 200
[33mWARNING[0m:  [02-07-2026 19:33:31] Delete of nonexisting embedding ID: 283a9edb397d24ee47f1a7d6bcf42fe5_17
[33mWARNING[0m:  [02-07-2026 19:33:31] Delete of nonexisting embedding ID: 283a9edb397d24ee47f1a7d6bcf42fe5_17
[31mERROR[0m:    [02-07-2026 19:33:31] Failed to send telemetry event CollectionDeleteEvent: capture() takes 1 positional argument but 3 were given
[32mINFO[0m:     [02-07-2026 19:33:31] 127.0.0.1:58567 - "POST /api/v1/collections/04b9833e-32a9-4ce2-877d-ac206ff5d36f/delete HTTP/1.1" 200
[33mWARNING[0m:  [02-07-2026 19:33:31] Delete of nonexisting embedding ID: 283a9edb397d24ee47f1a7d6bcf42fe5_32
[33mWARNING[0m:  [02-07-2026 19:33:31] Delete of nonexisting embedding ID: 283a9edb397d24ee47f1a7d6bcf42fe5_32
[31mERROR[0m:    [02-07-2026 19:33:31] Failed to send telemetry event CollectionDeleteEvent: capture() takes 1 positional argument but 3 were given
[32mINFO[0m:     [02-07-2026 19:33:31] 127.0.0.1:58567 - "POST /api/v1/collections/04b9833e-32a9-4ce2-877d-ac206ff5d36f/delete HTTP/1.1" 200
[33mWARNING[0m:  [02-07-2026 19:33:31] Delete of nonexisting embedding ID: 283a9edb397d24ee47f1a7d6bcf42fe5_116
[33mWARNING[0m:  [02-07-2026 19:33:31] Delete of nonexisting embedding ID: 283a9edb397d24ee47f1a7d6bcf42fe5_116
[31mERROR[0m:    [02-07-2026 19:33:33] Failed to send telemetry event CollectionDeleteEvent: capture() takes 1 positional argument but 3 were given
[32mINFO[0m:     [02-07-2026 19:33:33] 127.0.0.1:58567 - "POST /api/v1/collections/04b9833e-32a9-4ce2-877d-ac206ff5d36f/delete HTTP/1.1" 200
[33mWARNING[0m:  [02-07-2026 19:33:33] Delete of nonexisting embedding ID: 283a9edb397d24ee47f1a7d6bcf42fe5_40
[33mWARNING[0m:  [02-07-2026 19:33:33] Delete of nonexisting embedding ID: 283a9edb397d24ee47f1a7d6bcf42fe5_40
[31mERROR[0m:    [02-07-2026 19:33:33] Failed to send telemetry event CollectionDeleteEvent: capture() takes 1 positional argument but 3 were given
[32mINFO[0m:     [02-07-2026 19:33:33] 127.0.0.1:58567 - "POST /api/v1/collections/04b9833e-32a9-4ce2-877d-ac206ff5d36f/delete HTTP/1.1" 200
[33mWARNING[0m:  [02-07-2026 19:33:33] Delete of nonexisting embedding ID: 283a9edb397d24ee47f1a7d6bcf42fe5_93
[33mWARNING[0m:  [02-07-2026 19:33:33] Delete of nonexisting embedding ID: 283a9edb397d24ee47f1a7d6bcf42fe5_93
[31mERROR[0m:    [02-07-2026 19:33:33] Failed to send telemetry event CollectionDeleteEvent: capture() takes 1 positional argument but 3 were given
[32mINFO[0m:     [02-07-2026 19:33:33] 127.0.0.1:58567 - "POST /api/v1/collections/04b9833e-32a9-4ce2-877d-ac206ff5d36f/delete HTTP/1.1" 200
[33mWARNING[0m:  [02-07-2026 19:33:33] Delete of nonexisting embedding ID: 283a9edb397d24ee47f1a7d6bcf42fe5_57
[33mWARNING[0m:  [02-07-2026 19:33:33] Delete of nonexisting embedding ID: 283a9edb397d24ee47f1a7d6bcf42fe5_57
[31mERROR[0m:    [02-07-2026 19:33:33] Failed to send telemetry event CollectionDeleteEvent: capture() takes 1 positional argument but 3 were given
[32mINFO[0m:     [02-07-2026 19:33:33] 127.0.0.1:58567 - "POST /api/v1/collections/04b9833e-32a9-4ce2-877d-ac206ff5d36f/delete HTTP/1.1" 200
[33mWARNING[0m:  [02-07-2026 19:33:33] Delete of nonexisting embedding ID: 283a9edb397d24ee47f1a7d6bcf42fe5_89
[33mWARNING[0m:  [02-07-2026 19:33:33] Delete of nonexisting embedding ID: 283a9edb397d24ee47f1a7d6bcf42fe5_89
[31mERROR[0m:    [02-07-2026 19:33:33] Failed to send telemetry event CollectionDeleteEvent: capture() takes 1 positional argument but 3 were given
[32mINFO[0m:     [02-07-2026 19:33:33] 127.0.0.1:58567 - "POST /api/v1/collections/04b9833e-32a9-4ce2-877d-ac206ff5d36f/delete HTTP/1.1" 200
[33mWARNING[0m:  [02-07-2026 19:33:33] Delete of nonexisting embedding ID: 283a9edb397d24ee47f1a7d6bcf42fe5_4
[33mWARNING[0m:  [02-07-2026 19:33:33] Delete of nonexisting embedding ID: 283a9edb397d24ee47f1a7d6bcf42fe5_4
[31mERROR[0m:    [02-07-2026 19:33:33] Failed to send telemetry event CollectionDeleteEvent: capture() takes 1 positional argument but 3 were given
[32mINFO[0m:     [02-07-2026 19:33:33] 127.0.0.1:58567 - "POST /api/v1/collections/04b9833e-32a9-4ce2-877d-ac206ff5d36f/delete HTTP/1.1" 200
[33mWARNING[0m:  [02-07-2026 19:33:33] Delete of nonexisting embedding ID: 283a9edb397d24ee47f1a7d6bcf42fe5_33
[33mWARNING[0m:  [02-07-2026 19:33:33] Delete of nonexisting embedding ID: 283a9edb397d24ee47f1a7d6bcf42fe5_33
[31mERROR[0m:    [02-07-2026 19:33:33] Failed to send telemetry event CollectionDeleteEvent: capture() takes 1 positional argument but 3 were given
[32mINFO[0m:     [02-07-2026 19:33:33] 127.0.0.1:58567 - "POST /api/v1/collections/04b9833e-32a9-4ce2-877d-ac206ff5d36f/delete HTTP/1.1" 200
[33mWARNING[0m:  [02-07-2026 19:33:33] Delete of nonexisting embedding ID: 283a9edb397d24ee47f1a7d6bcf42fe5_3
[33mWARNING[0m:  [02-07-2026 19:33:33] Delete of nonexisting embedding ID: 283a9edb397d24ee47f1a7d6bcf42fe5_3
[31mERROR[0m:    [02-07-2026 19:33:34] Failed to send telemetry event CollectionDeleteEvent: capture() takes 1 positional argument but 3 were given
[32mINFO[0m:     [02-07-2026 19:33:34] 127.0.0.1:58567 - "POST /api/v1/collections/04b9833e-32a9-4ce2-877d-ac206ff5d36f/delete HTTP/1.1" 200
[33mWARNING[0m:  [02-07-2026 19:33:34] Delete of nonexisting embedding ID: 283a9edb397d24ee47f1a7d6bcf42fe5_95
[33mWARNING[0m:  [02-07-2026 19:33:34] Delete of nonexisting embedding ID: 283a9edb397d24ee47f1a7d6bcf42fe5_95
[31mERROR[0m:    [02-07-2026 19:33:34] Failed to send telemetry event CollectionDeleteEvent: capture() takes 1 positional argument but 3 were given
[32mINFO[0m:     [02-07-2026 19:33:34] 127.0.0.1:58567 - "POST /api/v1/collections/04b9833e-32a9-4ce2-877d-ac206ff5d36f/delete HTTP/1.1" 200
[33mWARNING[0m:  [02-07-2026 19:33:34] Delete of nonexisting embedding ID: 283a9edb397d24ee47f1a7d6bcf42fe5_55
[33mWARNING[0m:  [02-07-2026 19:33:34] Delete of nonexisting embedding ID: 283a9edb397d24ee47f1a7d6bcf42fe5_55
[31mERROR[0m:    [02-07-2026 19:33:34] Failed to send telemetry event CollectionDeleteEvent: capture() takes 1 positional argument but 3 were given
[32mINFO[0m:     [02-07-2026 19:33:34] 127.0.0.1:58567 - "POST /api/v1/collections/04b9833e-32a9-4ce2-877d-ac206ff5d36f/delete HTTP/1.1" 200
[33mWARNING[0m:  [02-07-2026 19:33:34] Delete of nonexisting embedding ID: 283a9edb397d24ee47f1a7d6bcf42fe5_56
[33mWARNING[0m:  [02-07-2026 19:33:34] Delete of nonexisting embedding ID: 283a9edb397d24ee47f1a7d6bcf42fe5_56
[31mERROR[0m:    [02-07-2026 19:33:34] Failed to send telemetry event CollectionDeleteEvent: capture() takes 1 positional argument but 3 were given
[32mINFO[0m:     [02-07-2026 19:33:34] 127.0.0.1:58567 - "POST /api/v1/collections/04b9833e-32a9-4ce2-877d-ac206ff5d36f/delete HTTP/1.1" 200
[33mWARNING[0m:  [02-07-2026 19:33:34] Delete of nonexisting embedding ID: 283a9edb397d24ee47f1a7d6bcf42fe5_150
[33mWARNING[0m:  [02-07-2026 19:33:34] Delete of nonexisting embedding ID: 283a9edb397d24ee47f1a7d6bcf42fe5_150
[31mERROR[0m:    [02-07-2026 19:33:34] Failed to send telemetry event CollectionDeleteEvent: capture() takes 1 positional argument but 3 were given
[32mINFO[0m:     [02-07-2026 19:33:34] 127.0.0.1:58567 - "POST /api/v1/collections/04b9833e-32a9-4ce2-877d-ac206ff5d36f/delete HTTP/1.1" 200
[33mWARNING[0m:  [02-07-2026 19:33:34] Delete of nonexisting embedding ID: 283a9edb397d24ee47f1a7d6bcf42fe5_88
[33mWARNING[0m:  [02-07-2026 19:33:34] Delete of nonexisting embedding ID: 283a9edb397d24ee47f1a7d6bcf42fe5_88
[31mERROR[0m:    [02-07-2026 19:33:34] Failed to send telemetry event CollectionDeleteEvent: capture() takes 1 positional argument but 3 were given
[32mINFO[0m:     [02-07-2026 19:33:34] 127.0.0.1:58567 - "POST /api/v1/collections/04b9833e-32a9-4ce2-877d-ac206ff5d36f/delete HTTP/1.1" 200
[33mWARNING[0m:  [02-07-2026 19:33:34] Delete of nonexisting embedding ID: 283a9edb397d24ee47f1a7d6bcf42fe5_24
[33mWARNING[0m:  [02-07-2026 19:33:34] Delete of nonexisting embedding ID: 283a9edb397d24ee47f1a7d6bcf42fe5_24
[31mERROR[0m:    [02-07-2026 19:33:34] Failed to send telemetry event CollectionDeleteEvent: capture() takes 1 positional argument but 3 were given
[32mINFO[0m:     [02-07-2026 19:33:34] 127.0.0.1:58567 - "POST /api/v1/collections/04b9833e-32a9-4ce2-877d-ac206ff5d36f/delete HTTP/1.1" 200
[33mWARNING[0m:  [02-07-2026 19:33:34] Delete of nonexisting embedding ID: 283a9edb397d24ee47f1a7d6bcf42fe5_38
[33mWARNING[0m:  [02-07-2026 19:33:34] Delete of nonexisting embedding ID: 283a9edb397d24ee47f1a7d6bcf42fe5_38
[31mERROR[0m:    [02-07-2026 19:33:35] Failed to send telemetry event CollectionDeleteEvent: capture() takes 1 positional argument but 3 were given
[32mINFO[0m:     [02-07-2026 19:33:35] 127.0.0.1:58567 - "POST /api/v1/collections/04b9833e-32a9-4ce2-877d-ac206ff5d36f/delete HTTP/1.1" 200
[33mWARNING[0m:  [02-07-2026 19:33:35] Delete of nonexisting embedding ID: 283a9edb397d24ee47f1a7d6bcf42fe5_127
[33mWARNING[0m:  [02-07-2026 19:33:35] Delete of nonexisting embedding ID: 283a9edb397d24ee47f1a7d6bcf42fe5_127
[31mERROR[0m:    [02-07-2026 19:33:35] Failed to send telemetry event CollectionDeleteEvent: capture() takes 1 positional argument but 3 were given
[32mINFO[0m:     [02-07-2026 19:33:35] 127.0.0.1:58567 - "POST /api/v1/collections/04b9833e-32a9-4ce2-877d-ac206ff5d36f/delete HTTP/1.1" 200
[33mWARNING[0m:  [02-07-2026 19:33:35] Delete of nonexisting embedding ID: 283a9edb397d24ee47f1a7d6bcf42fe5_96
[33mWARNING[0m:  [02-07-2026 19:33:35] Delete of nonexisting embedding ID: 283a9edb397d24ee47f1a7d6bcf42fe5_96
[31mERROR[0m:    [02-07-2026 19:33:35] Failed to send telemetry event CollectionDeleteEvent: capture() takes 1 positional argument but 3 were given
[32mINFO[0m:     [02-07-2026 19:33:35] 127.0.0.1:58567 - "POST /api/v1/collections/04b9833e-32a9-4ce2-877d-ac206ff5d36f/delete HTTP/1.1" 200
[33mWARNING[0m:  [02-07-2026 19:33:35] Delete of nonexisting embedding ID: 283a9edb397d24ee47f1a7d6bcf42fe5_29
[33mWARNING[0m:  [02-07-2026 19:33:35] Delete of nonexisting embedding ID: 283a9edb397d24ee47f1a7d6bcf42fe5_29
[31mERROR[0m:    [02-07-2026 19:33:35] Failed to send telemetry event CollectionDeleteEvent: capture() takes 1 positional argument but 3 were given
[32mINFO[0m:     [02-07-2026 19:33:35] 127.0.0.1:58567 - "POST /api/v1/collections/04b9833e-32a9-4ce2-877d-ac206ff5d36f/delete HTTP/1.1" 200
[33mWARNING[0m:  [02-07-2026 19:33:35] Delete of nonexisting embedding ID: 283a9edb397d24ee47f1a7d6bcf42fe5_0
[33mWARNING[0m:  [02-07-2026 19:33:35] Delete of nonexisting embedding ID: 283a9edb397d24ee47f1a7d6bcf42fe5_0
[31mERROR[0m:    [02-07-2026 19:33:35] Failed to send telemetry event CollectionDeleteEvent: capture() takes 1 positional argument but 3 were given
[32mINFO[0m:     [02-07-2026 19:33:35] 127.0.0.1:58567 - "POST /api/v1/collections/04b9833e-32a9-4ce2-877d-ac206ff5d36f/delete HTTP/1.1" 200
[33mWARNING[0m:  [02-07-2026 19:33:35] Delete of nonexisting embedding ID: 283a9edb397d24ee47f1a7d6bcf42fe5_12
[33mWARNING[0m:  [02-07-2026 19:33:35] Delete of nonexisting embedding ID: 283a9edb397d24ee47f1a7d6bcf42fe5_12
[31mERROR[0m:    [02-07-2026 19:33:36] Failed to send telemetry event CollectionDeleteEvent: capture() takes 1 positional argument but 3 were given
[32mINFO[0m:     [02-07-2026 19:33:36] 127.0.0.1:58567 - "POST /api/v1/collections/04b9833e-32a9-4ce2-877d-ac206ff5d36f/delete HTTP/1.1" 200
[33mWARNING[0m:  [02-07-2026 19:33:36] Delete of nonexisting embedding ID: 283a9edb397d24ee47f1a7d6bcf42fe5_115
[33mWARNING[0m:  [02-07-2026 19:33:36] Delete of nonexisting embedding ID: 283a9edb397d24ee47f1a7d6bcf42fe5_115
[31mERROR[0m:    [02-07-2026 19:33:36] Failed to send telemetry event CollectionDeleteEvent: capture() takes 1 positional argument but 3 were given
[32mINFO[0m:     [02-07-2026 19:33:36] 127.0.0.1:58567 - "POST /api/v1/collections/04b9833e-32a9-4ce2-877d-ac206ff5d36f/delete HTTP/1.1" 200
[33mWARNING[0m:  [02-07-2026 19:33:36] Delete of nonexisting embedding ID: 283a9edb397d24ee47f1a7d6bcf42fe5_148
[33mWARNING[0m:  [02-07-2026 19:33:36] Delete of nonexisting embedding ID: 283a9edb397d24ee47f1a7d6bcf42fe5_148
[31mERROR[0m:    [02-07-2026 19:33:36] Failed to send telemetry event CollectionDeleteEvent: capture() takes 1 positional argument but 3 were given
[32mINFO[0m:     [02-07-2026 19:33:36] 127.0.0.1:58567 - "POST /api/v1/collections/04b9833e-32a9-4ce2-877d-ac206ff5d36f/delete HTTP/1.1" 200
[33mWARNING[0m:  [02-07-2026 19:33:36] Delete of nonexisting embedding ID: 283a9edb397d24ee47f1a7d6bcf42fe5_5
[33mWARNING[0m:  [02-07-2026 19:33:36] Delete of nonexisting embedding ID: 283a9edb397d24ee47f1a7d6bcf42fe5_5
[31mERROR[0m:    [02-07-2026 19:33:36] Failed to send telemetry event CollectionDeleteEvent: capture() takes 1 positional argument but 3 were given
[32mINFO[0m:     [02-07-2026 19:33:36] 127.0.0.1:58567 - "POST /api/v1/collections/04b9833e-32a9-4ce2-877d-ac206ff5d36f/delete HTTP/1.1" 200
[33mWARNING[0m:  [02-07-2026 19:33:36] Delete of nonexisting embedding ID: 283a9edb397d24ee47f1a7d6bcf42fe5_175
[33mWARNING[0m:  [02-07-2026 19:33:36] Delete of nonexisting embedding ID: 283a9edb397d24ee47f1a7d6bcf42fe5_175
[31mERROR[0m:    [02-07-2026 19:33:36] Failed to send telemetry event CollectionDeleteEvent: capture() takes 1 positional argument but 3 were given
[32mINFO[0m:     [02-07-2026 19:33:36] 127.0.0.1:58567 - "POST /api/v1/collections/04b9833e-32a9-4ce2-877d-ac206ff5d36f/delete HTTP/1.1" 200
[33mWARNING[0m:  [02-07-2026 19:33:36] Delete of nonexisting embedding ID: 283a9edb397d24ee47f1a7d6bcf42fe5_42
[33mWARNING[0m:  [02-07-2026 19:33:36] Delete of nonexisting embedding ID: 283a9edb397d24ee47f1a7d6bcf42fe5_42
[31mERROR[0m:    [02-07-2026 19:33:36] Failed to send telemetry event CollectionDeleteEvent: capture() takes 1 positional argument but 3 were given
[32mINFO[0m:     [02-07-2026 19:33:36] 127.0.0.1:58567 - "POST /api/v1/collections/04b9833e-32a9-4ce2-877d-ac206ff5d36f/delete HTTP/1.1" 200
[33mWARNING[0m:  [02-07-2026 19:33:36] Delete of nonexisting embedding ID: 283a9edb397d24ee47f1a7d6bcf42fe5_52
[33mWARNING[0m:  [02-07-2026 19:33:36] Delete of nonexisting embedding ID: 283a9edb397d24ee47f1a7d6bcf42fe5_52
[31mERROR[0m:    [02-07-2026 19:33:36] Failed to send telemetry event CollectionDeleteEvent: capture() takes 1 positional argument but 3 were given
[32mINFO[0m:     [02-07-2026 19:33:36] 127.0.0.1:58567 - "POST /api/v1/collections/04b9833e-32a9-4ce2-877d-ac206ff5d36f/delete HTTP/1.1" 200
[33mWARNING[0m:  [02-07-2026 19:33:36] Delete of nonexisting embedding ID: 283a9edb397d24ee47f1a7d6bcf42fe5_75
[33mWARNING[0m:  [02-07-2026 19:33:36] Delete of nonexisting embedding ID: 283a9edb397d24ee47f1a7d6bcf42fe5_75
[31mERROR[0m:    [02-07-2026 19:33:36] Failed to send telemetry event CollectionDeleteEvent: capture() takes 1 positional argument but 3 were given
[32mINFO[0m:     [02-07-2026 19:33:36] 127.0.0.1:58567 - "POST /api/v1/collections/04b9833e-32a9-4ce2-877d-ac206ff5d36f/delete HTTP/1.1" 200
[33mWARNING[0m:  [02-07-2026 19:33:36] Delete of nonexisting embedding ID: 283a9edb397d24ee47f1a7d6bcf42fe5_103
[33mWARNING[0m:  [02-07-2026 19:33:36] Delete of nonexisting embedding ID: 283a9edb397d24ee47f1a7d6bcf42fe5_103
[31mERROR[0m:    [02-07-2026 19:33:37] Failed to send telemetry event CollectionDeleteEvent: capture() takes 1 positional argument but 3 were given
[32mINFO[0m:     [02-07-2026 19:33:37] 127.0.0.1:58567 - "POST /api/v1/collections/04b9833e-32a9-4ce2-877d-ac206ff5d36f/delete HTTP/1.1" 200
[33mWARNING[0m:  [02-07-2026 19:33:37] Delete of nonexisting embedding ID: 283a9edb397d24ee47f1a7d6bcf42fe5_6
[33mWARNING[0m:  [02-07-2026 19:33:37] Delete of nonexisting embedding ID: 283a9edb397d24ee47f1a7d6bcf42fe5_6
[31mERROR[0m:    [02-07-2026 19:33:37] Failed to send telemetry event CollectionDeleteEvent: capture() takes 1 positional argument but 3 were given
[32mINFO[0m:     [02-07-2026 19:33:37] 127.0.0.1:58567 - "POST /api/v1/collections/04b9833e-32a9-4ce2-877d-ac206ff5d36f/delete HTTP/1.1" 200
[33mWARNING[0m:  [02-07-2026 19:33:37] Delete of nonexisting embedding ID: 283a9edb397d24ee47f1a7d6bcf42fe5_2
[33mWARNING[0m:  [02-07-2026 19:33:37] Delete of nonexisting embedding ID: 283a9edb397d24ee47f1a7d6bcf42fe5_2
[31mERROR[0m:    [02-07-2026 19:33:37] Failed to send telemetry event CollectionDeleteEvent: capture() takes 1 positional argument but 3 were given
[32mINFO[0m:     [02-07-2026 19:33:37] 127.0.0.1:58567 - "POST /api/v1/collections/04b9833e-32a9-4ce2-877d-ac206ff5d36f/delete HTTP/1.1" 200
[33mWARNING[0m:  [02-07-2026 19:33:37] Delete of nonexisting embedding ID: 283a9edb397d24ee47f1a7d6bcf42fe5_48
[33mWARNING[0m:  [02-07-2026 19:33:37] Delete of nonexisting embedding ID: 283a9edb397d24ee47f1a7d6bcf42fe5_48
[31mERROR[0m:    [02-07-2026 19:33:37] Failed to send telemetry event CollectionDeleteEvent: capture() takes 1 positional argument but 3 were given
[32mINFO[0m:     [02-07-2026 19:33:37] 127.0.0.1:58567 - "POST /api/v1/collections/04b9833e-32a9-4ce2-877d-ac206ff5d36f/delete HTTP/1.1" 200
[33mWARNING[0m:  [02-07-2026 19:33:37] Delete of nonexisting embedding ID: 283a9edb397d24ee47f1a7d6bcf42fe5_20
[33mWARNING[0m:  [02-07-2026 19:33:37] Delete of nonexisting embedding ID: 283a9edb397d24ee47f1a7d6bcf42fe5_20
[31mERROR[0m:    [02-07-2026 19:33:37] Failed to send telemetry event CollectionDeleteEvent: capture() takes 1 positional argument but 3 were given
[32mINFO[0m:     [02-07-2026 19:33:37] 127.0.0.1:58567 - "POST /api/v1/collections/04b9833e-32a9-4ce2-877d-ac206ff5d36f/delete HTTP/1.1" 200
[33mWARNING[0m:  [02-07-2026 19:33:37] Delete of nonexisting embedding ID: 283a9edb397d24ee47f1a7d6bcf42fe5_27
[33mWARNING[0m:  [02-07-2026 19:33:37] Delete of nonexisting embedding ID: 283a9edb397d24ee47f1a7d6bcf42fe5_27
[31mERROR[0m:    [02-07-2026 19:33:37] Failed to send telemetry event CollectionDeleteEvent: capture() takes 1 positional argument but 3 were given
[32mINFO[0m:     [02-07-2026 19:33:37] 127.0.0.1:58567 - "POST /api/v1/collections/04b9833e-32a9-4ce2-877d-ac206ff5d36f/delete HTTP/1.1" 200
[33mWARNING[0m:  [02-07-2026 19:33:37] Delete of nonexisting embedding ID: 283a9edb397d24ee47f1a7d6bcf42fe5_11
[33mWARNING[0m:  [02-07-2026 19:33:37] Delete of nonexisting embedding ID: 283a9edb397d24ee47f1a7d6bcf42fe5_11
[31mERROR[0m:    [02-07-2026 19:33:38] Failed to send telemetry event CollectionDeleteEvent: capture() takes 1 positional argument but 3 were given
[32mINFO[0m:     [02-07-2026 19:33:38] 127.0.0.1:58567 - "POST /api/v1/collections/04b9833e-32a9-4ce2-877d-ac206ff5d36f/delete HTTP/1.1" 200
[33mWARNING[0m:  [02-07-2026 19:33:38] Delete of nonexisting embedding ID: 283a9edb397d24ee47f1a7d6bcf42fe5_49
[33mWARNING[0m:  [02-07-2026 19:33:38] Delete of nonexisting embedding ID: 283a9edb397d24ee47f1a7d6bcf42fe5_49
[31mERROR[0m:    [02-07-2026 19:33:38] Failed to send telemetry event CollectionDeleteEvent: capture() takes 1 positional argument but 3 were given
[32mINFO[0m:     [02-07-2026 19:33:38] 127.0.0.1:58567 - "POST /api/v1/collections/04b9833e-32a9-4ce2-877d-ac206ff5d36f/delete HTTP/1.1" 200
[33mWARNING[0m:  [02-07-2026 19:33:38] Delete of nonexisting embedding ID: 283a9edb397d24ee47f1a7d6bcf42fe5_47
[33mWARNING[0m:  [02-07-2026 19:33:38] Delete of nonexisting embedding ID: 283a9edb397d24ee47f1a7d6bcf42fe5_47
[31mERROR[0m:    [02-07-2026 19:33:38] Failed to send telemetry event CollectionDeleteEvent: capture() takes 1 positional argument but 3 were given
[32mINFO[0m:     [02-07-2026 19:33:38] 127.0.0.1:58567 - "POST /api/v1/collections/04b9833e-32a9-4ce2-877d-ac206ff5d36f/delete HTTP/1.1" 200
[33mWARNING[0m:  [02-07-2026 19:33:38] Delete of nonexisting embedding ID: 283a9edb397d24ee47f1a7d6bcf42fe5_147
[33mWARNING[0m:  [02-07-2026 19:33:38] Delete of nonexisting embedding ID: 283a9edb397d24ee47f1a7d6bcf42fe5_147
[31mERROR[0m:    [02-07-2026 19:33:38] Failed to send telemetry event CollectionDeleteEvent: capture() takes 1 positional argument but 3 were given
[32mINFO[0m:     [02-07-2026 19:33:38] 127.0.0.1:58567 - "POST /api/v1/collections/04b9833e-32a9-4ce2-877d-ac206ff5d36f/delete HTTP/1.1" 200
[33mWARNING[0m:  [02-07-2026 19:33:38] Delete of nonexisting embedding ID: 283a9edb397d24ee47f1a7d6bcf42fe5_179
[33mWARNING[0m:  [02-07-2026 19:33:38] Delete of nonexisting embedding ID: 283a9edb397d24ee47f1a7d6bcf42fe5_179
[31mERROR[0m:    [02-07-2026 19:33:38] Failed to send telemetry event CollectionDeleteEvent: capture() takes 1 positional argument but 3 were given
[32mINFO[0m:     [02-07-2026 19:33:38] 127.0.0.1:58567 - "POST /api/v1/collections/04b9833e-32a9-4ce2-877d-ac206ff5d36f/delete HTTP/1.1" 200
[33mWARNING[0m:  [02-07-2026 19:33:38] Delete of nonexisting embedding ID: 283a9edb397d24ee47f1a7d6bcf42fe5_86
[33mWARNING[0m:  [02-07-2026 19:33:38] Delete of nonexisting embedding ID: 283a9edb397d24ee47f1a7d6bcf42fe5_86
[31mERROR[0m:    [02-07-2026 19:33:38] Failed to send telemetry event CollectionDeleteEvent: capture() takes 1 positional argument but 3 were given
[32mINFO[0m:     [02-07-2026 19:33:38] 127.0.0.1:58567 - "POST /api/v1/collections/04b9833e-32a9-4ce2-877d-ac206ff5d36f/delete HTTP/1.1" 200
[33mWARNING[0m:  [02-07-2026 19:33:38] Delete of nonexisting embedding ID: 283a9edb397d24ee47f1a7d6bcf42fe5_50
[33mWARNING[0m:  [02-07-2026 19:33:38] Delete of nonexisting embedding ID: 283a9edb397d24ee47f1a7d6bcf42fe5_50
[31mERROR[0m:    [02-07-2026 19:33:38] Failed to send telemetry event CollectionDeleteEvent: capture() takes 1 positional argument but 3 were given
[32mINFO[0m:     [02-07-2026 19:33:38] 127.0.0.1:58567 - "POST /api/v1/collections/04b9833e-32a9-4ce2-877d-ac206ff5d36f/delete HTTP/1.1" 200
[33mWARNING[0m:  [02-07-2026 19:33:38] Delete of nonexisting embedding ID: 283a9edb397d24ee47f1a7d6bcf42fe5_177
[33mWARNING[0m:  [02-07-2026 19:33:38] Delete of nonexisting embedding ID: 283a9edb397d24ee47f1a7d6bcf42fe5_177
[31mERROR[0m:    [02-07-2026 19:33:39] Failed to send telemetry event CollectionDeleteEvent: capture() takes 1 positional argument but 3 were given
[32mINFO[0m:     [02-07-2026 19:33:39] 127.0.0.1:58567 - "POST /api/v1/collections/04b9833e-32a9-4ce2-877d-ac206ff5d36f/delete HTTP/1.1" 200
[33mWARNING[0m:  [02-07-2026 19:33:39] Delete of nonexisting embedding ID: 283a9edb397d24ee47f1a7d6bcf42fe5_63
[33mWARNING[0m:  [02-07-2026 19:33:39] Delete of nonexisting embedding ID: 283a9edb397d24ee47f1a7d6bcf42fe5_63
[31mERROR[0m:    [02-07-2026 19:33:39] Failed to send telemetry event CollectionDeleteEvent: capture() takes 1 positional argument but 3 were given
[32mINFO[0m:     [02-07-2026 19:33:39] 127.0.0.1:58567 - "POST /api/v1/collections/04b9833e-32a9-4ce2-877d-ac206ff5d36f/delete HTTP/1.1" 200
[33mWARNING[0m:  [02-07-2026 19:33:39] Delete of nonexisting embedding ID: 283a9edb397d24ee47f1a7d6bcf42fe5_138
[33mWARNING[0m:  [02-07-2026 19:33:39] Delete of nonexisting embedding ID: 283a9edb397d24ee47f1a7d6bcf42fe5_138
[31mERROR[0m:    [02-07-2026 19:33:39] Failed to send telemetry event CollectionDeleteEvent: capture() takes 1 positional argument but 3 were given
[32mINFO[0m:     [02-07-2026 19:33:39] 127.0.0.1:58567 - "POST /api/v1/collections/04b9833e-32a9-4ce2-877d-ac206ff5d36f/delete HTTP/1.1" 200
[33mWARNING[0m:  [02-07-2026 19:33:39] Delete of nonexisting embedding ID: 283a9edb397d24ee47f1a7d6bcf42fe5_92
[33mWARNING[0m:  [02-07-2026 19:33:39] Delete of nonexisting embedding ID: 283a9edb397d24ee47f1a7d6bcf42fe5_92
[31mERROR[0m:    [02-07-2026 19:33:39] Failed to send telemetry event CollectionDeleteEvent: capture() takes 1 positional argument but 3 were given
[32mINFO[0m:     [02-07-2026 19:33:39] 127.0.0.1:58567 - "POST /api/v1/collections/04b9833e-32a9-4ce2-877d-ac206ff5d36f/delete HTTP/1.1" 200
[33mWARNING[0m:  [02-07-2026 19:33:39] Delete of nonexisting embedding ID: 283a9edb397d24ee47f1a7d6bcf42fe5_117
[33mWARNING[0m:  [02-07-2026 19:33:39] Delete of nonexisting embedding ID: 283a9edb397d24ee47f1a7d6bcf42fe5_117
[31mERROR[0m:    [02-07-2026 19:33:39] Failed to send telemetry event CollectionDeleteEvent: capture() takes 1 positional argument but 3 were given
[32mINFO[0m:     [02-07-2026 19:33:39] 127.0.0.1:58567 - "POST /api/v1/collections/04b9833e-32a9-4ce2-877d-ac206ff5d36f/delete HTTP/1.1" 200
[33mWARNING[0m:  [02-07-2026 19:33:39] Delete of nonexisting embedding ID: 283a9edb397d24ee47f1a7d6bcf42fe5_173
[33mWARNING[0m:  [02-07-2026 19:33:39] Delete of nonexisting embedding ID: 283a9edb397d24ee47f1a7d6bcf42fe5_173
[31mERROR[0m:    [02-07-2026 19:33:39] Failed to send telemetry event CollectionDeleteEvent: capture() takes 1 positional argument but 3 were given
[32mINFO[0m:     [02-07-2026 19:33:39] 127.0.0.1:58567 - "POST /api/v1/collections/04b9833e-32a9-4ce2-877d-ac206ff5d36f/delete HTTP/1.1" 200
[33mWARNING[0m:  [02-07-2026 19:33:39] Delete of nonexisting embedding ID: 283a9edb397d24ee47f1a7d6bcf42fe5_15
[33mWARNING[0m:  [02-07-2026 19:33:39] Delete of nonexisting embedding ID: 283a9edb397d24ee47f1a7d6bcf42fe5_15
[31mERROR[0m:    [02-07-2026 19:33:40] Failed to send telemetry event CollectionDeleteEvent: capture() takes 1 positional argument but 3 were given
[32mINFO[0m:     [02-07-2026 19:33:40] 127.0.0.1:58567 - "POST /api/v1/collections/04b9833e-32a9-4ce2-877d-ac206ff5d36f/delete HTTP/1.1" 200
[33mWARNING[0m:  [02-07-2026 19:33:40] Delete of nonexisting embedding ID: 283a9edb397d24ee47f1a7d6bcf42fe5_170
[33mWARNING[0m:  [02-07-2026 19:33:40] Delete of nonexisting embedding ID: 283a9edb397d24ee47f1a7d6bcf42fe5_170
[31mERROR[0m:    [02-07-2026 19:33:40] Failed to send telemetry event CollectionDeleteEvent: capture() takes 1 positional argument but 3 were given
[32mINFO[0m:     [02-07-2026 19:33:40] 127.0.0.1:58567 - "POST /api/v1/collections/04b9833e-32a9-4ce2-877d-ac206ff5d36f/delete HTTP/1.1" 200
[33mWARNING[0m:  [02-07-2026 19:33:40] Delete of nonexisting embedding ID: 283a9edb397d24ee47f1a7d6bcf42fe5_126
[33mWARNING[0m:  [02-07-2026 19:33:40] Delete of nonexisting embedding ID: 283a9edb397d24ee47f1a7d6bcf42fe5_126
[31mERROR[0m:    [02-07-2026 19:33:40] Failed to send telemetry event CollectionDeleteEvent: capture() takes 1 positional argument but 3 were given
[32mINFO[0m:     [02-07-2026 19:33:40] 127.0.0.1:58567 - "POST /api/v1/collections/04b9833e-32a9-4ce2-877d-ac206ff5d36f/delete HTTP/1.1" 200
[33mWARNING[0m:  [02-07-2026 19:33:40] Delete of nonexisting embedding ID: 283a9edb397d24ee47f1a7d6bcf42fe5_31
[33mWARNING[0m:  [02-07-2026 19:33:40] Delete of nonexisting embedding ID: 283a9edb397d24ee47f1a7d6bcf42fe5_31
[31mERROR[0m:    [02-07-2026 19:33:40] Failed to send telemetry event CollectionDeleteEvent: capture() takes 1 positional argument but 3 were given
[32mINFO[0m:     [02-07-2026 19:33:40] 127.0.0.1:58567 - "POST /api/v1/collections/04b9833e-32a9-4ce2-877d-ac206ff5d36f/delete HTTP/1.1" 200
[33mWARNING[0m:  [02-07-2026 19:33:40] Delete of nonexisting embedding ID: 283a9edb397d24ee47f1a7d6bcf42fe5_46
[33mWARNING[0m:  [02-07-2026 19:33:40] Delete of nonexisting embedding ID: 283a9edb397d24ee47f1a7d6bcf42fe5_46
[31mERROR[0m:    [02-07-2026 19:33:41] Failed to send telemetry event CollectionDeleteEvent: capture() takes 1 positional argument but 3 were given
[32mINFO[0m:     [02-07-2026 19:33:41] 127.0.0.1:58567 - "POST /api/v1/collections/04b9833e-32a9-4ce2-877d-ac206ff5d36f/delete HTTP/1.1" 200
[33mWARNING[0m:  [02-07-2026 19:33:41] Delete of nonexisting embedding ID: 283a9edb397d24ee47f1a7d6bcf42fe5_70
[33mWARNING[0m:  [02-07-2026 19:33:41] Delete of nonexisting embedding ID: 283a9edb397d24ee47f1a7d6bcf42fe5_70
[31mERROR[0m:    [02-07-2026 19:33:41] Failed to send telemetry event CollectionDeleteEvent: capture() takes 1 positional argument but 3 were given
[32mINFO[0m:     [02-07-2026 19:33:41] 127.0.0.1:58567 - "POST /api/v1/collections/04b9833e-32a9-4ce2-877d-ac206ff5d36f/delete HTTP/1.1" 200
[33mWARNING[0m:  [02-07-2026 19:33:41] Delete of nonexisting embedding ID: 283a9edb397d24ee47f1a7d6bcf42fe5_124
[33mWARNING[0m:  [02-07-2026 19:33:41] Delete of nonexisting embedding ID: 283a9edb397d24ee47f1a7d6bcf42fe5_124
[31mERROR[0m:    [02-07-2026 19:33:41] Failed to send telemetry event CollectionDeleteEvent: capture() takes 1 positional argument but 3 were given
[32mINFO[0m:     [02-07-2026 19:33:41] 127.0.0.1:58567 - "POST /api/v1/collections/04b9833e-32a9-4ce2-877d-ac206ff5d36f/delete HTTP/1.1" 200
[33mWARNING[0m:  [02-07-2026 19:33:41] Delete of nonexisting embedding ID: 283a9edb397d24ee47f1a7d6bcf42fe5_68
[33mWARNING[0m:  [02-07-2026 19:33:41] Delete of nonexisting embedding ID: 283a9edb397d24ee47f1a7d6bcf42fe5_68
[31mERROR[0m:    [02-07-2026 19:33:41] Failed to send telemetry event CollectionDeleteEvent: capture() takes 1 positional argument but 3 were given
[32mINFO[0m:     [02-07-2026 19:33:41] 127.0.0.1:58567 - "POST /api/v1/collections/04b9833e-32a9-4ce2-877d-ac206ff5d36f/delete HTTP/1.1" 200
[33mWARNING[0m:  [02-07-2026 19:33:41] Delete of nonexisting embedding ID: 283a9edb397d24ee47f1a7d6bcf42fe5_36
[33mWARNING[0m:  [02-07-2026 19:33:41] Delete of nonexisting embedding ID: 283a9edb397d24ee47f1a7d6bcf42fe5_36
[31mERROR[0m:    [02-07-2026 19:33:41] Failed to send telemetry event CollectionDeleteEvent: capture() takes 1 positional argument but 3 were given
[32mINFO[0m:     [02-07-2026 19:33:41] 127.0.0.1:58567 - "POST /api/v1/collections/04b9833e-32a9-4ce2-877d-ac206ff5d36f/delete HTTP/1.1" 200
[33mWARNING[0m:  [02-07-2026 19:33:41] Delete of nonexisting embedding ID: 283a9edb397d24ee47f1a7d6bcf42fe5_174
[33mWARNING[0m:  [02-07-2026 19:33:41] Delete of nonexisting embedding ID: 283a9edb397d24ee47f1a7d6bcf42fe5_174
[31mERROR[0m:    [02-07-2026 19:33:42] Failed to send telemetry event CollectionDeleteEvent: capture() takes 1 positional argument but 3 were given
[32mINFO[0m:     [02-07-2026 19:33:42] 127.0.0.1:58567 - "POST /api/v1/collections/04b9833e-32a9-4ce2-877d-ac206ff5d36f/delete HTTP/1.1" 200
[33mWARNING[0m:  [02-07-2026 19:33:42] Delete of nonexisting embedding ID: 283a9edb397d24ee47f1a7d6bcf42fe5_13
[33mWARNING[0m:  [02-07-2026 19:33:42] Delete of nonexisting embedding ID: 283a9edb397d24ee47f1a7d6bcf42fe5_13
[31mERROR[0m:    [02-07-2026 19:33:42] Failed to send telemetry event CollectionDeleteEvent: capture() takes 1 positional argument but 3 were given
[32mINFO[0m:     [02-07-2026 19:33:42] 127.0.0.1:58567 - "POST /api/v1/collections/04b9833e-32a9-4ce2-877d-ac206ff5d36f/delete HTTP/1.1" 200
[33mWARNING[0m:  [02-07-2026 19:33:42] Delete of nonexisting embedding ID: 283a9edb397d24ee47f1a7d6bcf42fe5_30
[33mWARNING[0m:  [02-07-2026 19:33:42] Delete of nonexisting embedding ID: 283a9edb397d24ee47f1a7d6bcf42fe5_30
[31mERROR[0m:    [02-07-2026 19:33:42] Failed to send telemetry event CollectionDeleteEvent: capture() takes 1 positional argument but 3 were given
[32mINFO[0m:     [02-07-2026 19:33:42] 127.0.0.1:58567 - "POST /api/v1/collections/04b9833e-32a9-4ce2-877d-ac206ff5d36f/delete HTTP/1.1" 200
[33mWARNING[0m:  [02-07-2026 19:33:42] Delete of nonexisting embedding ID: 283a9edb397d24ee47f1a7d6bcf42fe5_146
[33mWARNING[0m:  [02-07-2026 19:33:42] Delete of nonexisting embedding ID: 283a9edb397d24ee47f1a7d6bcf42fe5_146
[31mERROR[0m:    [02-07-2026 19:33:42] Failed to send telemetry event CollectionDeleteEvent: capture() takes 1 positional argument but 3 were given
[32mINFO[0m:     [02-07-2026 19:33:42] 127.0.0.1:58567 - "POST /api/v1/collections/04b9833e-32a9-4ce2-877d-ac206ff5d36f/delete HTTP/1.1" 200
[33mWARNING[0m:  [02-07-2026 19:33:42] Delete of nonexisting embedding ID: 283a9edb397d24ee47f1a7d6bcf42fe5_53
[33mWARNING[0m:  [02-07-2026 19:33:42] Delete of nonexisting embedding ID: 283a9edb397d24ee47f1a7d6bcf42fe5_53
[31mERROR[0m:    [02-07-2026 19:33:42] Failed to send telemetry event CollectionDeleteEvent: capture() takes 1 positional argument but 3 were given
[32mINFO[0m:     [02-07-2026 19:33:42] 127.0.0.1:58567 - "POST /api/v1/collections/04b9833e-32a9-4ce2-877d-ac206ff5d36f/delete HTTP/1.1" 200
[33mWARNING[0m:  [02-07-2026 19:33:42] Delete of nonexisting embedding ID: 283a9edb397d24ee47f1a7d6bcf42fe5_156
[33mWARNING[0m:  [02-07-2026 19:33:42] Delete of nonexisting embedding ID: 283a9edb397d24ee47f1a7d6bcf42fe5_156
[31mERROR[0m:    [02-07-2026 19:33:42] Failed to send telemetry event CollectionDeleteEvent: capture() takes 1 positional argument but 3 were given
[32mINFO[0m:     [02-07-2026 19:33:42] 127.0.0.1:58567 - "POST /api/v1/collections/04b9833e-32a9-4ce2-877d-ac206ff5d36f/delete HTTP/1.1" 200
[33mWARNING[0m:  [02-07-2026 19:33:42] Delete of nonexisting embedding ID: 283a9edb397d24ee47f1a7d6bcf42fe5_167
[33mWARNING[0m:  [02-07-2026 19:33:42] Delete of nonexisting embedding ID: 283a9edb397d24ee47f1a7d6bcf42fe5_167
[31mERROR[0m:    [02-07-2026 19:33:43] Failed to send telemetry event CollectionDeleteEvent: capture() takes 1 positional argument but 3 were given
[32mINFO[0m:     [02-07-2026 19:33:43] 127.0.0.1:58567 - "POST /api/v1/collections/04b9833e-32a9-4ce2-877d-ac206ff5d36f/delete HTTP/1.1" 200
[33mWARNING[0m:  [02-07-2026 19:33:43] Delete of nonexisting embedding ID: 283a9edb397d24ee47f1a7d6bcf42fe5_21
[33mWARNING[0m:  [02-07-2026 19:33:43] Delete of nonexisting embedding ID: 283a9edb397d24ee47f1a7d6bcf42fe5_21
[31mERROR[0m:    [02-07-2026 19:33:43] Failed to send telemetry event CollectionDeleteEvent: capture() takes 1 positional argument but 3 were given
[32mINFO[0m:     [02-07-2026 19:33:43] 127.0.0.1:58567 - "POST /api/v1/collections/04b9833e-32a9-4ce2-877d-ac206ff5d36f/delete HTTP/1.1" 200
[33mWARNING[0m:  [02-07-2026 19:33:43] Delete of nonexisting embedding ID: 283a9edb397d24ee47f1a7d6bcf42fe5_1
[33mWARNING[0m:  [02-07-2026 19:33:43] Delete of nonexisting embedding ID: 283a9edb397d24ee47f1a7d6bcf42fe5_1
[31mERROR[0m:    [02-07-2026 19:33:43] Failed to send telemetry event CollectionDeleteEvent: capture() takes 1 positional argument but 3 were given
[32mINFO[0m:     [02-07-2026 19:33:43] 127.0.0.1:58567 - "POST /api/v1/collections/04b9833e-32a9-4ce2-877d-ac206ff5d36f/delete HTTP/1.1" 200
[33mWARNING[0m:  [02-07-2026 19:33:43] Delete of nonexisting embedding ID: 283a9edb397d24ee47f1a7d6bcf42fe5_37
[33mWARNING[0m:  [02-07-2026 19:33:43] Delete of nonexisting embedding ID: 283a9edb397d24ee47f1a7d6bcf42fe5_37
[31mERROR[0m:    [02-07-2026 19:33:43] Failed to send telemetry event CollectionDeleteEvent: capture() takes 1 positional argument but 3 were given
[32mINFO[0m:     [02-07-2026 19:33:43] 127.0.0.1:58567 - "POST /api/v1/collections/04b9833e-32a9-4ce2-877d-ac206ff5d36f/delete HTTP/1.1" 200
[33mWARNING[0m:  [02-07-2026 19:33:43] Delete of nonexisting embedding ID: 283a9edb397d24ee47f1a7d6bcf42fe5_90
[33mWARNING[0m:  [02-07-2026 19:33:43] Delete of nonexisting embedding ID: 283a9edb397d24ee47f1a7d6bcf42fe5_90
[31mERROR[0m:    [02-07-2026 19:33:43] Failed to send telemetry event CollectionDeleteEvent: capture() takes 1 positional argument but 3 were given
[32mINFO[0m:     [02-07-2026 19:33:43] 127.0.0.1:58567 - "POST /api/v1/collections/04b9833e-32a9-4ce2-877d-ac206ff5d36f/delete HTTP/1.1" 200
[33mWARNING[0m:  [02-07-2026 19:33:43] Delete of nonexisting embedding ID: 283a9edb397d24ee47f1a7d6bcf42fe5_45
[33mWARNING[0m:  [02-07-2026 19:33:43] Delete of nonexisting embedding ID: 283a9edb397d24ee47f1a7d6bcf42fe5_45
[31mERROR[0m:    [02-07-2026 19:33:43] Failed to send telemetry event CollectionDeleteEvent: capture() takes 1 positional argument but 3 were given
[32mINFO[0m:     [02-07-2026 19:33:43] 127.0.0.1:58567 - "POST /api/v1/collections/04b9833e-32a9-4ce2-877d-ac206ff5d36f/delete HTTP/1.1" 200
[33mWARNING[0m:  [02-07-2026 19:33:43] Delete of nonexisting embedding ID: 283a9edb397d24ee47f1a7d6bcf42fe5_71
[33mWARNING[0m:  [02-07-2026 19:33:43] Delete of nonexisting embedding ID: 283a9edb397d24ee47f1a7d6bcf42fe5_71
[31mERROR[0m:    [02-07-2026 19:33:43] Failed to send telemetry event CollectionDeleteEvent: capture() takes 1 positional argument but 3 were given
[32mINFO[0m:     [02-07-2026 19:33:43] 127.0.0.1:58567 - "POST /api/v1/collections/04b9833e-32a9-4ce2-877d-ac206ff5d36f/delete HTTP/1.1" 200
[33mWARNING[0m:  [02-07-2026 19:33:43] Delete of nonexisting embedding ID: 283a9edb397d24ee47f1a7d6bcf42fe5_160
[33mWARNING[0m:  [02-07-2026 19:33:43] Delete of nonexisting embedding ID: 283a9edb397d24ee47f1a7d6bcf42fe5_160
[31mERROR[0m:    [02-07-2026 19:33:44] Failed to send telemetry event CollectionDeleteEvent: capture() takes 1 positional argument but 3 were given
[32mINFO[0m:     [02-07-2026 19:33:44] 127.0.0.1:58567 - "POST /api/v1/collections/04b9833e-32a9-4ce2-877d-ac206ff5d36f/delete HTTP/1.1" 200
[33mWARNING[0m:  [02-07-2026 19:33:44] Delete of nonexisting embedding ID: 283a9edb397d24ee47f1a7d6bcf42fe5_25
[33mWARNING[0m:  [02-07-2026 19:33:44] Delete of nonexisting embedding ID: 283a9edb397d24ee47f1a7d6bcf42fe5_25
[31mERROR[0m:    [02-07-2026 19:33:44] Failed to send telemetry event CollectionDeleteEvent: capture() takes 1 positional argument but 3 were given
[32mINFO[0m:     [02-07-2026 19:33:44] 127.0.0.1:58567 - "POST /api/v1/collections/04b9833e-32a9-4ce2-877d-ac206ff5d36f/delete HTTP/1.1" 200
[33mWARNING[0m:  [02-07-2026 19:33:44] Delete of nonexisting embedding ID: 283a9edb397d24ee47f1a7d6bcf42fe5_91
[33mWARNING[0m:  [02-07-2026 19:33:44] Delete of nonexisting embedding ID: 283a9edb397d24ee47f1a7d6bcf42fe5_91
[31mERROR[0m:    [02-07-2026 19:33:44] Failed to send telemetry event CollectionDeleteEvent: capture() takes 1 positional argument but 3 were given
[32mINFO[0m:     [02-07-2026 19:33:44] 127.0.0.1:58567 - "POST /api/v1/collections/04b9833e-32a9-4ce2-877d-ac206ff5d36f/delete HTTP/1.1" 200
[33mWARNING[0m:  [02-07-2026 19:33:44] Delete of nonexisting embedding ID: 283a9edb397d24ee47f1a7d6bcf42fe5_149
[33mWARNING[0m:  [02-07-2026 19:33:44] Delete of nonexisting embedding ID: 283a9edb397d24ee47f1a7d6bcf42fe5_149
[31mERROR[0m:    [02-07-2026 19:33:44] Failed to send telemetry event CollectionDeleteEvent: capture() takes 1 positional argument but 3 were given
[32mINFO[0m:     [02-07-2026 19:33:44] 127.0.0.1:58567 - "POST /api/v1/collections/04b9833e-32a9-4ce2-877d-ac206ff5d36f/delete HTTP/1.1" 200
[33mWARNING[0m:  [02-07-2026 19:33:44] Delete of nonexisting embedding ID: 283a9edb397d24ee47f1a7d6bcf42fe5_176
[33mWARNING[0m:  [02-07-2026 19:33:44] Delete of nonexisting embedding ID: 283a9edb397d24ee47f1a7d6bcf42fe5_176
[31mERROR[0m:    [02-07-2026 19:33:44] Failed to send telemetry event CollectionDeleteEvent: capture() takes 1 positional argument but 3 were given
[32mINFO[0m:     [02-07-2026 19:33:44] 127.0.0.1:58567 - "POST /api/v1/collections/04b9833e-32a9-4ce2-877d-ac206ff5d36f/delete HTTP/1.1" 200
[33mWARNING[0m:  [02-07-2026 19:33:44] Delete of nonexisting embedding ID: 283a9edb397d24ee47f1a7d6bcf42fe5_59
[33mWARNING[0m:  [02-07-2026 19:33:44] Delete of nonexisting embedding ID: 283a9edb397d24ee47f1a7d6bcf42fe5_59
[31mERROR[0m:    [02-07-2026 19:33:44] Failed to send telemetry event CollectionDeleteEvent: capture() takes 1 positional argument but 3 were given
[32mINFO[0m:     [02-07-2026 19:33:44] 127.0.0.1:58567 - "POST /api/v1/collections/04b9833e-32a9-4ce2-877d-ac206ff5d36f/delete HTTP/1.1" 200
[33mWARNING[0m:  [02-07-2026 19:33:44] Delete of nonexisting embedding ID: 283a9edb397d24ee47f1a7d6bcf42fe5_162
[33mWARNING[0m:  [02-07-2026 19:33:44] Delete of nonexisting embedding ID: 283a9edb397d24ee47f1a7d6bcf42fe5_162
[31mERROR[0m:    [02-07-2026 19:33:45] Failed to send telemetry event CollectionDeleteEvent: capture() takes 1 positional argument but 3 were given
[32mINFO[0m:     [02-07-2026 19:33:45] 127.0.0.1:58567 - "POST /api/v1/collections/04b9833e-32a9-4ce2-877d-ac206ff5d36f/delete HTTP/1.1" 200
[33mWARNING[0m:  [02-07-2026 19:33:45] Delete of nonexisting embedding ID: 283a9edb397d24ee47f1a7d6bcf42fe5_142
[33mWARNING[0m:  [02-07-2026 19:33:45] Delete of nonexisting embedding ID: 283a9edb397d24ee47f1a7d6bcf42fe5_142
[31mERROR[0m:    [02-07-2026 19:33:45] Failed to send telemetry event CollectionDeleteEvent: capture() takes 1 positional argument but 3 were given
[32mINFO[0m:     [02-07-2026 19:33:45] 127.0.0.1:58567 - "POST /api/v1/collections/04b9833e-32a9-4ce2-877d-ac206ff5d36f/delete HTTP/1.1" 200
[33mWARNING[0m:  [02-07-2026 19:33:45] Delete of nonexisting embedding ID: 283a9edb397d24ee47f1a7d6bcf42fe5_67
[33mWARNING[0m:  [02-07-2026 19:33:45] Delete of nonexisting embedding ID: 283a9edb397d24ee47f1a7d6bcf42fe5_67
[31mERROR[0m:    [02-07-2026 19:33:45] Failed to send telemetry event CollectionDeleteEvent: capture() takes 1 positional argument but 3 were given
[32mINFO[0m:     [02-07-2026 19:33:45] 127.0.0.1:58567 - "POST /api/v1/collections/04b9833e-32a9-4ce2-877d-ac206ff5d36f/delete HTTP/1.1" 200
[33mWARNING[0m:  [02-07-2026 19:33:45] Delete of nonexisting embedding ID: 283a9edb397d24ee47f1a7d6bcf42fe5_122
[33mWARNING[0m:  [02-07-2026 19:33:45] Delete of nonexisting embedding ID: 283a9edb397d24ee47f1a7d6bcf42fe5_122
[31mERROR[0m:    [02-07-2026 19:33:45] Failed to send telemetry event CollectionDeleteEvent: capture() takes 1 positional argument but 3 were given
[32mINFO[0m:     [02-07-2026 19:33:45] 127.0.0.1:58567 - "POST /api/v1/collections/04b9833e-32a9-4ce2-877d-ac206ff5d36f/delete HTTP/1.1" 200
[33mWARNING[0m:  [02-07-2026 19:33:45] Delete of nonexisting embedding ID: 283a9edb397d24ee47f1a7d6bcf42fe5_62
[33mWARNING[0m:  [02-07-2026 19:33:45] Delete of nonexisting embedding ID: 283a9edb397d24ee47f1a7d6bcf42fe5_62
[31mERROR[0m:    [02-07-2026 19:33:45] Failed to send telemetry event CollectionDeleteEvent: capture() takes 1 positional argument but 3 were given
[32mINFO[0m:     [02-07-2026 19:33:45] 127.0.0.1:58567 - "POST /api/v1/collections/04b9833e-32a9-4ce2-877d-ac206ff5d36f/delete HTTP/1.1" 200
[33mWARNING[0m:  [02-07-2026 19:33:45] Delete of nonexisting embedding ID: 283a9edb397d24ee47f1a7d6bcf42fe5_16
[33mWARNING[0m:  [02-07-2026 19:33:45] Delete of nonexisting embedding ID: 283a9edb397d24ee47f1a7d6bcf42fe5_16
[31mERROR[0m:    [02-07-2026 19:33:46] Failed to send telemetry event CollectionDeleteEvent: capture() takes 1 positional argument but 3 were given
[32mINFO[0m:     [02-07-2026 19:33:46] 127.0.0.1:58567 - "POST /api/v1/collections/04b9833e-32a9-4ce2-877d-ac206ff5d36f/delete HTTP/1.1" 200
[33mWARNING[0m:  [02-07-2026 19:33:46] Delete of nonexisting embedding ID: 283a9edb397d24ee47f1a7d6bcf42fe5_172
[33mWARNING[0m:  [02-07-2026 19:33:46] Delete of nonexisting embedding ID: 283a9edb397d24ee47f1a7d6bcf42fe5_172
[31mERROR[0m:    [02-07-2026 19:33:46] Failed to send telemetry event CollectionDeleteEvent: capture() takes 1 positional argument but 3 were given
[32mINFO[0m:     [02-07-2026 19:33:46] 127.0.0.1:58567 - "POST /api/v1/collections/04b9833e-32a9-4ce2-877d-ac206ff5d36f/delete HTTP/1.1" 200
[33mWARNING[0m:  [02-07-2026 19:33:46] Delete of nonexisting embedding ID: 283a9edb397d24ee47f1a7d6bcf42fe5_128
[33mWARNING[0m:  [02-07-2026 19:33:46] Delete of nonexisting embedding ID: 283a9edb397d24ee47f1a7d6bcf42fe5_128
[31mERROR[0m:    [02-07-2026 19:33:46] Failed to send telemetry event CollectionDeleteEvent: capture() takes 1 positional argument but 3 were given
[32mINFO[0m:     [02-07-2026 19:33:46] 127.0.0.1:58567 - "POST /api/v1/collections/04b9833e-32a9-4ce2-877d-ac206ff5d36f/delete HTTP/1.1" 200
[33mWARNING[0m:  [02-07-2026 19:33:46] Delete of nonexisting embedding ID: 283a9edb397d24ee47f1a7d6bcf42fe5_41
[33mWARNING[0m:  [02-07-2026 19:33:46] Delete of nonexisting embedding ID: 283a9edb397d24ee47f1a7d6bcf42fe5_41
[31mERROR[0m:    [02-07-2026 19:33:46] Failed to send telemetry event CollectionDeleteEvent: capture() takes 1 positional argument but 3 were given
[32mINFO[0m:     [02-07-2026 19:33:46] 127.0.0.1:58567 - "POST /api/v1/collections/04b9833e-32a9-4ce2-877d-ac206ff5d36f/delete HTTP/1.1" 200
[33mWARNING[0m:  [02-07-2026 19:33:46] Delete of nonexisting embedding ID: 283a9edb397d24ee47f1a7d6bcf42fe5_18
[33mWARNING[0m:  [02-07-2026 19:33:46] Delete of nonexisting embedding ID: 283a9edb397d24ee47f1a7d6bcf42fe5_18
[31mERROR[0m:    [02-07-2026 19:33:46] Failed to send telemetry event CollectionDeleteEvent: capture() takes 1 positional argument but 3 were given
[32mINFO[0m:     [02-07-2026 19:33:46] 127.0.0.1:58567 - "POST /api/v1/collections/04b9833e-32a9-4ce2-877d-ac206ff5d36f/delete HTTP/1.1" 200
[33mWARNING[0m:  [02-07-2026 19:33:46] Delete of nonexisting embedding ID: 283a9edb397d24ee47f1a7d6bcf42fe5_161
[33mWARNING[0m:  [02-07-2026 19:33:46] Delete of nonexisting embedding ID: 283a9edb397d24ee47f1a7d6bcf42fe5_161
[31mERROR[0m:    [02-07-2026 19:33:47] Failed to send telemetry event CollectionDeleteEvent: capture() takes 1 positional argument but 3 were given
[32mINFO[0m:     [02-07-2026 19:33:47] 127.0.0.1:58567 - "POST /api/v1/collections/04b9833e-32a9-4ce2-877d-ac206ff5d36f/delete HTTP/1.1" 200
[33mWARNING[0m:  [02-07-2026 19:33:47] Delete of nonexisting embedding ID: 283a9edb397d24ee47f1a7d6bcf42fe5_65
[33mWARNING[0m:  [02-07-2026 19:33:47] Delete of nonexisting embedding ID: 283a9edb397d24ee47f1a7d6bcf42fe5_65
[31mERROR[0m:    [02-07-2026 19:33:47] Failed to send telemetry event CollectionDeleteEvent: capture() takes 1 positional argument but 3 were given
[32mINFO[0m:     [02-07-2026 19:33:47] 127.0.0.1:58567 - "POST /api/v1/collections/04b9833e-32a9-4ce2-877d-ac206ff5d36f/delete HTTP/1.1" 200
[33mWARNING[0m:  [02-07-2026 19:33:47] Delete of nonexisting embedding ID: 283a9edb397d24ee47f1a7d6bcf42fe5_113
[33mWARNING[0m:  [02-07-2026 19:33:47] Delete of nonexisting embedding ID: 283a9edb397d24ee47f1a7d6bcf42fe5_113
[31mERROR[0m:    [02-07-2026 19:33:47] Failed to send telemetry event CollectionDeleteEvent: capture() takes 1 positional argument but 3 were given
[32mINFO[0m:     [02-07-2026 19:33:47] 127.0.0.1:58567 - "POST /api/v1/collections/04b9833e-32a9-4ce2-877d-ac206ff5d36f/delete HTTP/1.1" 200
[33mWARNING[0m:  [02-07-2026 19:33:47] Delete of nonexisting embedding ID: 283a9edb397d24ee47f1a7d6bcf42fe5_84
[33mWARNING[0m:  [02-07-2026 19:33:47] Delete of nonexisting embedding ID: 283a9edb397d24ee47f1a7d6bcf42fe5_84
[31mERROR[0m:    [02-07-2026 19:33:47] Failed to send telemetry event CollectionDeleteEvent: capture() takes 1 positional argument but 3 were given
[32mINFO[0m:     [02-07-2026 19:33:47] 127.0.0.1:58567 - "POST /api/v1/collections/04b9833e-32a9-4ce2-877d-ac206ff5d36f/delete HTTP/1.1" 200
[33mWARNING[0m:  [02-07-2026 19:33:47] Delete of nonexisting embedding ID: 283a9edb397d24ee47f1a7d6bcf42fe5_94
[33mWARNING[0m:  [02-07-2026 19:33:47] Delete of nonexisting embedding ID: 283a9edb397d24ee47f1a7d6bcf42fe5_94
[31mERROR[0m:    [02-07-2026 19:33:47] Failed to send telemetry event CollectionDeleteEvent: capture() takes 1 positional argument but 3 were given
[32mINFO[0m:     [02-07-2026 19:33:47] 127.0.0.1:58567 - "POST /api/v1/collections/04b9833e-32a9-4ce2-877d-ac206ff5d36f/delete HTTP/1.1" 200
[33mWARNING[0m:  [02-07-2026 19:33:47] Delete of nonexisting embedding ID: 283a9edb397d24ee47f1a7d6bcf42fe5_98
[33mWARNING[0m:  [02-07-2026 19:33:47] Delete of nonexisting embedding ID: 283a9edb397d24ee47f1a7d6bcf42fe5_98
[31mERROR[0m:    [02-07-2026 19:33:47] Failed to send telemetry event CollectionDeleteEvent: capture() takes 1 positional argument but 3 were given
[32mINFO[0m:     [02-07-2026 19:33:47] 127.0.0.1:58567 - "POST /api/v1/collections/04b9833e-32a9-4ce2-877d-ac206ff5d36f/delete HTTP/1.1" 200
[33mWARNING[0m:  [02-07-2026 19:33:47] Delete of nonexisting embedding ID: 283a9edb397d24ee47f1a7d6bcf42fe5_109
[33mWARNING[0m:  [02-07-2026 19:33:47] Delete of nonexisting embedding ID: 283a9edb397d24ee47f1a7d6bcf42fe5_109
[31mERROR[0m:    [02-07-2026 19:33:47] Failed to send telemetry event CollectionDeleteEvent: capture() takes 1 positional argument but 3 were given
[32mINFO[0m:     [02-07-2026 19:33:47] 127.0.0.1:58567 - "POST /api/v1/collections/04b9833e-32a9-4ce2-877d-ac206ff5d36f/delete HTTP/1.1" 200
[33mWARNING[0m:  [02-07-2026 19:33:47] Delete of nonexisting embedding ID: 283a9edb397d24ee47f1a7d6bcf42fe5_99
[33mWARNING[0m:  [02-07-2026 19:33:47] Delete of nonexisting embedding ID: 283a9edb397d24ee47f1a7d6bcf42fe5_99
[31mERROR[0m:    [02-07-2026 19:33:48] Failed to send telemetry event CollectionDeleteEvent: capture() takes 1 positional argument but 3 were given
[32mINFO[0m:     [02-07-2026 19:33:48] 127.0.0.1:58567 - "POST /api/v1/collections/04b9833e-32a9-4ce2-877d-ac206ff5d36f/delete HTTP/1.1" 200
[33mWARNING[0m:  [02-07-2026 19:33:48] Delete of nonexisting embedding ID: 283a9edb397d24ee47f1a7d6bcf42fe5_97
[33mWARNING[0m:  [02-07-2026 19:33:48] Delete of nonexisting embedding ID: 283a9edb397d24ee47f1a7d6bcf42fe5_97
[31mERROR[0m:    [02-07-2026 19:33:48] Failed to send telemetry event CollectionDeleteEvent: capture() takes 1 positional argument but 3 were given
[32mINFO[0m:     [02-07-2026 19:33:48] 127.0.0.1:58567 - "POST /api/v1/collections/04b9833e-32a9-4ce2-877d-ac206ff5d36f/delete HTTP/1.1" 200
[33mWARNING[0m:  [02-07-2026 19:33:48] Delete of nonexisting embedding ID: 283a9edb397d24ee47f1a7d6bcf42fe5_23
[33mWARNING[0m:  [02-07-2026 19:33:48] Delete of nonexisting embedding ID: 283a9edb397d24ee47f1a7d6bcf42fe5_23
[31mERROR[0m:    [02-07-2026 19:33:49] Failed to send telemetry event CollectionDeleteEvent: capture() takes 1 positional argument but 3 were given
[32mINFO[0m:     [02-07-2026 19:33:49] 127.0.0.1:58567 - "POST /api/v1/collections/04b9833e-32a9-4ce2-877d-ac206ff5d36f/delete HTTP/1.1" 200
[33mWARNING[0m:  [02-07-2026 19:33:49] Delete of nonexisting embedding ID: 283a9edb397d24ee47f1a7d6bcf42fe5_22
[33mWARNING[0m:  [02-07-2026 19:33:49] Delete of nonexisting embedding ID: 283a9edb397d24ee47f1a7d6bcf42fe5_22
[31mERROR[0m:    [02-07-2026 19:33:49] Failed to send telemetry event CollectionDeleteEvent: capture() takes 1 positional argument but 3 were given
[32mINFO[0m:     [02-07-2026 19:33:49] 127.0.0.1:58567 - "POST /api/v1/collections/04b9833e-32a9-4ce2-877d-ac206ff5d36f/delete HTTP/1.1" 200
[33mWARNING[0m:  [02-07-2026 19:33:49] Delete of nonexisting embedding ID: 283a9edb397d24ee47f1a7d6bcf42fe5_108
[33mWARNING[0m:  [02-07-2026 19:33:49] Delete of nonexisting embedding ID: 283a9edb397d24ee47f1a7d6bcf42fe5_108
[31mERROR[0m:    [02-07-2026 19:33:49] Failed to send telemetry event CollectionDeleteEvent: capture() takes 1 positional argument but 3 were given
[32mINFO[0m:     [02-07-2026 19:33:49] 127.0.0.1:58567 - "POST /api/v1/collections/04b9833e-32a9-4ce2-877d-ac206ff5d36f/delete HTTP/1.1" 200
[33mWARNING[0m:  [02-07-2026 19:33:49] Delete of nonexisting embedding ID: 283a9edb397d24ee47f1a7d6bcf42fe5_34
[33mWARNING[0m:  [02-07-2026 19:33:49] Delete of nonexisting embedding ID: 283a9edb397d24ee47f1a7d6bcf42fe5_34
[31mERROR[0m:    [02-07-2026 19:33:49] Failed to send telemetry event CollectionDeleteEvent: capture() takes 1 positional argument but 3 were given
[32mINFO[0m:     [02-07-2026 19:33:49] 127.0.0.1:58567 - "POST /api/v1/collections/04b9833e-32a9-4ce2-877d-ac206ff5d36f/delete HTTP/1.1" 200
[33mWARNING[0m:  [02-07-2026 19:33:49] Delete of nonexisting embedding ID: 283a9edb397d24ee47f1a7d6bcf42fe5_136
[33mWARNING[0m:  [02-07-2026 19:33:49] Delete of nonexisting embedding ID: 283a9edb397d24ee47f1a7d6bcf42fe5_136
[31mERROR[0m:    [02-07-2026 19:33:50] Failed to send telemetry event CollectionDeleteEvent: capture() takes 1 positional argument but 3 were given
[32mINFO[0m:     [02-07-2026 19:33:50] 127.0.0.1:58567 - "POST /api/v1/collections/04b9833e-32a9-4ce2-877d-ac206ff5d36f/delete HTTP/1.1" 200
[33mWARNING[0m:  [02-07-2026 19:33:50] Delete of nonexisting embedding ID: 283a9edb397d24ee47f1a7d6bcf42fe5_158
[33mWARNING[0m:  [02-07-2026 19:33:50] Delete of nonexisting embedding ID: 283a9edb397d24ee47f1a7d6bcf42fe5_158
[31mERROR[0m:    [02-07-2026 19:33:50] Failed to send telemetry event CollectionDeleteEvent: capture() takes 1 positional argument but 3 were given
[32mINFO[0m:     [02-07-2026 19:33:50] 127.0.0.1:58567 - "POST /api/v1/collections/04b9833e-32a9-4ce2-877d-ac206ff5d36f/delete HTTP/1.1" 200
[33mWARNING[0m:  [02-07-2026 19:33:50] Delete of nonexisting embedding ID: 283a9edb397d24ee47f1a7d6bcf42fe5_134
[33mWARNING[0m:  [02-07-2026 19:33:50] Delete of nonexisting embedding ID: 283a9edb397d24ee47f1a7d6bcf42fe5_134
[31mERROR[0m:    [02-07-2026 19:33:50] Failed to send telemetry event CollectionDeleteEvent: capture() takes 1 positional argument but 3 were given
[32mINFO[0m:     [02-07-2026 19:33:50] 127.0.0.1:58567 - "POST /api/v1/collections/04b9833e-32a9-4ce2-877d-ac206ff5d36f/delete HTTP/1.1" 200
[33mWARNING[0m:  [02-07-2026 19:33:50] Delete of nonexisting embedding ID: 283a9edb397d24ee47f1a7d6bcf42fe5_144
[33mWARNING[0m:  [02-07-2026 19:33:50] Delete of nonexisting embedding ID: 283a9edb397d24ee47f1a7d6bcf42fe5_144
[31mERROR[0m:    [02-07-2026 19:33:50] Failed to send telemetry event CollectionDeleteEvent: capture() takes 1 positional argument but 3 were given
[32mINFO[0m:     [02-07-2026 19:33:50] 127.0.0.1:58567 - "POST /api/v1/collections/04b9833e-32a9-4ce2-877d-ac206ff5d36f/delete HTTP/1.1" 200
[33mWARNING[0m:  [02-07-2026 19:33:50] Delete of nonexisting embedding ID: 283a9edb397d24ee47f1a7d6bcf42fe5_132
[33mWARNING[0m:  [02-07-2026 19:33:50] Delete of nonexisting embedding ID: 283a9edb397d24ee47f1a7d6bcf42fe5_132
[31mERROR[0m:    [02-07-2026 19:33:50] Failed to send telemetry event CollectionDeleteEvent: capture() takes 1 positional argument but 3 were given
[32mINFO[0m:     [02-07-2026 19:33:50] 127.0.0.1:58567 - "POST /api/v1/collections/04b9833e-32a9-4ce2-877d-ac206ff5d36f/delete HTTP/1.1" 200
[33mWARNING[0m:  [02-07-2026 19:33:50] Delete of nonexisting embedding ID: 283a9edb397d24ee47f1a7d6bcf42fe5_159
[33mWARNING[0m:  [02-07-2026 19:33:50] Delete of nonexisting embedding ID: 283a9edb397d24ee47f1a7d6bcf42fe5_159
[31mERROR[0m:    [02-07-2026 19:33:51] Failed to send telemetry event CollectionDeleteEvent: capture() takes 1 positional argument but 3 were given
[32mINFO[0m:     [02-07-2026 19:33:51] 127.0.0.1:58567 - "POST /api/v1/collections/04b9833e-32a9-4ce2-877d-ac206ff5d36f/delete HTTP/1.1" 200
[33mWARNING[0m:  [02-07-2026 19:33:51] Delete of nonexisting embedding ID: 283a9edb397d24ee47f1a7d6bcf42fe5_101
[33mWARNING[0m:  [02-07-2026 19:33:51] Delete of nonexisting embedding ID: 283a9edb397d24ee47f1a7d6bcf42fe5_101
[31mERROR[0m:    [02-07-2026 19:33:52] Failed to send telemetry event CollectionDeleteEvent: capture() takes 1 positional argument but 3 were given
[32mINFO[0m:     [02-07-2026 19:33:52] 127.0.0.1:58567 - "POST /api/v1/collections/04b9833e-32a9-4ce2-877d-ac206ff5d36f/delete HTTP/1.1" 200
[33mWARNING[0m:  [02-07-2026 19:33:52] Delete of nonexisting embedding ID: 283a9edb397d24ee47f1a7d6bcf42fe5_64
[33mWARNING[0m:  [02-07-2026 19:33:52] Delete of nonexisting embedding ID: 283a9edb397d24ee47f1a7d6bcf42fe5_64
[31mERROR[0m:    [02-07-2026 19:33:52] Failed to send telemetry event CollectionDeleteEvent: capture() takes 1 positional argument but 3 were given
[32mINFO[0m:     [02-07-2026 19:33:52] 127.0.0.1:58567 - "POST /api/v1/collections/04b9833e-32a9-4ce2-877d-ac206ff5d36f/delete HTTP/1.1" 200
[33mWARNING[0m:  [02-07-2026 19:33:52] Delete of nonexisting embedding ID: 283a9edb397d24ee47f1a7d6bcf42fe5_102
[33mWARNING[0m:  [02-07-2026 19:33:52] Delete of nonexisting embedding ID: 283a9edb397d24ee47f1a7d6bcf42fe5_102
[31mERROR[0m:    [02-07-2026 19:33:52] Failed to send telemetry event CollectionDeleteEvent: capture() takes 1 positional argument but 3 were given
[32mINFO[0m:     [02-07-2026 19:33:52] 127.0.0.1:58567 - "POST /api/v1/collections/04b9833e-32a9-4ce2-877d-ac206ff5d36f/delete HTTP/1.1" 200
[33mWARNING[0m:  [02-07-2026 19:33:52] Delete of nonexisting embedding ID: 283a9edb397d24ee47f1a7d6bcf42fe5_153
[33mWARNING[0m:  [02-07-2026 19:33:52] Delete of nonexisting embedding ID: 283a9edb397d24ee47f1a7d6bcf42fe5_153
[31mERROR[0m:    [02-07-2026 19:33:53] Failed to send telemetry event CollectionDeleteEvent: capture() takes 1 positional argument but 3 were given
[32mINFO[0m:     [02-07-2026 19:33:53] 127.0.0.1:58567 - "POST /api/v1/collections/04b9833e-32a9-4ce2-877d-ac206ff5d36f/delete HTTP/1.1" 200
[33mWARNING[0m:  [02-07-2026 19:33:53] Delete of nonexisting embedding ID: 283a9edb397d24ee47f1a7d6bcf42fe5_10
[33mWARNING[0m:  [02-07-2026 19:33:53] Delete of nonexisting embedding ID: 283a9edb397d24ee47f1a7d6bcf42fe5_10
[31mERROR[0m:    [02-07-2026 19:33:53] Failed to send telemetry event CollectionDeleteEvent: capture() takes 1 positional argument but 3 were given
[32mINFO[0m:     [02-07-2026 19:33:53] 127.0.0.1:58567 - "POST /api/v1/collections/04b9833e-32a9-4ce2-877d-ac206ff5d36f/delete HTTP/1.1" 200
[33mWARNING[0m:  [02-07-2026 19:33:53] Delete of nonexisting embedding ID: 283a9edb397d24ee47f1a7d6bcf42fe5_77
[33mWARNING[0m:  [02-07-2026 19:33:53] Delete of nonexisting embedding ID: 283a9edb397d24ee47f1a7d6bcf42fe5_77
[31mERROR[0m:    [02-07-2026 19:33:53] Failed to send telemetry event CollectionDeleteEvent: capture() takes 1 positional argument but 3 were given
[32mINFO[0m:     [02-07-2026 19:33:53] 127.0.0.1:58567 - "POST /api/v1/collections/04b9833e-32a9-4ce2-877d-ac206ff5d36f/delete HTTP/1.1" 200
[33mWARNING[0m:  [02-07-2026 19:33:53] Delete of nonexisting embedding ID: 283a9edb397d24ee47f1a7d6bcf42fe5_85
[33mWARNING[0m:  [02-07-2026 19:33:53] Delete of nonexisting embedding ID: 283a9edb397d24ee47f1a7d6bcf42fe5_85
[31mERROR[0m:    [02-07-2026 19:33:53] Failed to send telemetry event CollectionDeleteEvent: capture() takes 1 positional argument but 3 were given
[32mINFO[0m:     [02-07-2026 19:33:53] 127.0.0.1:58567 - "POST /api/v1/collections/04b9833e-32a9-4ce2-877d-ac206ff5d36f/delete HTTP/1.1" 200
[33mWARNING[0m:  [02-07-2026 19:33:53] Delete of nonexisting embedding ID: 283a9edb397d24ee47f1a7d6bcf42fe5_60
[33mWARNING[0m:  [02-07-2026 19:33:53] Delete of nonexisting embedding ID: 283a9edb397d24ee47f1a7d6bcf42fe5_60
[31mERROR[0m:    [02-07-2026 19:33:54] Failed to send telemetry event CollectionDeleteEvent: capture() takes 1 positional argument but 3 were given
[32mINFO[0m:     [02-07-2026 19:33:54] 127.0.0.1:58567 - "POST /api/v1/collections/04b9833e-32a9-4ce2-877d-ac206ff5d36f/delete HTTP/1.1" 200
[33mWARNING[0m:  [02-07-2026 19:33:54] Delete of nonexisting embedding ID: 283a9edb397d24ee47f1a7d6bcf42fe5_111
[33mWARNING[0m:  [02-07-2026 19:33:54] Delete of nonexisting embedding ID: 283a9edb397d24ee47f1a7d6bcf42fe5_111
[31mERROR[0m:    [02-07-2026 19:33:54] Failed to send telemetry event CollectionDeleteEvent: capture() takes 1 positional argument but 3 were given
[32mINFO[0m:     [02-07-2026 19:33:54] 127.0.0.1:58567 - "POST /api/v1/collections/04b9833e-32a9-4ce2-877d-ac206ff5d36f/delete HTTP/1.1" 200
[33mWARNING[0m:  [02-07-2026 19:33:54] Delete of nonexisting embedding ID: 283a9edb397d24ee47f1a7d6bcf42fe5_120
[33mWARNING[0m:  [02-07-2026 19:33:54] Delete of nonexisting embedding ID: 283a9edb397d24ee47f1a7d6bcf42fe5_120
[31mERROR[0m:    [02-07-2026 19:33:54] Failed to send telemetry event CollectionDeleteEvent: capture() takes 1 positional argument but 3 were given
[32mINFO[0m:     [02-07-2026 19:33:54] 127.0.0.1:58567 - "POST /api/v1/collections/04b9833e-32a9-4ce2-877d-ac206ff5d36f/delete HTTP/1.1" 200
[33mWARNING[0m:  [02-07-2026 19:33:54] Delete of nonexisting embedding ID: 283a9edb397d24ee47f1a7d6bcf42fe5_121
[33mWARNING[0m:  [02-07-2026 19:33:54] Delete of nonexisting embedding ID: 283a9edb397d24ee47f1a7d6bcf42fe5_121
[31mERROR[0m:    [02-07-2026 19:33:54] Failed to send telemetry event CollectionDeleteEvent: capture() takes 1 positional argument but 3 were given
[32mINFO[0m:     [02-07-2026 19:33:54] 127.0.0.1:58567 - "POST /api/v1/collections/04b9833e-32a9-4ce2-877d-ac206ff5d36f/delete HTTP/1.1" 200
[33mWARNING[0m:  [02-07-2026 19:33:54] Delete of nonexisting embedding ID: 283a9edb397d24ee47f1a7d6bcf42fe5_44
[33mWARNING[0m:  [02-07-2026 19:33:54] Delete of nonexisting embedding ID: 283a9edb397d24ee47f1a7d6bcf42fe5_44
[31mERROR[0m:    [02-07-2026 19:33:54] Failed to send telemetry event CollectionDeleteEvent: capture() takes 1 positional argument but 3 were given
[32mINFO[0m:     [02-07-2026 19:33:54] 127.0.0.1:58567 - "POST /api/v1/collections/04b9833e-32a9-4ce2-877d-ac206ff5d36f/delete HTTP/1.1" 200
[33mWARNING[0m:  [02-07-2026 19:33:54] Delete of nonexisting embedding ID: 283a9edb397d24ee47f1a7d6bcf42fe5_157
[33mWARNING[0m:  [02-07-2026 19:33:54] Delete of nonexisting embedding ID: 283a9edb397d24ee47f1a7d6bcf42fe5_157
[31mERROR[0m:    [02-07-2026 19:33:54] Failed to send telemetry event CollectionDeleteEvent: capture() takes 1 positional argument but 3 were given
[32mINFO[0m:     [02-07-2026 19:33:54] 127.0.0.1:58567 - "POST /api/v1/collections/04b9833e-32a9-4ce2-877d-ac206ff5d36f/delete HTTP/1.1" 200
[33mWARNING[0m:  [02-07-2026 19:33:54] Delete of nonexisting embedding ID: 283a9edb397d24ee47f1a7d6bcf42fe5_14
[33mWARNING[0m:  [02-07-2026 19:33:54] Delete of nonexisting embedding ID: 283a9edb397d24ee47f1a7d6bcf42fe5_14
[31mERROR[0m:    [02-07-2026 19:33:54] Failed to send telemetry event CollectionDeleteEvent: capture() takes 1 positional argument but 3 were given
[32mINFO[0m:     [02-07-2026 19:33:54] 127.0.0.1:58567 - "POST /api/v1/collections/04b9833e-32a9-4ce2-877d-ac206ff5d36f/delete HTTP/1.1" 200
[33mWARNING[0m:  [02-07-2026 19:33:54] Delete of nonexisting embedding ID: 283a9edb397d24ee47f1a7d6bcf42fe5_72
[33mWARNING[0m:  [02-07-2026 19:33:54] Delete of nonexisting embedding ID: 283a9edb397d24ee47f1a7d6bcf42fe5_72
[31mERROR[0m:    [02-07-2026 19:33:55] Failed to send telemetry event CollectionDeleteEvent: capture() takes 1 positional argument but 3 were given
[32mINFO[0m:     [02-07-2026 19:33:55] 127.0.0.1:58567 - "POST /api/v1/collections/04b9833e-32a9-4ce2-877d-ac206ff5d36f/delete HTTP/1.1" 200
[33mWARNING[0m:  [02-07-2026 19:33:55] Delete of nonexisting embedding ID: 283a9edb397d24ee47f1a7d6bcf42fe5_140
[33mWARNING[0m:  [02-07-2026 19:33:55] Delete of nonexisting embedding ID: 283a9edb397d24ee47f1a7d6bcf42fe5_140
[31mERROR[0m:    [02-07-2026 19:33:55] Failed to send telemetry event CollectionDeleteEvent: capture() takes 1 positional argument but 3 were given
[32mINFO[0m:     [02-07-2026 19:33:55] 127.0.0.1:58567 - "POST /api/v1/collections/04b9833e-32a9-4ce2-877d-ac206ff5d36f/delete HTTP/1.1" 200
[33mWARNING[0m:  [02-07-2026 19:33:55] Delete of nonexisting embedding ID: 283a9edb397d24ee47f1a7d6bcf42fe5_171
[33mWARNING[0m:  [02-07-2026 19:33:55] Delete of nonexisting embedding ID: 283a9edb397d24ee47f1a7d6bcf42fe5_171
[31mERROR[0m:    [02-07-2026 19:33:55] Failed to send telemetry event CollectionDeleteEvent: capture() takes 1 positional argument but 3 were given
[32mINFO[0m:     [02-07-2026 19:33:55] 127.0.0.1:58567 - "POST /api/v1/collections/04b9833e-32a9-4ce2-877d-ac206ff5d36f/delete HTTP/1.1" 200
[33mWARNING[0m:  [02-07-2026 19:33:55] Delete of nonexisting embedding ID: 283a9edb397d24ee47f1a7d6bcf42fe5_19
[33mWARNING[0m:  [02-07-2026 19:33:55] Delete of nonexisting embedding ID: 283a9edb397d24ee47f1a7d6bcf42fe5_19
[31mERROR[0m:    [02-07-2026 19:33:55] Failed to send telemetry event CollectionDeleteEvent: capture() takes 1 positional argument but 3 were given
[32mINFO[0m:     [02-07-2026 19:33:55] 127.0.0.1:58567 - "POST /api/v1/collections/04b9833e-32a9-4ce2-877d-ac206ff5d36f/delete HTTP/1.1" 200
[33mWARNING[0m:  [02-07-2026 19:33:55] Delete of nonexisting embedding ID: 283a9edb397d24ee47f1a7d6bcf42fe5_51
[33mWARNING[0m:  [02-07-2026 19:33:55] Delete of nonexisting embedding ID: 283a9edb397d24ee47f1a7d6bcf42fe5_51
[31mERROR[0m:    [02-07-2026 19:33:55] Failed to send telemetry event CollectionDeleteEvent: capture() takes 1 positional argument but 3 were given
[32mINFO[0m:     [02-07-2026 19:33:55] 127.0.0.1:58567 - "POST /api/v1/collections/04b9833e-32a9-4ce2-877d-ac206ff5d36f/delete HTTP/1.1" 200
[33mWARNING[0m:  [02-07-2026 19:33:55] Delete of nonexisting embedding ID: 283a9edb397d24ee47f1a7d6bcf42fe5_112
[33mWARNING[0m:  [02-07-2026 19:33:55] Delete of nonexisting embedding ID: 283a9edb397d24ee47f1a7d6bcf42fe5_112
[31mERROR[0m:    [02-07-2026 19:33:55] Failed to send telemetry event CollectionDeleteEvent: capture() takes 1 positional argument but 3 were given
[32mINFO[0m:     [02-07-2026 19:33:55] 127.0.0.1:58567 - "POST /api/v1/collections/04b9833e-32a9-4ce2-877d-ac206ff5d36f/delete HTTP/1.1" 200
[33mWARNING[0m:  [02-07-2026 19:33:55] Delete of nonexisting embedding ID: 283a9edb397d24ee47f1a7d6bcf42fe5_39
[33mWARNING[0m:  [02-07-2026 19:33:55] Delete of nonexisting embedding ID: 283a9edb397d24ee47f1a7d6bcf42fe5_39
[31mERROR[0m:    [02-07-2026 19:33:55] Failed to send telemetry event CollectionDeleteEvent: capture() takes 1 positional argument but 3 were given
[32mINFO[0m:     [02-07-2026 19:33:55] 127.0.0.1:58567 - "POST /api/v1/collections/04b9833e-32a9-4ce2-877d-ac206ff5d36f/delete HTTP/1.1" 200
[33mWARNING[0m:  [02-07-2026 19:33:55] Delete of nonexisting embedding ID: 283a9edb397d24ee47f1a7d6bcf42fe5_118
[33mWARNING[0m:  [02-07-2026 19:33:55] Delete of nonexisting embedding ID: 283a9edb397d24ee47f1a7d6bcf42fe5_118
[31mERROR[0m:    [02-07-2026 19:33:56] Failed to send telemetry event CollectionDeleteEvent: capture() takes 1 positional argument but 3 were given
[32mINFO[0m:     [02-07-2026 19:33:56] 127.0.0.1:58567 - "POST /api/v1/collections/04b9833e-32a9-4ce2-877d-ac206ff5d36f/delete HTTP/1.1" 200
[33mWARNING[0m:  [02-07-2026 19:33:56] Delete of nonexisting embedding ID: 283a9edb397d24ee47f1a7d6bcf42fe5_105
[33mWARNING[0m:  [02-07-2026 19:33:56] Delete of nonexisting embedding ID: 283a9edb397d24ee47f1a7d6bcf42fe5_105
[31mERROR[0m:    [02-07-2026 19:33:56] Failed to send telemetry event CollectionDeleteEvent: capture() takes 1 positional argument but 3 were given
[32mINFO[0m:     [02-07-2026 19:33:56] 127.0.0.1:58567 - "POST /api/v1/collections/04b9833e-32a9-4ce2-877d-ac206ff5d36f/delete HTTP/1.1" 200
[33mWARNING[0m:  [02-07-2026 19:33:56] Delete of nonexisting embedding ID: 283a9edb397d24ee47f1a7d6bcf42fe5_178
[33mWARNING[0m:  [02-07-2026 19:33:56] Delete of nonexisting embedding ID: 283a9edb397d24ee47f1a7d6bcf42fe5_178
[31mERROR[0m:    [02-07-2026 19:33:56] Failed to send telemetry event CollectionDeleteEvent: capture() takes 1 positional argument but 3 were given
[32mINFO[0m:     [02-07-2026 19:33:56] 127.0.0.1:58567 - "POST /api/v1/collections/04b9833e-32a9-4ce2-877d-ac206ff5d36f/delete HTTP/1.1" 200
[33mWARNING[0m:  [02-07-2026 19:33:56] Delete of nonexisting embedding ID: 283a9edb397d24ee47f1a7d6bcf42fe5_43
[33mWARNING[0m:  [02-07-2026 19:33:56] Delete of nonexisting embedding ID: 283a9edb397d24ee47f1a7d6bcf42fe5_43
[31mERROR[0m:    [02-07-2026 19:33:56] Failed to send telemetry event CollectionDeleteEvent: capture() takes 1 positional argument but 3 were given
[32mINFO[0m:     [02-07-2026 19:33:56] 127.0.0.1:58567 - "POST /api/v1/collections/04b9833e-32a9-4ce2-877d-ac206ff5d36f/delete HTTP/1.1" 200
[33mWARNING[0m:  [02-07-2026 19:33:56] Delete of nonexisting embedding ID: 283a9edb397d24ee47f1a7d6bcf42fe5_80
[33mWARNING[0m:  [02-07-2026 19:33:56] Delete of nonexisting embedding ID: 283a9edb397d24ee47f1a7d6bcf42fe5_80
[31mERROR[0m:    [02-07-2026 19:33:57] Failed to send telemetry event CollectionDeleteEvent: capture() takes 1 positional argument but 3 were given
[32mINFO[0m:     [02-07-2026 19:33:57] 127.0.0.1:58567 - "POST /api/v1/collections/04b9833e-32a9-4ce2-877d-ac206ff5d36f/delete HTTP/1.1" 200
[33mWARNING[0m:  [02-07-2026 19:33:57] Delete of nonexisting embedding ID: 283a9edb397d24ee47f1a7d6bcf42fe5_123
[33mWARNING[0m:  [02-07-2026 19:33:57] Delete of nonexisting embedding ID: 283a9edb397d24ee47f1a7d6bcf42fe5_123
[31mERROR[0m:    [02-07-2026 19:33:57] Failed to send telemetry event CollectionDeleteEvent: capture() takes 1 positional argument but 3 were given
[32mINFO[0m:     [02-07-2026 19:33:57] 127.0.0.1:58567 - "POST /api/v1/collections/04b9833e-32a9-4ce2-877d-ac206ff5d36f/delete HTTP/1.1" 200
[33mWARNING[0m:  [02-07-2026 19:33:57] Delete of nonexisting embedding ID: 283a9edb397d24ee47f1a7d6bcf42fe5_139
[33mWARNING[0m:  [02-07-2026 19:33:57] Delete of nonexisting embedding ID: 283a9edb397d24ee47f1a7d6bcf42fe5_139
[31mERROR[0m:    [02-07-2026 19:33:57] Failed to send telemetry event CollectionDeleteEvent: capture() takes 1 positional argument but 3 were given
[32mINFO[0m:     [02-07-2026 19:33:57] 127.0.0.1:58567 - "POST /api/v1/collections/04b9833e-32a9-4ce2-877d-ac206ff5d36f/delete HTTP/1.1" 200
[33mWARNING[0m:  [02-07-2026 19:33:57] Delete of nonexisting embedding ID: 283a9edb397d24ee47f1a7d6bcf42fe5_143
[33mWARNING[0m:  [02-07-2026 19:33:57] Delete of nonexisting embedding ID: 283a9edb397d24ee47f1a7d6bcf42fe5_143
[31mERROR[0m:    [02-07-2026 19:33:57] Failed to send telemetry event CollectionDeleteEvent: capture() takes 1 positional argument but 3 were given
[32mINFO[0m:     [02-07-2026 19:33:57] 127.0.0.1:58567 - "POST /api/v1/collections/04b9833e-32a9-4ce2-877d-ac206ff5d36f/delete HTTP/1.1" 200
[33mWARNING[0m:  [02-07-2026 19:33:57] Delete of nonexisting embedding ID: 283a9edb397d24ee47f1a7d6bcf42fe5_107
[33mWARNING[0m:  [02-07-2026 19:33:57] Delete of nonexisting embedding ID: 283a9edb397d24ee47f1a7d6bcf42fe5_107
[31mERROR[0m:    [02-07-2026 19:33:57] Failed to send telemetry event CollectionDeleteEvent: capture() takes 1 positional argument but 3 were given
[32mINFO[0m:     [02-07-2026 19:33:57] 127.0.0.1:58567 - "POST /api/v1/collections/04b9833e-32a9-4ce2-877d-ac206ff5d36f/delete HTTP/1.1" 200
[33mWARNING[0m:  [02-07-2026 19:33:57] Delete of nonexisting embedding ID: 283a9edb397d24ee47f1a7d6bcf42fe5_83
[33mWARNING[0m:  [02-07-2026 19:33:57] Delete of nonexisting embedding ID: 283a9edb397d24ee47f1a7d6bcf42fe5_83
[31mERROR[0m:    [02-07-2026 19:33:57] Failed to send telemetry event CollectionDeleteEvent: capture() takes 1 positional argument but 3 were given
[32mINFO[0m:     [02-07-2026 19:33:57] 127.0.0.1:58567 - "POST /api/v1/collections/04b9833e-32a9-4ce2-877d-ac206ff5d36f/delete HTTP/1.1" 200
[33mWARNING[0m:  [02-07-2026 19:33:57] Delete of nonexisting embedding ID: 283a9edb397d24ee47f1a7d6bcf42fe5_119
[33mWARNING[0m:  [02-07-2026 19:33:57] Delete of nonexisting embedding ID: 283a9edb397d24ee47f1a7d6bcf42fe5_119
[31mERROR[0m:    [02-07-2026 19:33:58] Failed to send telemetry event CollectionDeleteEvent: capture() takes 1 positional argument but 3 were given
[32mINFO[0m:     [02-07-2026 19:33:58] 127.0.0.1:58567 - "POST /api/v1/collections/04b9833e-32a9-4ce2-877d-ac206ff5d36f/delete HTTP/1.1" 200
[33mWARNING[0m:  [02-07-2026 19:33:58] Delete of nonexisting embedding ID: 283a9edb397d24ee47f1a7d6bcf42fe5_104
[33mWARNING[0m:  [02-07-2026 19:33:58] Delete of nonexisting embedding ID: 283a9edb397d24ee47f1a7d6bcf42fe5_104
[31mERROR[0m:    [02-07-2026 19:33:58] Failed to send telemetry event CollectionDeleteEvent: capture() takes 1 positional argument but 3 were given
[32mINFO[0m:     [02-07-2026 19:33:58] 127.0.0.1:58567 - "POST /api/v1/collections/04b9833e-32a9-4ce2-877d-ac206ff5d36f/delete HTTP/1.1" 200
[33mWARNING[0m:  [02-07-2026 19:33:58] Delete of nonexisting embedding ID: 283a9edb397d24ee47f1a7d6bcf42fe5_166
[33mWARNING[0m:  [02-07-2026 19:33:58] Delete of nonexisting embedding ID: 283a9edb397d24ee47f1a7d6bcf42fe5_166
[31mERROR[0m:    [02-07-2026 19:33:58] Failed to send telemetry event CollectionDeleteEvent: capture() takes 1 positional argument but 3 were given
[32mINFO[0m:     [02-07-2026 19:33:58] 127.0.0.1:58567 - "POST /api/v1/collections/04b9833e-32a9-4ce2-877d-ac206ff5d36f/delete HTTP/1.1" 200
[33mWARNING[0m:  [02-07-2026 19:33:58] Delete of nonexisting embedding ID: 283a9edb397d24ee47f1a7d6bcf42fe5_28
[33mWARNING[0m:  [02-07-2026 19:33:58] Delete of nonexisting embedding ID: 283a9edb397d24ee47f1a7d6bcf42fe5_28
[31mERROR[0m:    [02-07-2026 19:33:58] Failed to send telemetry event CollectionDeleteEvent: capture() takes 1 positional argument but 3 were given
[32mINFO[0m:     [02-07-2026 19:33:58] 127.0.0.1:58567 - "POST /api/v1/collections/04b9833e-32a9-4ce2-877d-ac206ff5d36f/delete HTTP/1.1" 200
[33mWARNING[0m:  [02-07-2026 19:33:58] Delete of nonexisting embedding ID: 283a9edb397d24ee47f1a7d6bcf42fe5_151
[33mWARNING[0m:  [02-07-2026 19:33:58] Delete of nonexisting embedding ID: 283a9edb397d24ee47f1a7d6bcf42fe5_151
[31mERROR[0m:    [02-07-2026 19:33:58] Failed to send telemetry event CollectionDeleteEvent: capture() takes 1 positional argument but 3 were given
[32mINFO[0m:     [02-07-2026 19:33:58] 127.0.0.1:58567 - "POST /api/v1/collections/04b9833e-32a9-4ce2-877d-ac206ff5d36f/delete HTTP/1.1" 200
[33mWARNING[0m:  [02-07-2026 19:33:58] Delete of nonexisting embedding ID: 283a9edb397d24ee47f1a7d6bcf42fe5_169
[33mWARNING[0m:  [02-07-2026 19:33:58] Delete of nonexisting embedding ID: 283a9edb397d24ee47f1a7d6bcf42fe5_169
[31mERROR[0m:    [02-07-2026 19:33:58] Failed to send telemetry event CollectionDeleteEvent: capture() takes 1 positional argument but 3 were given
[32mINFO[0m:     [02-07-2026 19:33:58] 127.0.0.1:58567 - "POST /api/v1/collections/04b9833e-32a9-4ce2-877d-ac206ff5d36f/delete HTTP/1.1" 200
[33mWARNING[0m:  [02-07-2026 19:33:58] Delete of nonexisting embedding ID: 283a9edb397d24ee47f1a7d6bcf42fe5_58
[33mWARNING[0m:  [02-07-2026 19:33:58] Delete of nonexisting embedding ID: 283a9edb397d24ee47f1a7d6bcf42fe5_58
[31mERROR[0m:    [02-07-2026 19:33:58] Failed to send telemetry event CollectionDeleteEvent: capture() takes 1 positional argument but 3 were given
[32mINFO[0m:     [02-07-2026 19:33:58] 127.0.0.1:58567 - "POST /api/v1/collections/04b9833e-32a9-4ce2-877d-ac206ff5d36f/delete HTTP/1.1" 200
[33mWARNING[0m:  [02-07-2026 19:33:58] Delete of nonexisting embedding ID: 283a9edb397d24ee47f1a7d6bcf42fe5_7
[33mWARNING[0m:  [02-07-2026 19:33:58] Delete of nonexisting embedding ID: 283a9edb397d24ee47f1a7d6bcf42fe5_7
[31mERROR[0m:    [02-07-2026 19:33:58] Failed to send telemetry event CollectionDeleteEvent: capture() takes 1 positional argument but 3 were given
[32mINFO[0m:     [02-07-2026 19:33:58] 127.0.0.1:58567 - "POST /api/v1/collections/04b9833e-32a9-4ce2-877d-ac206ff5d36f/delete HTTP/1.1" 200
[33mWARNING[0m:  [02-07-2026 19:33:58] Delete of nonexisting embedding ID: 283a9edb397d24ee47f1a7d6bcf42fe5_82
[33mWARNING[0m:  [02-07-2026 19:33:58] Delete of nonexisting embedding ID: 283a9edb397d24ee47f1a7d6bcf42fe5_82
[31mERROR[0m:    [02-07-2026 19:33:59] Failed to send telemetry event CollectionDeleteEvent: capture() takes 1 positional argument but 3 were given
[32mINFO[0m:     [02-07-2026 19:33:59] 127.0.0.1:58567 - "POST /api/v1/collections/04b9833e-32a9-4ce2-877d-ac206ff5d36f/delete HTTP/1.1" 200
[33mWARNING[0m:  [02-07-2026 19:33:59] Delete of nonexisting embedding ID: 283a9edb397d24ee47f1a7d6bcf42fe5_76
[33mWARNING[0m:  [02-07-2026 19:33:59] Delete of nonexisting embedding ID: 283a9edb397d24ee47f1a7d6bcf42fe5_76
[31mERROR[0m:    [02-07-2026 19:33:59] Failed to send telemetry event CollectionDeleteEvent: capture() takes 1 positional argument but 3 were given
[32mINFO[0m:     [02-07-2026 19:33:59] 127.0.0.1:58567 - "POST /api/v1/collections/04b9833e-32a9-4ce2-877d-ac206ff5d36f/delete HTTP/1.1" 200
[33mWARNING[0m:  [02-07-2026 19:33:59] Delete of nonexisting embedding ID: 283a9edb397d24ee47f1a7d6bcf42fe5_74
[33mWARNING[0m:  [02-07-2026 19:33:59] Delete of nonexisting embedding ID: 283a9edb397d24ee47f1a7d6bcf42fe5_74
[31mERROR[0m:    [02-07-2026 19:33:59] Failed to send telemetry event CollectionDeleteEvent: capture() takes 1 positional argument but 3 were given
[32mINFO[0m:     [02-07-2026 19:33:59] 127.0.0.1:58567 - "POST /api/v1/collections/04b9833e-32a9-4ce2-877d-ac206ff5d36f/delete HTTP/1.1" 200
[33mWARNING[0m:  [02-07-2026 19:33:59] Delete of nonexisting embedding ID: 283a9edb397d24ee47f1a7d6bcf42fe5_79
[33mWARNING[0m:  [02-07-2026 19:33:59] Delete of nonexisting embedding ID: 283a9edb397d24ee47f1a7d6bcf42fe5_79
[31mERROR[0m:    [02-07-2026 19:33:59] Failed to send telemetry event CollectionDeleteEvent: capture() takes 1 positional argument but 3 were given
[32mINFO[0m:     [02-07-2026 19:33:59] 127.0.0.1:58567 - "POST /api/v1/collections/04b9833e-32a9-4ce2-877d-ac206ff5d36f/delete HTTP/1.1" 200
[33mWARNING[0m:  [02-07-2026 19:33:59] Delete of nonexisting embedding ID: 283a9edb397d24ee47f1a7d6bcf42fe5_168
[33mWARNING[0m:  [02-07-2026 19:33:59] Delete of nonexisting embedding ID: 283a9edb397d24ee47f1a7d6bcf42fe5_168
[31mERROR[0m:    [02-07-2026 19:33:59] Failed to send telemetry event CollectionDeleteEvent: capture() takes 1 positional argument but 3 were given
[32mINFO[0m:     [02-07-2026 19:33:59] 127.0.0.1:58567 - "POST /api/v1/collections/04b9833e-32a9-4ce2-877d-ac206ff5d36f/delete HTTP/1.1" 200
[33mWARNING[0m:  [02-07-2026 19:33:59] Delete of nonexisting embedding ID: 283a9edb397d24ee47f1a7d6bcf42fe5_110
[33mWARNING[0m:  [02-07-2026 19:33:59] Delete of nonexisting embedding ID: 283a9edb397d24ee47f1a7d6bcf42fe5_110
[31mERROR[0m:    [02-07-2026 19:33:59] Failed to send telemetry event CollectionDeleteEvent: capture() takes 1 positional argument but 3 were given
[32mINFO[0m:     [02-07-2026 19:33:59] 127.0.0.1:58567 - "POST /api/v1/collections/04b9833e-32a9-4ce2-877d-ac206ff5d36f/delete HTTP/1.1" 200
[33mWARNING[0m:  [02-07-2026 19:33:59] Delete of nonexisting embedding ID: 283a9edb397d24ee47f1a7d6bcf42fe5_35
[33mWARNING[0m:  [02-07-2026 19:33:59] Delete of nonexisting embedding ID: 283a9edb397d24ee47f1a7d6bcf42fe5_35
[31mERROR[0m:    [02-07-2026 19:33:59] Failed to send telemetry event CollectionDeleteEvent: capture() takes 1 positional argument but 3 were given
[32mINFO[0m:     [02-07-2026 19:33:59] 127.0.0.1:58567 - "POST /api/v1/collections/04b9833e-32a9-4ce2-877d-ac206ff5d36f/delete HTTP/1.1" 200
[33mWARNING[0m:  [02-07-2026 19:33:59] Delete of nonexisting embedding ID: 283a9edb397d24ee47f1a7d6bcf42fe5_9
[33mWARNING[0m:  [02-07-2026 19:33:59] Delete of nonexisting embedding ID: 283a9edb397d24ee47f1a7d6bcf42fe5_9
[31mERROR[0m:    [02-07-2026 19:34:00] Failed to send telemetry event CollectionDeleteEvent: capture() takes 1 positional argument but 3 were given
[32mINFO[0m:     [02-07-2026 19:34:00] 127.0.0.1:58567 - "POST /api/v1/collections/04b9833e-32a9-4ce2-877d-ac206ff5d36f/delete HTTP/1.1" 200
[33mWARNING[0m:  [02-07-2026 19:34:00] Delete of nonexisting embedding ID: 283a9edb397d24ee47f1a7d6bcf42fe5_8
[33mWARNING[0m:  [02-07-2026 19:34:00] Delete of nonexisting embedding ID: 283a9edb397d24ee47f1a7d6bcf42fe5_8
[31mERROR[0m:    [02-07-2026 19:34:00] Failed to send telemetry event CollectionDeleteEvent: capture() takes 1 positional argument but 3 were given
[32mINFO[0m:     [02-07-2026 19:34:00] 127.0.0.1:58567 - "POST /api/v1/collections/04b9833e-32a9-4ce2-877d-ac206ff5d36f/delete HTTP/1.1" 200
[33mWARNING[0m:  [02-07-2026 19:34:00] Delete of nonexisting embedding ID: 283a9edb397d24ee47f1a7d6bcf42fe5_141
[33mWARNING[0m:  [02-07-2026 19:34:00] Delete of nonexisting embedding ID: 283a9edb397d24ee47f1a7d6bcf42fe5_141
[31mERROR[0m:    [02-07-2026 19:34:00] Failed to send telemetry event CollectionDeleteEvent: capture() takes 1 positional argument but 3 were given
[32mINFO[0m:     [02-07-2026 19:34:00] 127.0.0.1:58567 - "POST /api/v1/collections/04b9833e-32a9-4ce2-877d-ac206ff5d36f/delete HTTP/1.1" 200
[33mWARNING[0m:  [02-07-2026 19:34:00] Delete of nonexisting embedding ID: 283a9edb397d24ee47f1a7d6bcf42fe5_26
[33mWARNING[0m:  [02-07-2026 19:34:00] Delete of nonexisting embedding ID: 283a9edb397d24ee47f1a7d6bcf42fe5_26
[31mERROR[0m:    [02-07-2026 19:34:00] Failed to send telemetry event CollectionDeleteEvent: capture() takes 1 positional argument but 3 were given
[32mINFO[0m:     [02-07-2026 19:34:00] 127.0.0.1:58567 - "POST /api/v1/collections/04b9833e-32a9-4ce2-877d-ac206ff5d36f/delete HTTP/1.1" 200
[33mWARNING[0m:  [02-07-2026 19:34:00] Delete of nonexisting embedding ID: 283a9edb397d24ee47f1a7d6bcf42fe5_54
[33mWARNING[0m:  [02-07-2026 19:34:00] Delete of nonexisting embedding ID: 283a9edb397d24ee47f1a7d6bcf42fe5_54
[31mERROR[0m:    [02-07-2026 19:34:00] Failed to send telemetry event CollectionDeleteEvent: capture() takes 1 positional argument but 3 were given
[32mINFO[0m:     [02-07-2026 19:34:00] 127.0.0.1:58567 - "POST /api/v1/collections/04b9833e-32a9-4ce2-877d-ac206ff5d36f/delete HTTP/1.1" 200
[33mWARNING[0m:  [02-07-2026 19:34:00] Delete of nonexisting embedding ID: 283a9edb397d24ee47f1a7d6bcf42fe5_69
[33mWARNING[0m:  [02-07-2026 19:34:00] Delete of nonexisting embedding ID: 283a9edb397d24ee47f1a7d6bcf42fe5_69
[31mERROR[0m:    [02-07-2026 19:34:00] Failed to send telemetry event CollectionDeleteEvent: capture() takes 1 positional argument but 3 were given
[32mINFO[0m:     [02-07-2026 19:34:00] 127.0.0.1:58567 - "POST /api/v1/collections/04b9833e-32a9-4ce2-877d-ac206ff5d36f/delete HTTP/1.1" 200
[33mWARNING[0m:  [02-07-2026 19:34:00] Delete of nonexisting embedding ID: 283a9edb397d24ee47f1a7d6bcf42fe5_61
[33mWARNING[0m:  [02-07-2026 19:34:00] Delete of nonexisting embedding ID: 283a9edb397d24ee47f1a7d6bcf42fe5_61
[31mERROR[0m:    [02-07-2026 19:34:00] Failed to send telemetry event CollectionDeleteEvent: capture() takes 1 positional argument but 3 were given
[32mINFO[0m:     [02-07-2026 19:34:00] 127.0.0.1:58567 - "POST /api/v1/collections/04b9833e-32a9-4ce2-877d-ac206ff5d36f/delete HTTP/1.1" 200
[33mWARNING[0m:  [02-07-2026 19:34:00] Delete of nonexisting embedding ID: 283a9edb397d24ee47f1a7d6bcf42fe5_106
[33mWARNING[0m:  [02-07-2026 19:34:00] Delete of nonexisting embedding ID: 283a9edb397d24ee47f1a7d6bcf42fe5_106
[31mERROR[0m:    [02-07-2026 19:34:01] Failed to send telemetry event CollectionDeleteEvent: capture() takes 1 positional argument but 3 were given
[32mINFO[0m:     [02-07-2026 19:34:01] 127.0.0.1:58567 - "POST /api/v1/collections/04b9833e-32a9-4ce2-877d-ac206ff5d36f/delete HTTP/1.1" 200
[33mWARNING[0m:  [02-07-2026 19:34:01] Delete of nonexisting embedding ID: 283a9edb397d24ee47f1a7d6bcf42fe5_163
[33mWARNING[0m:  [02-07-2026 19:34:01] Delete of nonexisting embedding ID: 283a9edb397d24ee47f1a7d6bcf42fe5_163
[31mERROR[0m:    [02-07-2026 19:34:01] Failed to send telemetry event CollectionDeleteEvent: capture() takes 1 positional argument but 3 were given
[32mINFO[0m:     [02-07-2026 19:34:01] 127.0.0.1:58567 - "POST /api/v1/collections/04b9833e-32a9-4ce2-877d-ac206ff5d36f/delete HTTP/1.1" 200
[33mWARNING[0m:  [02-07-2026 19:34:01] Delete of nonexisting embedding ID: 283a9edb397d24ee47f1a7d6bcf42fe5_73
[33mWARNING[0m:  [02-07-2026 19:34:01] Delete of nonexisting embedding ID: 283a9edb397d24ee47f1a7d6bcf42fe5_73
[31mERROR[0m:    [02-07-2026 19:34:01] Failed to send telemetry event CollectionDeleteEvent: capture() takes 1 positional argument but 3 were given
[32mINFO[0m:     [02-07-2026 19:34:01] 127.0.0.1:58567 - "POST /api/v1/collections/04b9833e-32a9-4ce2-877d-ac206ff5d36f/delete HTTP/1.1" 200
[33mWARNING[0m:  [02-07-2026 19:34:01] Delete of nonexisting embedding ID: 283a9edb397d24ee47f1a7d6bcf42fe5_131
[33mWARNING[0m:  [02-07-2026 19:34:01] Delete of nonexisting embedding ID: 283a9edb397d24ee47f1a7d6bcf42fe5_131
[31mERROR[0m:    [02-07-2026 19:34:01] Failed to send telemetry event CollectionDeleteEvent: capture() takes 1 positional argument but 3 were given
[32mINFO[0m:     [02-07-2026 19:34:01] 127.0.0.1:58567 - "POST /api/v1/collections/04b9833e-32a9-4ce2-877d-ac206ff5d36f/delete HTTP/1.1" 200
[33mWARNING[0m:  [02-07-2026 19:34:01] Delete of nonexisting embedding ID: 283a9edb397d24ee47f1a7d6bcf42fe5_133
[33mWARNING[0m:  [02-07-2026 19:34:01] Delete of nonexisting embedding ID: 283a9edb397d24ee47f1a7d6bcf42fe5_133
[31mERROR[0m:    [02-07-2026 19:34:01] Failed to send telemetry event CollectionDeleteEvent: capture() takes 1 positional argument but 3 were given
[32mINFO[0m:     [02-07-2026 19:34:01] 127.0.0.1:58567 - "POST /api/v1/collections/04b9833e-32a9-4ce2-877d-ac206ff5d36f/delete HTTP/1.1" 200
[33mWARNING[0m:  [02-07-2026 19:34:01] Delete of nonexisting embedding ID: 283a9edb397d24ee47f1a7d6bcf42fe5_81
[33mWARNING[0m:  [02-07-2026 19:34:01] Delete of nonexisting embedding ID: 283a9edb397d24ee47f1a7d6bcf42fe5_81
[31mERROR[0m:    [02-07-2026 19:34:01] Failed to send telemetry event CollectionDeleteEvent: capture() takes 1 positional argument but 3 were given
[32mINFO[0m:     [02-07-2026 19:34:01] 127.0.0.1:58567 - "POST /api/v1/collections/04b9833e-32a9-4ce2-877d-ac206ff5d36f/delete HTTP/1.1" 200
[33mWARNING[0m:  [02-07-2026 19:34:01] Delete of nonexisting embedding ID: 283a9edb397d24ee47f1a7d6bcf42fe5_87
[33mWARNING[0m:  [02-07-2026 19:34:01] Delete of nonexisting embedding ID: 283a9edb397d24ee47f1a7d6bcf42fe5_87
[31mERROR[0m:    [02-07-2026 19:34:01] Failed to send telemetry event CollectionDeleteEvent: capture() takes 1 positional argument but 3 were given
[32mINFO[0m:     [02-07-2026 19:34:01] 127.0.0.1:58567 - "POST /api/v1/collections/04b9833e-32a9-4ce2-877d-ac206ff5d36f/delete HTTP/1.1" 200
[33mWARNING[0m:  [02-07-2026 19:34:01] Delete of nonexisting embedding ID: 283a9edb397d24ee47f1a7d6bcf42fe5_100
[33mWARNING[0m:  [02-07-2026 19:34:01] Delete of nonexisting embedding ID: 283a9edb397d24ee47f1a7d6bcf42fe5_100
[31mERROR[0m:    [02-07-2026 19:34:02] Failed to send telemetry event CollectionDeleteEvent: capture() takes 1 positional argument but 3 were given
[32mINFO[0m:     [02-07-2026 19:34:02] 127.0.0.1:58567 - "POST /api/v1/collections/04b9833e-32a9-4ce2-877d-ac206ff5d36f/delete HTTP/1.1" 200
[33mWARNING[0m:  [02-07-2026 19:34:02] Delete of nonexisting embedding ID: 283a9edb397d24ee47f1a7d6bcf42fe5_130
[33mWARNING[0m:  [02-07-2026 19:34:02] Delete of nonexisting embedding ID: 283a9edb397d24ee47f1a7d6bcf42fe5_130
[31mERROR[0m:    [02-07-2026 19:34:02] Failed to send telemetry event CollectionDeleteEvent: capture() takes 1 positional argument but 3 were given
[32mINFO[0m:     [02-07-2026 19:34:02] 127.0.0.1:58567 - "POST /api/v1/collections/04b9833e-32a9-4ce2-877d-ac206ff5d36f/delete HTTP/1.1" 200
[33mWARNING[0m:  [02-07-2026 19:34:02] Delete of nonexisting embedding ID: 283a9edb397d24ee47f1a7d6bcf42fe5_125
[33mWARNING[0m:  [02-07-2026 19:34:02] Delete of nonexisting embedding ID: 283a9edb397d24ee47f1a7d6bcf42fe5_125
[31mERROR[0m:    [02-07-2026 19:34:02] Failed to send telemetry event CollectionDeleteEvent: capture() takes 1 positional argument but 3 were given
[32mINFO[0m:     [02-07-2026 19:34:02] 127.0.0.1:58567 - "POST /api/v1/collections/04b9833e-32a9-4ce2-877d-ac206ff5d36f/delete HTTP/1.1" 200
[33mWARNING[0m:  [02-07-2026 19:34:02] Delete of nonexisting embedding ID: 283a9edb397d24ee47f1a7d6bcf42fe5_137
[33mWARNING[0m:  [02-07-2026 19:34:02] Delete of nonexisting embedding ID: 283a9edb397d24ee47f1a7d6bcf42fe5_137
[31mERROR[0m:    [02-07-2026 19:34:02] Failed to send telemetry event CollectionDeleteEvent: capture() takes 1 positional argument but 3 were given
[32mINFO[0m:     [02-07-2026 19:34:02] 127.0.0.1:58567 - "POST /api/v1/collections/04b9833e-32a9-4ce2-877d-ac206ff5d36f/delete HTTP/1.1" 200
[33mWARNING[0m:  [02-07-2026 19:34:02] Delete of nonexisting embedding ID: 283a9edb397d24ee47f1a7d6bcf42fe5_78
[33mWARNING[0m:  [02-07-2026 19:34:02] Delete of nonexisting embedding ID: 283a9edb397d24ee47f1a7d6bcf42fe5_78
[31mERROR[0m:    [02-07-2026 19:34:03] Failed to send telemetry event CollectionDeleteEvent: capture() takes 1 positional argument but 3 were given
[32mINFO[0m:     [02-07-2026 19:34:03] 127.0.0.1:58567 - "POST /api/v1/collections/04b9833e-32a9-4ce2-877d-ac206ff5d36f/delete HTTP/1.1" 200
[33mWARNING[0m:  [02-07-2026 19:34:03] Delete of nonexisting embedding ID: 283a9edb397d24ee47f1a7d6bcf42fe5_145
[33mWARNING[0m:  [02-07-2026 19:34:03] Delete of nonexisting embedding ID: 283a9edb397d24ee47f1a7d6bcf42fe5_145
[31mERROR[0m:    [02-07-2026 19:34:03] Failed to send telemetry event CollectionDeleteEvent: capture() takes 1 positional argument but 3 were given
[32mINFO[0m:     [02-07-2026 19:34:03] 127.0.0.1:58567 - "POST /api/v1/collections/04b9833e-32a9-4ce2-877d-ac206ff5d36f/delete HTTP/1.1" 200
[33mWARNING[0m:  [02-07-2026 19:34:03] Delete of nonexisting embedding ID: 283a9edb397d24ee47f1a7d6bcf42fe5_165
[33mWARNING[0m:  [02-07-2026 19:34:03] Delete of nonexisting embedding ID: 283a9edb397d24ee47f1a7d6bcf42fe5_165
[31mERROR[0m:    [02-07-2026 19:34:03] Failed to send telemetry event CollectionDeleteEvent: capture() takes 1 positional argument but 3 were given
[32mINFO[0m:     [02-07-2026 19:34:03] 127.0.0.1:58567 - "POST /api/v1/collections/04b9833e-32a9-4ce2-877d-ac206ff5d36f/delete HTTP/1.1" 200
[33mWARNING[0m:  [02-07-2026 19:34:03] Delete of nonexisting embedding ID: 283a9edb397d24ee47f1a7d6bcf42fe5_154
[33mWARNING[0m:  [02-07-2026 19:34:03] Delete of nonexisting embedding ID: 283a9edb397d24ee47f1a7d6bcf42fe5_154
[31mERROR[0m:    [02-07-2026 19:34:03] Failed to send telemetry event CollectionDeleteEvent: capture() takes 1 positional argument but 3 were given
[32mINFO[0m:     [02-07-2026 19:34:03] 127.0.0.1:58567 - "POST /api/v1/collections/04b9833e-32a9-4ce2-877d-ac206ff5d36f/delete HTTP/1.1" 200
[33mWARNING[0m:  [02-07-2026 19:34:03] Delete of nonexisting embedding ID: 283a9edb397d24ee47f1a7d6bcf42fe5_152
[33mWARNING[0m:  [02-07-2026 19:34:03] Delete of nonexisting embedding ID: 283a9edb397d24ee47f1a7d6bcf42fe5_152
[31mERROR[0m:    [02-07-2026 19:34:03] Failed to send telemetry event CollectionDeleteEvent: capture() takes 1 positional argument but 3 were given
[32mINFO[0m:     [02-07-2026 19:34:03] 127.0.0.1:58567 - "POST /api/v1/collections/04b9833e-32a9-4ce2-877d-ac206ff5d36f/delete HTTP/1.1" 200
[33mWARNING[0m:  [02-07-2026 19:34:03] Delete of nonexisting embedding ID: 283a9edb397d24ee47f1a7d6bcf42fe5_66
[33mWARNING[0m:  [02-07-2026 19:34:03] Delete of nonexisting embedding ID: 283a9edb397d24ee47f1a7d6bcf42fe5_66
[31mERROR[0m:    [02-07-2026 19:34:03] Failed to send telemetry event CollectionDeleteEvent: capture() takes 1 positional argument but 3 were given
[32mINFO[0m:     [02-07-2026 19:34:03] 127.0.0.1:58567 - "POST /api/v1/collections/04b9833e-32a9-4ce2-877d-ac206ff5d36f/delete HTTP/1.1" 200
[33mWARNING[0m:  [02-07-2026 19:34:03] Delete of nonexisting embedding ID: 283a9edb397d24ee47f1a7d6bcf42fe5_114
[33mWARNING[0m:  [02-07-2026 19:34:03] Delete of nonexisting embedding ID: 283a9edb397d24ee47f1a7d6bcf42fe5_114
[31mERROR[0m:    [02-07-2026 19:34:04] Failed to send telemetry event CollectionDeleteEvent: capture() takes 1 positional argument but 3 were given
[32mINFO[0m:     [02-07-2026 19:34:04] 127.0.0.1:58567 - "POST /api/v1/collections/04b9833e-32a9-4ce2-877d-ac206ff5d36f/delete HTTP/1.1" 200
[33mWARNING[0m:  [02-07-2026 19:34:04] Delete of nonexisting embedding ID: 283a9edb397d24ee47f1a7d6bcf42fe5_164
[33mWARNING[0m:  [02-07-2026 19:34:04] Delete of nonexisting embedding ID: 283a9edb397d24ee47f1a7d6bcf42fe5_164
[31mERROR[0m:    [02-07-2026 19:34:04] Failed to send telemetry event CollectionDeleteEvent: capture() takes 1 positional argument but 3 were given
[32mINFO[0m:     [02-07-2026 19:34:04] 127.0.0.1:58567 - "POST /api/v1/collections/04b9833e-32a9-4ce2-877d-ac206ff5d36f/delete HTTP/1.1" 200
[33mWARNING[0m:  [02-07-2026 19:34:04] Delete of nonexisting embedding ID: 283a9edb397d24ee47f1a7d6bcf42fe5_135
[33mWARNING[0m:  [02-07-2026 19:34:04] Delete of nonexisting embedding ID: 283a9edb397d24ee47f1a7d6bcf42fe5_135
[31mERROR[0m:    [02-07-2026 19:34:04] Failed to send telemetry event CollectionDeleteEvent: capture() takes 1 positional argument but 3 were given
[32mINFO[0m:     [02-07-2026 19:34:04] 127.0.0.1:58567 - "POST /api/v1/collections/04b9833e-32a9-4ce2-877d-ac206ff5d36f/delete HTTP/1.1" 200
[33mWARNING[0m:  [02-07-2026 19:34:04] Delete of nonexisting embedding ID: 283a9edb397d24ee47f1a7d6bcf42fe5_129
[33mWARNING[0m:  [02-07-2026 19:34:04] Delete of nonexisting embedding ID: 283a9edb397d24ee47f1a7d6bcf42fe5_129
[31mERROR[0m:    [02-07-2026 19:34:04] Failed to send telemetry event CollectionDeleteEvent: capture() takes 1 positional argument but 3 were given
[32mINFO[0m:     [02-07-2026 19:34:04] 127.0.0.1:58567 - "POST /api/v1/collections/04b9833e-32a9-4ce2-877d-ac206ff5d36f/delete HTTP/1.1" 200
[33mWARNING[0m:  [02-07-2026 19:34:04] Delete of nonexisting embedding ID: 283a9edb397d24ee47f1a7d6bcf42fe5_155
[33mWARNING[0m:  [02-07-2026 19:34:04] Delete of nonexisting embedding ID: 283a9edb397d24ee47f1a7d6bcf42fe5_155
[31mERROR[0m:    [02-07-2026 19:34:04] Failed to send telemetry event CollectionDeleteEvent: capture() takes 1 positional argument but 3 were given
[32mINFO[0m:     [02-07-2026 19:34:04] 127.0.0.1:58567 - "POST /api/v1/collections/04b9833e-32a9-4ce2-877d-ac206ff5d36f/delete HTTP/1.1" 200
[32mINFO[0m:     [02-07-2026 19:34:05] 127.0.0.1:58567 - "POST /api/v1/collections/04b9833e-32a9-4ce2-877d-ac206ff5d36f/query HTTP/1.1" 200
[33mWARNING[0m:  [02-07-2026 19:34:05] Delete of nonexisting embedding ID: e10627a3eac14e7e45f1ccf3c1c613d5_2
[33mWARNING[0m:  [02-07-2026 19:34:05] Delete of nonexisting embedding ID: e10627a3eac14e7e45f1ccf3c1c613d5_2
[31mERROR[0m:    [02-07-2026 19:34:05] Failed to send telemetry event CollectionDeleteEvent: capture() takes 1 positional argument but 3 were given
[32mINFO[0m:     [02-07-2026 19:34:05] 127.0.0.1:58567 - "POST /api/v1/collections/04b9833e-32a9-4ce2-877d-ac206ff5d36f/delete HTTP/1.1" 200
[33mWARNING[0m:  [02-07-2026 19:34:05] Delete of nonexisting embedding ID: e10627a3eac14e7e45f1ccf3c1c613d5_2
[33mWARNING[0m:  [02-07-2026 19:34:05] Delete of nonexisting embedding ID: e10627a3eac14e7e45f1ccf3c1c613d5_2
[31mERROR[0m:    [02-07-2026 19:34:05] Failed to send telemetry event CollectionDeleteEvent: capture() takes 1 positional argument but 3 were given
[32mINFO[0m:     [02-07-2026 19:34:05] 127.0.0.1:58567 - "POST /api/v1/collections/04b9833e-32a9-4ce2-877d-ac206ff5d36f/delete HTTP/1.1" 200
[33mWARNING[0m:  [02-07-2026 19:34:05] Delete of nonexisting embedding ID: e10627a3eac14e7e45f1ccf3c1c613d5_0
[33mWARNING[0m:  [02-07-2026 19:34:05] Delete of nonexisting embedding ID: e10627a3eac14e7e45f1ccf3c1c613d5_0
[31mERROR[0m:    [02-07-2026 19:34:05] Failed to send telemetry event CollectionDeleteEvent: capture() takes 1 positional argument but 3 were given
[32mINFO[0m:     [02-07-2026 19:34:05] 127.0.0.1:58567 - "POST /api/v1/collections/04b9833e-32a9-4ce2-877d-ac206ff5d36f/delete HTTP/1.1" 200
[33mWARNING[0m:  [02-07-2026 19:34:05] Delete of nonexisting embedding ID: e10627a3eac14e7e45f1ccf3c1c613d5_0
[33mWARNING[0m:  [02-07-2026 19:34:05] Delete of nonexisting embedding ID: e10627a3eac14e7e45f1ccf3c1c613d5_0
[31mERROR[0m:    [02-07-2026 19:34:05] Failed to send telemetry event CollectionDeleteEvent: capture() takes 1 positional argument but 3 were given
[32mINFO[0m:     [02-07-2026 19:34:05] 127.0.0.1:58567 - "POST /api/v1/collections/04b9833e-32a9-4ce2-877d-ac206ff5d36f/delete HTTP/1.1" 200
[33mWARNING[0m:  [02-07-2026 19:34:05] Delete of nonexisting embedding ID: e10627a3eac14e7e45f1ccf3c1c613d5_1
[33mWARNING[0m:  [02-07-2026 19:34:05] Delete of nonexisting embedding ID: e10627a3eac14e7e45f1ccf3c1c613d5_1
[31mERROR[0m:    [02-07-2026 19:34:05] Failed to send telemetry event CollectionDeleteEvent: capture() takes 1 positional argument but 3 were given
[32mINFO[0m:     [02-07-2026 19:34:05] 127.0.0.1:58567 - "POST /api/v1/collections/04b9833e-32a9-4ce2-877d-ac206ff5d36f/delete HTTP/1.1" 200
[33mWARNING[0m:  [02-07-2026 19:34:05] Delete of nonexisting embedding ID: e10627a3eac14e7e45f1ccf3c1c613d5_1
[33mWARNING[0m:  [02-07-2026 19:34:05] Delete of nonexisting embedding ID: e10627a3eac14e7e45f1ccf3c1c613d5_1
[31mERROR[0m:    [02-07-2026 19:34:05] Failed to send telemetry event CollectionDeleteEvent: capture() takes 1 positional argument but 3 were given
[32mINFO[0m:     [02-07-2026 19:34:05] 127.0.0.1:58567 - "POST /api/v1/collections/04b9833e-32a9-4ce2-877d-ac206ff5d36f/delete HTTP/1.1" 200
[32mINFO[0m:     [02-07-2026 19:38:46] Shutting down
[32mINFO[0m:     [02-07-2026 19:38:46] Waiting for application shutdown.
[36mDEBUG[0m:    [02-07-2026 19:38:46] Stopping component System
[36mDEBUG[0m:    [02-07-2026 19:38:46] Stopping component SegmentAPI
[36mDEBUG[0m:    [02-07-2026 19:38:46] Stopping component PersistentLocalHnswSegment
[36mDEBUG[0m:    [02-07-2026 19:38:46] Stopping component PersistentLocalHnswSegment
[36mDEBUG[0m:    [02-07-2026 19:38:46] Stopping component LocalSegmentManager
[36mDEBUG[0m:    [02-07-2026 19:38:46] Stopping component Posthog
[36mDEBUG[0m:    [02-07-2026 19:38:46] Stopping component QuotaEnforcer
[36mDEBUG[0m:    [02-07-2026 19:38:46] Stopping component SqliteDB
[36mDEBUG[0m:    [02-07-2026 19:38:46] Stopping component SimpleAssignmentPolicy
[36mDEBUG[0m:    [02-07-2026 19:38:46] Stopping component OpenTelemetryClient
[32mINFO[0m:     [02-07-2026 19:38:46] Application shutdown complete.
[32mINFO[0m:     [02-07-2026 19:38:46] Finished server process [[36m14676[0m]
[33mWARNING[0m:  [02-07-2026 19:39:27] chroma_server_nofile is not supported on Windows. chroma_server_nofile will not be set.
[32mINFO[0m:     [02-07-2026 19:39:27] Anonymized telemetry enabled. See                     https://docs.trychroma.com/telemetry for more information.
[36mDEBUG[0m:    [02-07-2026 19:39:27] Starting component System
[36mDEBUG[0m:    [02-07-2026 19:39:27] Starting component OpenTelemetryClient
[36mDEBUG[0m:    [02-07-2026 19:39:27] Starting component SimpleAssignmentPolicy
[36mDEBUG[0m:    [02-07-2026 19:39:27] Starting component SqliteDB
[36mDEBUG[0m:    [02-07-2026 19:39:31] Starting component QuotaEnforcer
[36mDEBUG[0m:    [02-07-2026 19:39:31] Starting component Posthog
[36mDEBUG[0m:    [02-07-2026 19:39:31] Starting component LocalSegmentManager
[36mDEBUG[0m:    [02-07-2026 19:39:31] Starting component SegmentAPI
[32mINFO[0m:     [02-07-2026 19:39:31] Started server process [[36m6304[0m]
[32mINFO[0m:     [02-07-2026 19:39:31] Waiting for application startup.
[32mINFO[0m:     [02-07-2026 19:39:31] Application startup complete.
[32mINFO[0m:     [02-07-2026 19:39:31] Uvicorn running on [1mhttp://0.0.0.0:8001[0m (Press CTRL+C to quit)
[31mERROR[0m:    [02-07-2026 19:39:55] Collection notes_collection does not exist.
  + Exception Group Traceback (most recent call last):
  |   File "D:\anaconda3\envs\chroma-server\lib\site-packages\starlette\_utils.py", line 85, in create_collapsing_task_group
  |     async with anyio.create_task_group() as tg:
  |   File "D:\anaconda3\envs\chroma-server\lib\site-packages\anyio\_backends\_asyncio.py", line 811, in __aexit__
  |     raise BaseExceptionGroup(
  | exceptiongroup.ExceptionGroup: unhandled errors in a TaskGroup (1 sub-exception)
  +-+---------------- 1 ----------------
    | Traceback (most recent call last):
    |   File "D:\anaconda3\envs\chroma-server\lib\site-packages\chromadb\server\fastapi\__init__.py", line 82, in catch_exceptions_middleware
    |     return await call_next(request)
    |   File "D:\anaconda3\envs\chroma-server\lib\site-packages\starlette\middleware\base.py", line 168, in call_next
    |     raise app_exc from app_exc.__cause__ or app_exc.__context__
    |   File "D:\anaconda3\envs\chroma-server\lib\site-packages\starlette\middleware\base.py", line 144, in coro
    |     await self.app(scope, receive_or_disconnect, send_no_error)
    |   File "D:\anaconda3\envs\chroma-server\lib\site-packages\starlette\middleware\base.py", line 193, in __call__
    |     response = await self.dispatch_func(request, call_next)
    |   File "D:\anaconda3\envs\chroma-server\lib\site-packages\chromadb\server\fastapi\__init__.py", line 96, in check_http_version_middleware
    |     return await call_next(request)
    |   File "D:\anaconda3\envs\chroma-server\lib\site-packages\starlette\middleware\base.py", line 168, in call_next
    |     raise app_exc from app_exc.__cause__ or app_exc.__context__
    |   File "D:\anaconda3\envs\chroma-server\lib\site-packages\starlette\middleware\base.py", line 144, in coro
    |     await self.app(scope, receive_or_disconnect, send_no_error)
    |   File "D:\anaconda3\envs\chroma-server\lib\site-packages\starlette\middleware\exceptions.py", line 63, in __call__
    |     await wrap_app_handling_exceptions(self.app, conn)(scope, receive, send)
    |   File "D:\anaconda3\envs\chroma-server\lib\site-packages\starlette\_exception_handler.py", line 53, in wrapped_app
    |     raise exc
    |   File "D:\anaconda3\envs\chroma-server\lib\site-packages\starlette\_exception_handler.py", line 42, in wrapped_app
    |     await app(scope, receive, sender)
    |   File "D:\anaconda3\envs\chroma-server\lib\site-packages\fastapi\middleware\asyncexitstack.py", line 18, in __call__
    |     await self.app(scope, receive, send)
    |   File "D:\anaconda3\envs\chroma-server\lib\site-packages\starlette\routing.py", line 660, in __call__
    |     await self.middleware_stack(scope, receive, send)
    |   File "D:\anaconda3\envs\chroma-server\lib\site-packages\fastapi\routing.py", line 2683, in app
    |     await route.handle(scope, receive, send)
    |   File "D:\anaconda3\envs\chroma-server\lib\site-packages\fastapi\routing.py", line 1753, in handle
    |     await self.original_router.handle(scope, receive, send)
    |   File "D:\anaconda3\envs\chroma-server\lib\site-packages\fastapi\routing.py", line 2738, in handle
    |     await included_router._handle_selected(scope, receive, send)
    |   File "D:\anaconda3\envs\chroma-server\lib\site-packages\fastapi\routing.py", line 1773, in _handle_selected
    |     await original_route.handle(scope, receive, send)
    |   File "D:\anaconda3\envs\chroma-server\lib\site-packages\fastapi\routing.py", line 1264, in handle
    |     await app(scope, receive, send)
    |   File "D:\anaconda3\envs\chroma-server\lib\site-packages\fastapi\routing.py", line 150, in app
    |     await wrap_app_handling_exceptions(app, request)(scope, receive, send)
    |   File "D:\anaconda3\envs\chroma-server\lib\site-packages\starlette\_exception_handler.py", line 53, in wrapped_app
    |     raise exc
    |   File "D:\anaconda3\envs\chroma-server\lib\site-packages\starlette\_exception_handler.py", line 42, in wrapped_app
    |     await app(scope, receive, sender)
    |   File "D:\anaconda3\envs\chroma-server\lib\site-packages\fastapi\routing.py", line 136, in app
    |     response = await f(request)
    |   File "D:\anaconda3\envs\chroma-server\lib\site-packages\fastapi\routing.py", line 690, in app
    |     raw_response = await run_endpoint_function(
    |   File "D:\anaconda3\envs\chroma-server\lib\site-packages\fastapi\routing.py", line 346, in run_endpoint_function
    |     return await run_in_threadpool(dependant.call, **values)
    |   File "D:\anaconda3\envs\chroma-server\lib\site-packages\starlette\concurrency.py", line 34, in run_in_threadpool
    |     return await anyio.to_thread.run_sync(func)
    |   File "D:\anaconda3\envs\chroma-server\lib\site-packages\anyio\to_thread.py", line 63, in run_sync
    |     return await get_async_backend().run_sync_in_worker_thread(
    |   File "D:\anaconda3\envs\chroma-server\lib\site-packages\anyio\_backends\_asyncio.py", line 2596, in run_sync_in_worker_thread
    |     return await future
    |   File "D:\anaconda3\envs\chroma-server\lib\site-packages\anyio\_backends\_asyncio.py", line 1029, in run
    |     result = context.run(func, *args)
    |   File "D:\anaconda3\envs\chroma-server\lib\site-packages\chromadb\telemetry\opentelemetry\__init__.py", line 127, in wrapper
    |     return f(*args, **kwargs)
    |   File "D:\anaconda3\envs\chroma-server\lib\site-packages\chromadb\auth\fastapi.py", line 241, in wrapped
    |     return f(*args, **kwargs)
    |   File "D:\anaconda3\envs\chroma-server\lib\site-packages\chromadb\server\fastapi\__init__.py", line 440, in get_collection
    |     return self._api.get_collection(
    |   File "D:\anaconda3\envs\chroma-server\lib\site-packages\chromadb\telemetry\opentelemetry\__init__.py", line 127, in wrapper
    |     return f(*args, **kwargs)
    |   File "D:\anaconda3\envs\chroma-server\lib\site-packages\chromadb\api\segment.py", line 261, in get_collection
    |     raise ValueError(f"Collection {name} does not exist.")
    | ValueError: Collection notes_collection does not exist.
    +------------------------------------

The above exception was the direct cause of the following exception:

Traceback (most recent call last):
  File "D:\anaconda3\envs\chroma-server\lib\site-packages\chromadb\server\fastapi\__init__.py", line 82, in catch_exceptions_middleware
    return await call_next(request)
  File "D:\anaconda3\envs\chroma-server\lib\site-packages\starlette\middleware\base.py", line 168, in call_next
    raise app_exc from app_exc.__cause__ or app_exc.__context__
  File "D:\anaconda3\envs\chroma-server\lib\site-packages\starlette\middleware\base.py", line 144, in coro
    await self.app(scope, receive_or_disconnect, send_no_error)
  File "D:\anaconda3\envs\chroma-server\lib\site-packages\starlette\middleware\base.py", line 193, in __call__
    response = await self.dispatch_func(request, call_next)
  File "D:\anaconda3\envs\chroma-server\lib\site-packages\chromadb\server\fastapi\__init__.py", line 96, in check_http_version_middleware
    return await call_next(request)
  File "D:\anaconda3\envs\chroma-server\lib\site-packages\starlette\middleware\base.py", line 168, in call_next
    raise app_exc from app_exc.__cause__ or app_exc.__context__
  File "D:\anaconda3\envs\chroma-server\lib\site-packages\starlette\middleware\base.py", line 144, in coro
    await self.app(scope, receive_or_disconnect, send_no_error)
  File "D:\anaconda3\envs\chroma-server\lib\site-packages\starlette\middleware\exceptions.py", line 63, in __call__
    await wrap_app_handling_exceptions(self.app, conn)(scope, receive, send)
  File "D:\anaconda3\envs\chroma-server\lib\site-packages\starlette\_exception_handler.py", line 53, in wrapped_app
    raise exc
  File "D:\anaconda3\envs\chroma-server\lib\site-packages\starlette\_exception_handler.py", line 42, in wrapped_app
    await app(scope, receive, sender)
  File "D:\anaconda3\envs\chroma-server\lib\site-packages\fastapi\middleware\asyncexitstack.py", line 18, in __call__
    await self.app(scope, receive, send)
  File "D:\anaconda3\envs\chroma-server\lib\site-packages\starlette\routing.py", line 660, in __call__
    await self.middleware_stack(scope, receive, send)
  File "D:\anaconda3\envs\chroma-server\lib\site-packages\fastapi\routing.py", line 2683, in app
    await route.handle(scope, receive, send)
  File "D:\anaconda3\envs\chroma-server\lib\site-packages\fastapi\routing.py", line 1753, in handle
    await self.original_router.handle(scope, receive, send)
  File "D:\anaconda3\envs\chroma-server\lib\site-packages\fastapi\routing.py", line 2738, in handle
    await included_router._handle_selected(scope, receive, send)
  File "D:\anaconda3\envs\chroma-server\lib\site-packages\fastapi\routing.py", line 1773, in _handle_selected
    await original_route.handle(scope, receive, send)
  File "D:\anaconda3\envs\chroma-server\lib\site-packages\fastapi\routing.py", line 1264, in handle
    await app(scope, receive, send)
  File "D:\anaconda3\envs\chroma-server\lib\site-packages\fastapi\routing.py", line 150, in app
    await wrap_app_handling_exceptions(app, request)(scope, receive, send)
  File "D:\anaconda3\envs\chroma-server\lib\site-packages\starlette\_exception_handler.py", line 53, in wrapped_app
    raise exc
  File "D:\anaconda3\envs\chroma-server\lib\site-packages\starlette\_exception_handler.py", line 42, in wrapped_app
    await app(scope, receive, sender)
  File "D:\anaconda3\envs\chroma-server\lib\site-packages\fastapi\routing.py", line 136, in app
    response = await f(request)
  File "D:\anaconda3\envs\chroma-server\lib\site-packages\fastapi\routing.py", line 690, in app
    raw_response = await run_endpoint_function(
  File "D:\anaconda3\envs\chroma-server\lib\site-packages\fastapi\routing.py", line 346, in run_endpoint_function
    return await run_in_threadpool(dependant.call, **values)
  File "D:\anaconda3\envs\chroma-server\lib\site-packages\starlette\concurrency.py", line 34, in run_in_threadpool
    return await anyio.to_thread.run_sync(func)
  File "D:\anaconda3\envs\chroma-server\lib\site-packages\anyio\to_thread.py", line 63, in run_sync
    return await get_async_backend().run_sync_in_worker_thread(
  File "D:\anaconda3\envs\chroma-server\lib\site-packages\anyio\_backends\_asyncio.py", line 2596, in run_sync_in_worker_thread
    return await future
  File "D:\anaconda3\envs\chroma-server\lib\site-packages\anyio\_backends\_asyncio.py", line 1029, in run
    result = context.run(func, *args)
  File "D:\anaconda3\envs\chroma-server\lib\site-packages\chromadb\telemetry\opentelemetry\__init__.py", line 127, in wrapper
    return f(*args, **kwargs)
  File "D:\anaconda3\envs\chroma-server\lib\site-packages\chromadb\auth\fastapi.py", line 241, in wrapped
    return f(*args, **kwargs)
  File "D:\anaconda3\envs\chroma-server\lib\site-packages\chromadb\server\fastapi\__init__.py", line 440, in get_collection
    return self._api.get_collection(
  File "D:\anaconda3\envs\chroma-server\lib\site-packages\chromadb\telemetry\opentelemetry\__init__.py", line 127, in wrapper
    return f(*args, **kwargs)
  File "D:\anaconda3\envs\chroma-server\lib\site-packages\chromadb\api\segment.py", line 261, in get_collection
    raise ValueError(f"Collection {name} does not exist.")
ValueError: Collection notes_collection does not exist.
[32mINFO[0m:     [02-07-2026 19:39:55] 127.0.0.1:58944 - "GET /api/v1/collections/notes_collection HTTP/1.1" 500
[31mERROR[0m:    [02-07-2026 19:39:56] Failed to send telemetry event ClientCreateCollectionEvent: capture() takes 1 positional argument but 3 were given
[32mINFO[0m:     [02-07-2026 19:39:56] 127.0.0.1:58944 - "POST /api/v1/collections HTTP/1.1" 200
[31mERROR[0m:    [02-07-2026 19:39:56] Collection rag_collection does not exist.
  + Exception Group Traceback (most recent call last):
  |   File "D:\anaconda3\envs\chroma-server\lib\site-packages\starlette\_utils.py", line 85, in create_collapsing_task_group
  |     async with anyio.create_task_group() as tg:
  |   File "D:\anaconda3\envs\chroma-server\lib\site-packages\anyio\_backends\_asyncio.py", line 811, in __aexit__
  |     raise BaseExceptionGroup(
  | exceptiongroup.ExceptionGroup: unhandled errors in a TaskGroup (1 sub-exception)
  +-+---------------- 1 ----------------
    | Traceback (most recent call last):
    |   File "D:\anaconda3\envs\chroma-server\lib\site-packages\chromadb\server\fastapi\__init__.py", line 82, in catch_exceptions_middleware
    |     return await call_next(request)
    |   File "D:\anaconda3\envs\chroma-server\lib\site-packages\starlette\middleware\base.py", line 168, in call_next
    |     raise app_exc from app_exc.__cause__ or app_exc.__context__
    |   File "D:\anaconda3\envs\chroma-server\lib\site-packages\starlette\middleware\base.py", line 144, in coro
    |     await self.app(scope, receive_or_disconnect, send_no_error)
    |   File "D:\anaconda3\envs\chroma-server\lib\site-packages\starlette\middleware\base.py", line 193, in __call__
    |     response = await self.dispatch_func(request, call_next)
    |   File "D:\anaconda3\envs\chroma-server\lib\site-packages\chromadb\server\fastapi\__init__.py", line 96, in check_http_version_middleware
    |     return await call_next(request)
    |   File "D:\anaconda3\envs\chroma-server\lib\site-packages\starlette\middleware\base.py", line 168, in call_next
    |     raise app_exc from app_exc.__cause__ or app_exc.__context__
    |   File "D:\anaconda3\envs\chroma-server\lib\site-packages\starlette\middleware\base.py", line 144, in coro
    |     await self.app(scope, receive_or_disconnect, send_no_error)
    |   File "D:\anaconda3\envs\chroma-server\lib\site-packages\starlette\middleware\exceptions.py", line 63, in __call__
    |     await wrap_app_handling_exceptions(self.app, conn)(scope, receive, send)
    |   File "D:\anaconda3\envs\chroma-server\lib\site-packages\starlette\_exception_handler.py", line 53, in wrapped_app
    |     raise exc
    |   File "D:\anaconda3\envs\chroma-server\lib\site-packages\starlette\_exception_handler.py", line 42, in wrapped_app
    |     await app(scope, receive, sender)
    |   File "D:\anaconda3\envs\chroma-server\lib\site-packages\fastapi\middleware\asyncexitstack.py", line 18, in __call__
    |     await self.app(scope, receive, send)
    |   File "D:\anaconda3\envs\chroma-server\lib\site-packages\starlette\routing.py", line 660, in __call__
    |     await self.middleware_stack(scope, receive, send)
    |   File "D:\anaconda3\envs\chroma-server\lib\site-packages\fastapi\routing.py", line 2683, in app
    |     await route.handle(scope, receive, send)
    |   File "D:\anaconda3\envs\chroma-server\lib\site-packages\fastapi\routing.py", line 1753, in handle
    |     await self.original_router.handle(scope, receive, send)
    |   File "D:\anaconda3\envs\chroma-server\lib\site-packages\fastapi\routing.py", line 2738, in handle
    |     await included_router._handle_selected(scope, receive, send)
    |   File "D:\anaconda3\envs\chroma-server\lib\site-packages\fastapi\routing.py", line 1773, in _handle_selected
    |     await original_route.handle(scope, receive, send)
    |   File "D:\anaconda3\envs\chroma-server\lib\site-packages\fastapi\routing.py", line 1264, in handle
    |     await app(scope, receive, send)
    |   File "D:\anaconda3\envs\chroma-server\lib\site-packages\fastapi\routing.py", line 150, in app
    |     await wrap_app_handling_exceptions(app, request)(scope, receive, send)
    |   File "D:\anaconda3\envs\chroma-server\lib\site-packages\starlette\_exception_handler.py", line 53, in wrapped_app
    |     raise exc
    |   File "D:\anaconda3\envs\chroma-server\lib\site-packages\starlette\_exception_handler.py", line 42, in wrapped_app
    |     await app(scope, receive, sender)
    |   File "D:\anaconda3\envs\chroma-server\lib\site-packages\fastapi\routing.py", line 136, in app
    |     response = await f(request)
    |   File "D:\anaconda3\envs\chroma-server\lib\site-packages\fastapi\routing.py", line 690, in app
    |     raw_response = await run_endpoint_function(
    |   File "D:\anaconda3\envs\chroma-server\lib\site-packages\fastapi\routing.py", line 346, in run_endpoint_function
    |     return await run_in_threadpool(dependant.call, **values)
    |   File "D:\anaconda3\envs\chroma-server\lib\site-packages\starlette\concurrency.py", line 34, in run_in_threadpool
    |     return await anyio.to_thread.run_sync(func)
    |   File "D:\anaconda3\envs\chroma-server\lib\site-packages\anyio\to_thread.py", line 63, in run_sync
    |     return await get_async_backend().run_sync_in_worker_thread(
    |   File "D:\anaconda3\envs\chroma-server\lib\site-packages\anyio\_backends\_asyncio.py", line 2596, in run_sync_in_worker_thread
    |     return await future
    |   File "D:\anaconda3\envs\chroma-server\lib\site-packages\anyio\_backends\_asyncio.py", line 1029, in run
    |     result = context.run(func, *args)
    |   File "D:\anaconda3\envs\chroma-server\lib\site-packages\chromadb\telemetry\opentelemetry\__init__.py", line 127, in wrapper
    |     return f(*args, **kwargs)
    |   File "D:\anaconda3\envs\chroma-server\lib\site-packages\chromadb\auth\fastapi.py", line 241, in wrapped
    |     return f(*args, **kwargs)
    |   File "D:\anaconda3\envs\chroma-server\lib\site-packages\chromadb\server\fastapi\__init__.py", line 440, in get_collection
    |     return self._api.get_collection(
    |   File "D:\anaconda3\envs\chroma-server\lib\site-packages\chromadb\telemetry\opentelemetry\__init__.py", line 127, in wrapper
    |     return f(*args, **kwargs)
    |   File "D:\anaconda3\envs\chroma-server\lib\site-packages\chromadb\api\segment.py", line 261, in get_collection
    |     raise ValueError(f"Collection {name} does not exist.")
    | ValueError: Collection rag_collection does not exist.
    +------------------------------------

The above exception was the direct cause of the following exception:

Traceback (most recent call last):
  File "D:\anaconda3\envs\chroma-server\lib\site-packages\chromadb\server\fastapi\__init__.py", line 82, in catch_exceptions_middleware
    return await call_next(request)
  File "D:\anaconda3\envs\chroma-server\lib\site-packages\starlette\middleware\base.py", line 168, in call_next
    raise app_exc from app_exc.__cause__ or app_exc.__context__
  File "D:\anaconda3\envs\chroma-server\lib\site-packages\starlette\middleware\base.py", line 144, in coro
    await self.app(scope, receive_or_disconnect, send_no_error)
  File "D:\anaconda3\envs\chroma-server\lib\site-packages\starlette\middleware\base.py", line 193, in __call__
    response = await self.dispatch_func(request, call_next)
  File "D:\anaconda3\envs\chroma-server\lib\site-packages\chromadb\server\fastapi\__init__.py", line 96, in check_http_version_middleware
    return await call_next(request)
  File "D:\anaconda3\envs\chroma-server\lib\site-packages\starlette\middleware\base.py", line 168, in call_next
    raise app_exc from app_exc.__cause__ or app_exc.__context__
  File "D:\anaconda3\envs\chroma-server\lib\site-packages\starlette\middleware\base.py", line 144, in coro
    await self.app(scope, receive_or_disconnect, send_no_error)
  File "D:\anaconda3\envs\chroma-server\lib\site-packages\starlette\middleware\exceptions.py", line 63, in __call__
    await wrap_app_handling_exceptions(self.app, conn)(scope, receive, send)
  File "D:\anaconda3\envs\chroma-server\lib\site-packages\starlette\_exception_handler.py", line 53, in wrapped_app
    raise exc
  File "D:\anaconda3\envs\chroma-server\lib\site-packages\starlette\_exception_handler.py", line 42, in wrapped_app
    await app(scope, receive, sender)
  File "D:\anaconda3\envs\chroma-server\lib\site-packages\fastapi\middleware\asyncexitstack.py", line 18, in __call__
    await self.app(scope, receive, send)
  File "D:\anaconda3\envs\chroma-server\lib\site-packages\starlette\routing.py", line 660, in __call__
    await self.middleware_stack(scope, receive, send)
  File "D:\anaconda3\envs\chroma-server\lib\site-packages\fastapi\routing.py", line 2683, in app
    await route.handle(scope, receive, send)
  File "D:\anaconda3\envs\chroma-server\lib\site-packages\fastapi\routing.py", line 1753, in handle
    await self.original_router.handle(scope, receive, send)
  File "D:\anaconda3\envs\chroma-server\lib\site-packages\fastapi\routing.py", line 2738, in handle
    await included_router._handle_selected(scope, receive, send)
  File "D:\anaconda3\envs\chroma-server\lib\site-packages\fastapi\routing.py", line 1773, in _handle_selected
    await original_route.handle(scope, receive, send)
  File "D:\anaconda3\envs\chroma-server\lib\site-packages\fastapi\routing.py", line 1264, in handle
    await app(scope, receive, send)
  File "D:\anaconda3\envs\chroma-server\lib\site-packages\fastapi\routing.py", line 150, in app
    await wrap_app_handling_exceptions(app, request)(scope, receive, send)
  File "D:\anaconda3\envs\chroma-server\lib\site-packages\starlette\_exception_handler.py", line 53, in wrapped_app
    raise exc
  File "D:\anaconda3\envs\chroma-server\lib\site-packages\starlette\_exception_handler.py", line 42, in wrapped_app
    await app(scope, receive, sender)
  File "D:\anaconda3\envs\chroma-server\lib\site-packages\fastapi\routing.py", line 136, in app
    response = await f(request)
  File "D:\anaconda3\envs\chroma-server\lib\site-packages\fastapi\routing.py", line 690, in app
    raw_response = await run_endpoint_function(
  File "D:\anaconda3\envs\chroma-server\lib\site-packages\fastapi\routing.py", line 346, in run_endpoint_function
    return await run_in_threadpool(dependant.call, **values)
  File "D:\anaconda3\envs\chroma-server\lib\site-packages\starlette\concurrency.py", line 34, in run_in_threadpool
    return await anyio.to_thread.run_sync(func)
  File "D:\anaconda3\envs\chroma-server\lib\site-packages\anyio\to_thread.py", line 63, in run_sync
    return await get_async_backend().run_sync_in_worker_thread(
  File "D:\anaconda3\envs\chroma-server\lib\site-packages\anyio\_backends\_asyncio.py", line 2596, in run_sync_in_worker_thread
    return await future
  File "D:\anaconda3\envs\chroma-server\lib\site-packages\anyio\_backends\_asyncio.py", line 1029, in run
    result = context.run(func, *args)
  File "D:\anaconda3\envs\chroma-server\lib\site-packages\chromadb\telemetry\opentelemetry\__init__.py", line 127, in wrapper
    return f(*args, **kwargs)
  File "D:\anaconda3\envs\chroma-server\lib\site-packages\chromadb\auth\fastapi.py", line 241, in wrapped
    return f(*args, **kwargs)
  File "D:\anaconda3\envs\chroma-server\lib\site-packages\chromadb\server\fastapi\__init__.py", line 440, in get_collection
    return self._api.get_collection(
  File "D:\anaconda3\envs\chroma-server\lib\site-packages\chromadb\telemetry\opentelemetry\__init__.py", line 127, in wrapper
    return f(*args, **kwargs)
  File "D:\anaconda3\envs\chroma-server\lib\site-packages\chromadb\api\segment.py", line 261, in get_collection
    raise ValueError(f"Collection {name} does not exist.")
ValueError: Collection rag_collection does not exist.
[32mINFO[0m:     [02-07-2026 19:39:56] 127.0.0.1:58945 - "GET /api/v1/collections/rag_collection HTTP/1.1" 500
[31mERROR[0m:    [02-07-2026 19:39:56] Failed to send telemetry event ClientCreateCollectionEvent: capture() takes 1 positional argument but 3 were given
[32mINFO[0m:     [02-07-2026 19:39:56] 127.0.0.1:58945 - "POST /api/v1/collections HTTP/1.1" 200
[36mDEBUG[0m:    [02-07-2026 19:41:32] Starting component PersistentLocalHnswSegment
[31mERROR[0m:    [02-07-2026 19:41:33] Failed to send telemetry event CollectionAddEvent: capture() takes 1 positional argument but 3 were given
[32mINFO[0m:     [02-07-2026 19:41:33] 127.0.0.1:59023 - "POST /api/v1/collections/2e7c680e-05d4-40f3-9578-c44219a30b56/add HTTP/1.1" 201
[33mWARNING[0m:  [02-07-2026 19:41:33] Number of requested results 500 is greater than number of elements in index 3, updating n_results = 3
[31mERROR[0m:    [02-07-2026 19:41:33] Failed to send telemetry event CollectionQueryEvent: capture() takes 1 positional argument but 3 were given
[32mINFO[0m:     [02-07-2026 19:41:33] 127.0.0.1:59023 - "POST /api/v1/collections/2e7c680e-05d4-40f3-9578-c44219a30b56/query HTTP/1.1" 200
[32mINFO[0m:     [02-07-2026 19:43:58] 127.0.0.1:59113 - "POST /api/v1/collections/2e7c680e-05d4-40f3-9578-c44219a30b56/add HTTP/1.1" 201
[32mINFO[0m:     [02-07-2026 19:44:01] 127.0.0.1:59113 - "POST /api/v1/collections/2e7c680e-05d4-40f3-9578-c44219a30b56/query HTTP/1.1" 200
[32mINFO[0m:     [02-07-2026 19:44:02] 127.0.0.1:59113 - "POST /api/v1/collections/2e7c680e-05d4-40f3-9578-c44219a30b56/query HTTP/1.1" 200
[32mINFO[0m:     [02-07-2026 19:46:24] 127.0.0.1:59220 - "POST /api/v1/collections/2e7c680e-05d4-40f3-9578-c44219a30b56/add HTTP/1.1" 201
[32mINFO[0m:     [02-07-2026 19:46:26] 127.0.0.1:59220 - "POST /api/v1/collections/2e7c680e-05d4-40f3-9578-c44219a30b56/query HTTP/1.1" 200
[32mINFO[0m:     [02-07-2026 19:46:30] 127.0.0.1:59220 - "POST /api/v1/collections/2e7c680e-05d4-40f3-9578-c44219a30b56/query HTTP/1.1" 200
[32mINFO[0m:     [02-07-2026 19:46:31] 127.0.0.1:59220 - "POST /api/v1/collections/2e7c680e-05d4-40f3-9578-c44219a30b56/query HTTP/1.1" 200
[32mINFO[0m:     [02-07-2026 19:46:39] 127.0.0.1:59220 - "POST /api/v1/collections/2e7c680e-05d4-40f3-9578-c44219a30b56/query HTTP/1.1" 200
[32mINFO[0m:     [02-07-2026 19:46:53] 127.0.0.1:59220 - "POST /api/v1/collections/2e7c680e-05d4-40f3-9578-c44219a30b56/query HTTP/1.1" 200
[32mINFO[0m:     [02-07-2026 19:47:00] 127.0.0.1:59220 - "POST /api/v1/collections/2e7c680e-05d4-40f3-9578-c44219a30b56/query HTTP/1.1" 200
[33mWARNING[0m:  [02-07-2026 19:47:00] Delete of nonexisting embedding ID: e10627a3eac14e7e45f1ccf3c1c613d5_2
[33mWARNING[0m:  [02-07-2026 19:47:00] Delete of nonexisting embedding ID: e10627a3eac14e7e45f1ccf3c1c613d5_2
[31mERROR[0m:    [02-07-2026 19:47:01] Failed to send telemetry event CollectionDeleteEvent: capture() takes 1 positional argument but 3 were given
[32mINFO[0m:     [02-07-2026 19:47:01] 127.0.0.1:59220 - "POST /api/v1/collections/2e7c680e-05d4-40f3-9578-c44219a30b56/delete HTTP/1.1" 200
[33mWARNING[0m:  [02-07-2026 19:47:01] Delete of nonexisting embedding ID: e10627a3eac14e7e45f1ccf3c1c613d5_0
[33mWARNING[0m:  [02-07-2026 19:47:01] Delete of nonexisting embedding ID: e10627a3eac14e7e45f1ccf3c1c613d5_0
[31mERROR[0m:    [02-07-2026 19:47:01] Failed to send telemetry event CollectionDeleteEvent: capture() takes 1 positional argument but 3 were given
[32mINFO[0m:     [02-07-2026 19:47:01] 127.0.0.1:59220 - "POST /api/v1/collections/2e7c680e-05d4-40f3-9578-c44219a30b56/delete HTTP/1.1" 200
[33mWARNING[0m:  [02-07-2026 19:47:01] Delete of nonexisting embedding ID: e10627a3eac14e7e45f1ccf3c1c613d5_1
[33mWARNING[0m:  [02-07-2026 19:47:01] Delete of nonexisting embedding ID: e10627a3eac14e7e45f1ccf3c1c613d5_1
[31mERROR[0m:    [02-07-2026 19:47:01] Failed to send telemetry event CollectionDeleteEvent: capture() takes 1 positional argument but 3 were given
[32mINFO[0m:     [02-07-2026 19:47:01] 127.0.0.1:59220 - "POST /api/v1/collections/2e7c680e-05d4-40f3-9578-c44219a30b56/delete HTTP/1.1" 200
[32mINFO[0m:     [02-07-2026 19:47:03] 127.0.0.1:59220 - "POST /api/v1/collections/2e7c680e-05d4-40f3-9578-c44219a30b56/query HTTP/1.1" 200
[32mINFO[0m:     [02-07-2026 19:47:07] 127.0.0.1:59220 - "POST /api/v1/collections/2e7c680e-05d4-40f3-9578-c44219a30b56/query HTTP/1.1" 200
[32mINFO[0m:     [02-07-2026 19:47:20] 127.0.0.1:59220 - "POST /api/v1/collections/2e7c680e-05d4-40f3-9578-c44219a30b56/add HTTP/1.1" 201
[32mINFO[0m:     [02-07-2026 19:47:23] 127.0.0.1:59220 - "POST /api/v1/collections/2e7c680e-05d4-40f3-9578-c44219a30b56/query HTTP/1.1" 200
[32mINFO[0m:     [02-07-2026 19:47:27] 127.0.0.1:59220 - "POST /api/v1/collections/2e7c680e-05d4-40f3-9578-c44219a30b56/query HTTP/1.1" 200
[32mINFO[0m:     [02-07-2026 19:47:28] 127.0.0.1:59220 - "POST /api/v1/collections/2e7c680e-05d4-40f3-9578-c44219a30b56/query HTTP/1.1" 200
[36mDEBUG[0m:    [02-07-2026 19:47:36] Starting component PersistentLocalHnswSegment
[31mERROR[0m:    [02-07-2026 19:47:36] Failed to send telemetry event CollectionQueryEvent: capture() takes 1 positional argument but 3 were given
[32mINFO[0m:     [02-07-2026 19:47:36] 127.0.0.1:59298 - "POST /api/v1/collections/25c359cd-1800-4a28-b365-55d88a1916cd/query HTTP/1.1" 200
[33mWARNING[0m:  [02-07-2026 19:47:38] Delete of nonexisting embedding ID: 2b2e2c122edb4fa4a13e051f388aae67
[31mERROR[0m:    [02-07-2026 19:47:38] Failed to send telemetry event CollectionDeleteEvent: capture() takes 1 positional argument but 3 were given
[32mINFO[0m:     [02-07-2026 19:47:38] 127.0.0.1:59298 - "POST /api/v1/collections/25c359cd-1800-4a28-b365-55d88a1916cd/delete HTTP/1.1" 200
[31mERROR[0m:    [02-07-2026 19:47:55] Failed to send telemetry event CollectionAddEvent: capture() takes 1 positional argument but 3 were given
[32mINFO[0m:     [02-07-2026 19:47:55] 127.0.0.1:59298 - "POST /api/v1/collections/25c359cd-1800-4a28-b365-55d88a1916cd/add HTTP/1.1" 201
[33mWARNING[0m:  [02-07-2026 19:48:22] Number of requested results 4 is greater than number of elements in index 1, updating n_results = 1
[32mINFO[0m:     [02-07-2026 19:48:22] 127.0.0.1:59298 - "POST /api/v1/collections/25c359cd-1800-4a28-b365-55d88a1916cd/query HTTP/1.1" 200
[33mWARNING[0m:  [02-07-2026 19:48:24] Delete of nonexisting embedding ID: f1a398c46ef74a3187c95c83ac1ef93d
[33mWARNING[0m:  [02-07-2026 19:48:24] Delete of nonexisting embedding ID: f1a398c46ef74a3187c95c83ac1ef93d
[31mERROR[0m:    [02-07-2026 19:48:24] Failed to send telemetry event CollectionDeleteEvent: capture() takes 1 positional argument but 3 were given
[32mINFO[0m:     [02-07-2026 19:48:24] 127.0.0.1:59298 - "POST /api/v1/collections/25c359cd-1800-4a28-b365-55d88a1916cd/delete HTTP/1.1" 200
[32mINFO[0m:     [02-07-2026 19:48:37] 127.0.0.1:59298 - "POST /api/v1/collections/25c359cd-1800-4a28-b365-55d88a1916cd/add HTTP/1.1" 201
[33mWARNING[0m:  [02-07-2026 19:48:43] Number of requested results 4 is greater than number of elements in index 2, updating n_results = 2
[32mINFO[0m:     [02-07-2026 19:48:43] 127.0.0.1:59298 - "POST /api/v1/collections/25c359cd-1800-4a28-b365-55d88a1916cd/query HTTP/1.1" 200
[33mWARNING[0m:  [02-07-2026 19:48:44] Delete of nonexisting embedding ID: e8abfd31c660431b8e30f21420d23aef
[33mWARNING[0m:  [02-07-2026 19:48:44] Delete of nonexisting embedding ID: e8abfd31c660431b8e30f21420d23aef
[31mERROR[0m:    [02-07-2026 19:48:44] Failed to send telemetry event CollectionDeleteEvent: capture() takes 1 positional argument but 3 were given
[32mINFO[0m:     [02-07-2026 19:48:44] 127.0.0.1:59298 - "POST /api/v1/collections/25c359cd-1800-4a28-b365-55d88a1916cd/delete HTTP/1.1" 200
[32mINFO[0m:     [02-07-2026 19:48:54] 127.0.0.1:59298 - "POST /api/v1/collections/25c359cd-1800-4a28-b365-55d88a1916cd/add HTTP/1.1" 201
[33mWARNING[0m:  [02-07-2026 19:50:13] Number of requested results 10 is greater than number of elements in index 3, updating n_results = 3
[32mINFO[0m:     [02-07-2026 19:50:13] 127.0.0.1:59467 - "POST /api/v1/collections/25c359cd-1800-4a28-b365-55d88a1916cd/query HTTP/1.1" 200
[32mINFO[0m:     [02-07-2026 19:53:37] 127.0.0.1:59541 - "POST /api/v1/collections/2e7c680e-05d4-40f3-9578-c44219a30b56/query HTTP/1.1" 200
[32mINFO[0m:     [02-07-2026 19:53:41] 127.0.0.1:59541 - "POST /api/v1/collections/2e7c680e-05d4-40f3-9578-c44219a30b56/query HTTP/1.1" 200
[32mINFO[0m:     [02-07-2026 19:53:42] 127.0.0.1:59541 - "POST /api/v1/collections/2e7c680e-05d4-40f3-9578-c44219a30b56/query HTTP/1.1" 200
[32mINFO[0m:     [02-07-2026 19:54:27] 127.0.0.1:59556 - "POST /api/v1/collections/2e7c680e-05d4-40f3-9578-c44219a30b56/add HTTP/1.1" 201
[32mINFO[0m:     [02-07-2026 19:54:29] 127.0.0.1:59556 - "POST /api/v1/collections/2e7c680e-05d4-40f3-9578-c44219a30b56/query HTTP/1.1" 200
[32mINFO[0m:     [02-07-2026 19:54:32] 127.0.0.1:59556 - "POST /api/v1/collections/2e7c680e-05d4-40f3-9578-c44219a30b56/query HTTP/1.1" 200
[32mINFO[0m:     [02-07-2026 19:54:35] 127.0.0.1:59556 - "POST /api/v1/collections/2e7c680e-05d4-40f3-9578-c44219a30b56/query HTTP/1.1" 200
[32mINFO[0m:     [02-07-2026 19:54:36] 127.0.0.1:59556 - "POST /api/v1/collections/2e7c680e-05d4-40f3-9578-c44219a30b56/query HTTP/1.1" 200
[32mINFO[0m:     [02-07-2026 19:55:07] 127.0.0.1:59556 - "POST /api/v1/collections/2e7c680e-05d4-40f3-9578-c44219a30b56/query HTTP/1.1" 200
[32mINFO[0m:     [02-07-2026 20:01:53] 127.0.0.1:59646 - "POST /api/v1/collections/2e7c680e-05d4-40f3-9578-c44219a30b56/query HTTP/1.1" 200
[32mINFO[0m:     [02-07-2026 20:01:57] 127.0.0.1:59646 - "POST /api/v1/collections/2e7c680e-05d4-40f3-9578-c44219a30b56/query HTTP/1.1" 200
[32mINFO[0m:     [02-07-2026 20:01:59] 127.0.0.1:59646 - "POST /api/v1/collections/2e7c680e-05d4-40f3-9578-c44219a30b56/query HTTP/1.1" 200
[32mINFO[0m:     [02-07-2026 20:01:59] 127.0.0.1:59646 - "POST /api/v1/collections/2e7c680e-05d4-40f3-9578-c44219a30b56/query HTTP/1.1" 200
[32mINFO[0m:     [02-07-2026 20:02:59] 127.0.0.1:59664 - "POST /api/v1/collections/2e7c680e-05d4-40f3-9578-c44219a30b56/query HTTP/1.1" 200
[32mINFO[0m:     [02-07-2026 20:03:03] 127.0.0.1:59664 - "POST /api/v1/collections/2e7c680e-05d4-40f3-9578-c44219a30b56/query HTTP/1.1" 200
[32mINFO[0m:     [02-07-2026 20:03:05] 127.0.0.1:59664 - "POST /api/v1/collections/2e7c680e-05d4-40f3-9578-c44219a30b56/query HTTP/1.1" 200
[32mINFO[0m:     [02-07-2026 20:03:05] 127.0.0.1:59664 - "POST /api/v1/collections/2e7c680e-05d4-40f3-9578-c44219a30b56/query HTTP/1.1" 200
[32mINFO[0m:     [02-07-2026 20:13:15] 127.0.0.1:59796 - "GET /api/v1/collections/notes_collection HTTP/1.1" 200
[32mINFO[0m:     [02-07-2026 20:13:15] 127.0.0.1:59797 - "GET /api/v1/collections/rag_collection HTTP/1.1" 200
[32mINFO[0m:     [02-07-2026 20:14:22] 127.0.0.1:59865 - "POST /api/v1/collections/2e7c680e-05d4-40f3-9578-c44219a30b56/query HTTP/1.1" 200
[32mINFO[0m:     [02-07-2026 20:16:51] 127.0.0.1:60019 - "POST /api/v1/collections/2e7c680e-05d4-40f3-9578-c44219a30b56/query HTTP/1.1" 200
[32mINFO[0m:     [02-07-2026 20:16:53] 127.0.0.1:60020 - "POST /api/v1/collections/2e7c680e-05d4-40f3-9578-c44219a30b56/query HTTP/1.1" 200
[32mINFO[0m:     [02-07-2026 20:16:57] 127.0.0.1:60026 - "POST /api/v1/collections/2e7c680e-05d4-40f3-9578-c44219a30b56/query HTTP/1.1" 200
[32mINFO[0m:     [02-07-2026 20:16:59] 127.0.0.1:60026 - "POST /api/v1/collections/2e7c680e-05d4-40f3-9578-c44219a30b56/query HTTP/1.1" 200
[32mINFO[0m:     [02-07-2026 20:17:04] 127.0.0.1:60033 - "POST /api/v1/collections/2e7c680e-05d4-40f3-9578-c44219a30b56/query HTTP/1.1" 200
[32mINFO[0m:     [02-07-2026 20:17:04] 127.0.0.1:60026 - "POST /api/v1/collections/2e7c680e-05d4-40f3-9578-c44219a30b56/query HTTP/1.1" 200
[32mINFO[0m:     [02-07-2026 20:17:04] 127.0.0.1:60026 - "POST /api/v1/collections/2e7c680e-05d4-40f3-9578-c44219a30b56/query HTTP/1.1" 200
[32mINFO[0m:     [02-07-2026 20:20:46] 127.0.0.1:60185 - "GET /api/v1/collections/notes_collection HTTP/1.1" 200
[32mINFO[0m:     [02-07-2026 20:20:46] 127.0.0.1:60186 - "GET /api/v1/collections/rag_collection HTTP/1.1" 200
[32mINFO[0m:     [02-07-2026 20:20:55] 127.0.0.1:60186 - "POST /api/v1/collections/2e7c680e-05d4-40f3-9578-c44219a30b56/query HTTP/1.1" 400
[32mINFO[0m:     [02-07-2026 20:20:56] 127.0.0.1:60186 - "POST /api/v1/collections/2e7c680e-05d4-40f3-9578-c44219a30b56/query HTTP/1.1" 400
[32mINFO[0m:     [02-07-2026 20:20:56] 127.0.0.1:60186 - "POST /api/v1/collections/2e7c680e-05d4-40f3-9578-c44219a30b56/query HTTP/1.1" 400
[32mINFO[0m:     [02-07-2026 20:20:56] 127.0.0.1:60186 - "POST /api/v1/collections/2e7c680e-05d4-40f3-9578-c44219a30b56/query HTTP/1.1" 400
[32mINFO[0m:     [02-07-2026 20:21:10] 127.0.0.1:60186 - "POST /api/v1/collections/2e7c680e-05d4-40f3-9578-c44219a30b56/query HTTP/1.1" 400
[32mINFO[0m:     [02-07-2026 20:21:10] 127.0.0.1:60186 - "POST /api/v1/collections/2e7c680e-05d4-40f3-9578-c44219a30b56/query HTTP/1.1" 400
[32mINFO[0m:     [02-07-2026 20:21:10] 127.0.0.1:60186 - "POST /api/v1/collections/2e7c680e-05d4-40f3-9578-c44219a30b56/query HTTP/1.1" 400
[32mINFO[0m:     [02-07-2026 20:21:10] 127.0.0.1:60186 - "POST /api/v1/collections/2e7c680e-05d4-40f3-9578-c44219a30b56/query HTTP/1.1" 400
[32mINFO[0m:     [02-07-2026 20:44:51] Shutting down
[32mINFO[0m:     [02-07-2026 20:44:52] Waiting for application shutdown.
[36mDEBUG[0m:    [02-07-2026 20:44:52] Stopping component System
[36mDEBUG[0m:    [02-07-2026 20:44:52] Stopping component SegmentAPI
[36mDEBUG[0m:    [02-07-2026 20:44:52] Stopping component PersistentLocalHnswSegment
[36mDEBUG[0m:    [02-07-2026 20:44:52] Stopping component PersistentLocalHnswSegment
[36mDEBUG[0m:    [02-07-2026 20:44:52] Stopping component LocalSegmentManager
[36mDEBUG[0m:    [02-07-2026 20:44:52] Stopping component Posthog
[36mDEBUG[0m:    [02-07-2026 20:44:52] Stopping component QuotaEnforcer
[36mDEBUG[0m:    [02-07-2026 20:44:52] Stopping component SqliteDB
[36mDEBUG[0m:    [02-07-2026 20:44:52] Stopping component SimpleAssignmentPolicy
[36mDEBUG[0m:    [02-07-2026 20:44:52] Stopping component OpenTelemetryClient
[32mINFO[0m:     [02-07-2026 20:44:52] Application shutdown complete.
[32mINFO[0m:     [02-07-2026 20:44:52] Finished server process [[36m6304[0m]
[33mWARNING[0m:  [02-07-2026 20:45:28] chroma_server_nofile is not supported on Windows. chroma_server_nofile will not be set.
[32mINFO[0m:     [02-07-2026 20:45:28] Anonymized telemetry enabled. See                     https://docs.trychroma.com/telemetry for more information.
[36mDEBUG[0m:    [02-07-2026 20:45:28] Starting component System
[36mDEBUG[0m:    [02-07-2026 20:45:28] Starting component OpenTelemetryClient
[36mDEBUG[0m:    [02-07-2026 20:45:28] Starting component SimpleAssignmentPolicy
[36mDEBUG[0m:    [02-07-2026 20:45:28] Starting component SqliteDB
[36mDEBUG[0m:    [02-07-2026 20:45:33] Starting component QuotaEnforcer
[36mDEBUG[0m:    [02-07-2026 20:45:33] Starting component Posthog
[36mDEBUG[0m:    [02-07-2026 20:45:33] Starting component LocalSegmentManager
[36mDEBUG[0m:    [02-07-2026 20:45:33] Starting component SegmentAPI
[32mINFO[0m:     [02-07-2026 20:45:33] Started server process [[36m5580[0m]
[32mINFO[0m:     [02-07-2026 20:45:33] Waiting for application startup.
[32mINFO[0m:     [02-07-2026 20:45:33] Application startup complete.
[32mINFO[0m:     [02-07-2026 20:45:33] Uvicorn running on [1mhttp://0.0.0.0:8001[0m (Press CTRL+C to quit)
[31mERROR[0m:    [02-07-2026 20:45:47] Collection notes_collection does not exist.
  + Exception Group Traceback (most recent call last):
  |   File "D:\anaconda3\envs\chroma-server\lib\site-packages\starlette\_utils.py", line 85, in create_collapsing_task_group
  |     async with anyio.create_task_group() as tg:
  |   File "D:\anaconda3\envs\chroma-server\lib\site-packages\anyio\_backends\_asyncio.py", line 811, in __aexit__
  |     raise BaseExceptionGroup(
  | exceptiongroup.ExceptionGroup: unhandled errors in a TaskGroup (1 sub-exception)
  +-+---------------- 1 ----------------
    | Traceback (most recent call last):
    |   File "D:\anaconda3\envs\chroma-server\lib\site-packages\chromadb\server\fastapi\__init__.py", line 82, in catch_exceptions_middleware
    |     return await call_next(request)
    |   File "D:\anaconda3\envs\chroma-server\lib\site-packages\starlette\middleware\base.py", line 168, in call_next
    |     raise app_exc from app_exc.__cause__ or app_exc.__context__
    |   File "D:\anaconda3\envs\chroma-server\lib\site-packages\starlette\middleware\base.py", line 144, in coro
    |     await self.app(scope, receive_or_disconnect, send_no_error)
    |   File "D:\anaconda3\envs\chroma-server\lib\site-packages\starlette\middleware\base.py", line 193, in __call__
    |     response = await self.dispatch_func(request, call_next)
    |   File "D:\anaconda3\envs\chroma-server\lib\site-packages\chromadb\server\fastapi\__init__.py", line 96, in check_http_version_middleware
    |     return await call_next(request)
    |   File "D:\anaconda3\envs\chroma-server\lib\site-packages\starlette\middleware\base.py", line 168, in call_next
    |     raise app_exc from app_exc.__cause__ or app_exc.__context__
    |   File "D:\anaconda3\envs\chroma-server\lib\site-packages\starlette\middleware\base.py", line 144, in coro
    |     await self.app(scope, receive_or_disconnect, send_no_error)
    |   File "D:\anaconda3\envs\chroma-server\lib\site-packages\starlette\middleware\exceptions.py", line 63, in __call__
    |     await wrap_app_handling_exceptions(self.app, conn)(scope, receive, send)
    |   File "D:\anaconda3\envs\chroma-server\lib\site-packages\starlette\_exception_handler.py", line 53, in wrapped_app
    |     raise exc
    |   File "D:\anaconda3\envs\chroma-server\lib\site-packages\starlette\_exception_handler.py", line 42, in wrapped_app
    |     await app(scope, receive, sender)
    |   File "D:\anaconda3\envs\chroma-server\lib\site-packages\fastapi\middleware\asyncexitstack.py", line 18, in __call__
    |     await self.app(scope, receive, send)
    |   File "D:\anaconda3\envs\chroma-server\lib\site-packages\starlette\routing.py", line 660, in __call__
    |     await self.middleware_stack(scope, receive, send)
    |   File "D:\anaconda3\envs\chroma-server\lib\site-packages\fastapi\routing.py", line 2683, in app
    |     await route.handle(scope, receive, send)
    |   File "D:\anaconda3\envs\chroma-server\lib\site-packages\fastapi\routing.py", line 1753, in handle
    |     await self.original_router.handle(scope, receive, send)
    |   File "D:\anaconda3\envs\chroma-server\lib\site-packages\fastapi\routing.py", line 2738, in handle
    |     await included_router._handle_selected(scope, receive, send)
    |   File "D:\anaconda3\envs\chroma-server\lib\site-packages\fastapi\routing.py", line 1773, in _handle_selected
    |     await original_route.handle(scope, receive, send)
    |   File "D:\anaconda3\envs\chroma-server\lib\site-packages\fastapi\routing.py", line 1264, in handle
    |     await app(scope, receive, send)
    |   File "D:\anaconda3\envs\chroma-server\lib\site-packages\fastapi\routing.py", line 150, in app
    |     await wrap_app_handling_exceptions(app, request)(scope, receive, send)
    |   File "D:\anaconda3\envs\chroma-server\lib\site-packages\starlette\_exception_handler.py", line 53, in wrapped_app
    |     raise exc
    |   File "D:\anaconda3\envs\chroma-server\lib\site-packages\starlette\_exception_handler.py", line 42, in wrapped_app
    |     await app(scope, receive, sender)
    |   File "D:\anaconda3\envs\chroma-server\lib\site-packages\fastapi\routing.py", line 136, in app
    |     response = await f(request)
    |   File "D:\anaconda3\envs\chroma-server\lib\site-packages\fastapi\routing.py", line 690, in app
    |     raw_response = await run_endpoint_function(
    |   File "D:\anaconda3\envs\chroma-server\lib\site-packages\fastapi\routing.py", line 346, in run_endpoint_function
    |     return await run_in_threadpool(dependant.call, **values)
    |   File "D:\anaconda3\envs\chroma-server\lib\site-packages\starlette\concurrency.py", line 34, in run_in_threadpool
    |     return await anyio.to_thread.run_sync(func)
    |   File "D:\anaconda3\envs\chroma-server\lib\site-packages\anyio\to_thread.py", line 63, in run_sync
    |     return await get_async_backend().run_sync_in_worker_thread(
    |   File "D:\anaconda3\envs\chroma-server\lib\site-packages\anyio\_backends\_asyncio.py", line 2596, in run_sync_in_worker_thread
    |     return await future
    |   File "D:\anaconda3\envs\chroma-server\lib\site-packages\anyio\_backends\_asyncio.py", line 1029, in run
    |     result = context.run(func, *args)
    |   File "D:\anaconda3\envs\chroma-server\lib\site-packages\chromadb\telemetry\opentelemetry\__init__.py", line 127, in wrapper
    |     return f(*args, **kwargs)
    |   File "D:\anaconda3\envs\chroma-server\lib\site-packages\chromadb\auth\fastapi.py", line 241, in wrapped
    |     return f(*args, **kwargs)
    |   File "D:\anaconda3\envs\chroma-server\lib\site-packages\chromadb\server\fastapi\__init__.py", line 440, in get_collection
    |     return self._api.get_collection(
    |   File "D:\anaconda3\envs\chroma-server\lib\site-packages\chromadb\telemetry\opentelemetry\__init__.py", line 127, in wrapper
    |     return f(*args, **kwargs)
    |   File "D:\anaconda3\envs\chroma-server\lib\site-packages\chromadb\api\segment.py", line 261, in get_collection
    |     raise ValueError(f"Collection {name} does not exist.")
    | ValueError: Collection notes_collection does not exist.
    +------------------------------------

The above exception was the direct cause of the following exception:

Traceback (most recent call last):
  File "D:\anaconda3\envs\chroma-server\lib\site-packages\chromadb\server\fastapi\__init__.py", line 82, in catch_exceptions_middleware
    return await call_next(request)
  File "D:\anaconda3\envs\chroma-server\lib\site-packages\starlette\middleware\base.py", line 168, in call_next
    raise app_exc from app_exc.__cause__ or app_exc.__context__
  File "D:\anaconda3\envs\chroma-server\lib\site-packages\starlette\middleware\base.py", line 144, in coro
    await self.app(scope, receive_or_disconnect, send_no_error)
  File "D:\anaconda3\envs\chroma-server\lib\site-packages\starlette\middleware\base.py", line 193, in __call__
    response = await self.dispatch_func(request, call_next)
  File "D:\anaconda3\envs\chroma-server\lib\site-packages\chromadb\server\fastapi\__init__.py", line 96, in check_http_version_middleware
    return await call_next(request)
  File "D:\anaconda3\envs\chroma-server\lib\site-packages\starlette\middleware\base.py", line 168, in call_next
    raise app_exc from app_exc.__cause__ or app_exc.__context__
  File "D:\anaconda3\envs\chroma-server\lib\site-packages\starlette\middleware\base.py", line 144, in coro
    await self.app(scope, receive_or_disconnect, send_no_error)
  File "D:\anaconda3\envs\chroma-server\lib\site-packages\starlette\middleware\exceptions.py", line 63, in __call__
    await wrap_app_handling_exceptions(self.app, conn)(scope, receive, send)
  File "D:\anaconda3\envs\chroma-server\lib\site-packages\starlette\_exception_handler.py", line 53, in wrapped_app
    raise exc
  File "D:\anaconda3\envs\chroma-server\lib\site-packages\starlette\_exception_handler.py", line 42, in wrapped_app
    await app(scope, receive, sender)
  File "D:\anaconda3\envs\chroma-server\lib\site-packages\fastapi\middleware\asyncexitstack.py", line 18, in __call__
    await self.app(scope, receive, send)
  File "D:\anaconda3\envs\chroma-server\lib\site-packages\starlette\routing.py", line 660, in __call__
    await self.middleware_stack(scope, receive, send)
  File "D:\anaconda3\envs\chroma-server\lib\site-packages\fastapi\routing.py", line 2683, in app
    await route.handle(scope, receive, send)
  File "D:\anaconda3\envs\chroma-server\lib\site-packages\fastapi\routing.py", line 1753, in handle
    await self.original_router.handle(scope, receive, send)
  File "D:\anaconda3\envs\chroma-server\lib\site-packages\fastapi\routing.py", line 2738, in handle
    await included_router._handle_selected(scope, receive, send)
  File "D:\anaconda3\envs\chroma-server\lib\site-packages\fastapi\routing.py", line 1773, in _handle_selected
    await original_route.handle(scope, receive, send)
  File "D:\anaconda3\envs\chroma-server\lib\site-packages\fastapi\routing.py", line 1264, in handle
    await app(scope, receive, send)
  File "D:\anaconda3\envs\chroma-server\lib\site-packages\fastapi\routing.py", line 150, in app
    await wrap_app_handling_exceptions(app, request)(scope, receive, send)
  File "D:\anaconda3\envs\chroma-server\lib\site-packages\starlette\_exception_handler.py", line 53, in wrapped_app
    raise exc
  File "D:\anaconda3\envs\chroma-server\lib\site-packages\starlette\_exception_handler.py", line 42, in wrapped_app
    await app(scope, receive, sender)
  File "D:\anaconda3\envs\chroma-server\lib\site-packages\fastapi\routing.py", line 136, in app
    response = await f(request)
  File "D:\anaconda3\envs\chroma-server\lib\site-packages\fastapi\routing.py", line 690, in app
    raw_response = await run_endpoint_function(
  File "D:\anaconda3\envs\chroma-server\lib\site-packages\fastapi\routing.py", line 346, in run_endpoint_function
    return await run_in_threadpool(dependant.call, **values)
  File "D:\anaconda3\envs\chroma-server\lib\site-packages\starlette\concurrency.py", line 34, in run_in_threadpool
    return await anyio.to_thread.run_sync(func)
  File "D:\anaconda3\envs\chroma-server\lib\site-packages\anyio\to_thread.py", line 63, in run_sync
    return await get_async_backend().run_sync_in_worker_thread(
  File "D:\anaconda3\envs\chroma-server\lib\site-packages\anyio\_backends\_asyncio.py", line 2596, in run_sync_in_worker_thread
    return await future
  File "D:\anaconda3\envs\chroma-server\lib\site-packages\anyio\_backends\_asyncio.py", line 1029, in run
    result = context.run(func, *args)
  File "D:\anaconda3\envs\chroma-server\lib\site-packages\chromadb\telemetry\opentelemetry\__init__.py", line 127, in wrapper
    return f(*args, **kwargs)
  File "D:\anaconda3\envs\chroma-server\lib\site-packages\chromadb\auth\fastapi.py", line 241, in wrapped
    return f(*args, **kwargs)
  File "D:\anaconda3\envs\chroma-server\lib\site-packages\chromadb\server\fastapi\__init__.py", line 440, in get_collection
    return self._api.get_collection(
  File "D:\anaconda3\envs\chroma-server\lib\site-packages\chromadb\telemetry\opentelemetry\__init__.py", line 127, in wrapper
    return f(*args, **kwargs)
  File "D:\anaconda3\envs\chroma-server\lib\site-packages\chromadb\api\segment.py", line 261, in get_collection
    raise ValueError(f"Collection {name} does not exist.")
ValueError: Collection notes_collection does not exist.
[32mINFO[0m:     [02-07-2026 20:45:47] 127.0.0.1:61016 - "GET /api/v1/collections/notes_collection HTTP/1.1" 500
[31mERROR[0m:    [02-07-2026 20:45:48] Failed to send telemetry event ClientCreateCollectionEvent: capture() takes 1 positional argument but 3 were given
[32mINFO[0m:     [02-07-2026 20:45:48] 127.0.0.1:61016 - "POST /api/v1/collections HTTP/1.1" 200
[31mERROR[0m:    [02-07-2026 20:45:48] Collection rag_collection does not exist.
  + Exception Group Traceback (most recent call last):
  |   File "D:\anaconda3\envs\chroma-server\lib\site-packages\starlette\_utils.py", line 85, in create_collapsing_task_group
  |     async with anyio.create_task_group() as tg:
  |   File "D:\anaconda3\envs\chroma-server\lib\site-packages\anyio\_backends\_asyncio.py", line 811, in __aexit__
  |     raise BaseExceptionGroup(
  | exceptiongroup.ExceptionGroup: unhandled errors in a TaskGroup (1 sub-exception)
  +-+---------------- 1 ----------------
    | Traceback (most recent call last):
    |   File "D:\anaconda3\envs\chroma-server\lib\site-packages\chromadb\server\fastapi\__init__.py", line 82, in catch_exceptions_middleware
    |     return await call_next(request)
    |   File "D:\anaconda3\envs\chroma-server\lib\site-packages\starlette\middleware\base.py", line 168, in call_next
    |     raise app_exc from app_exc.__cause__ or app_exc.__context__
    |   File "D:\anaconda3\envs\chroma-server\lib\site-packages\starlette\middleware\base.py", line 144, in coro
    |     await self.app(scope, receive_or_disconnect, send_no_error)
    |   File "D:\anaconda3\envs\chroma-server\lib\site-packages\starlette\middleware\base.py", line 193, in __call__
    |     response = await self.dispatch_func(request, call_next)
    |   File "D:\anaconda3\envs\chroma-server\lib\site-packages\chromadb\server\fastapi\__init__.py", line 96, in check_http_version_middleware
    |     return await call_next(request)
    |   File "D:\anaconda3\envs\chroma-server\lib\site-packages\starlette\middleware\base.py", line 168, in call_next
    |     raise app_exc from app_exc.__cause__ or app_exc.__context__
    |   File "D:\anaconda3\envs\chroma-server\lib\site-packages\starlette\middleware\base.py", line 144, in coro
    |     await self.app(scope, receive_or_disconnect, send_no_error)
    |   File "D:\anaconda3\envs\chroma-server\lib\site-packages\starlette\middleware\exceptions.py", line 63, in __call__
    |     await wrap_app_handling_exceptions(self.app, conn)(scope, receive, send)
    |   File "D:\anaconda3\envs\chroma-server\lib\site-packages\starlette\_exception_handler.py", line 53, in wrapped_app
    |     raise exc
    |   File "D:\anaconda3\envs\chroma-server\lib\site-packages\starlette\_exception_handler.py", line 42, in wrapped_app
    |     await app(scope, receive, sender)
    |   File "D:\anaconda3\envs\chroma-server\lib\site-packages\fastapi\middleware\asyncexitstack.py", line 18, in __call__
    |     await self.app(scope, receive, send)
    |   File "D:\anaconda3\envs\chroma-server\lib\site-packages\starlette\routing.py", line 660, in __call__
    |     await self.middleware_stack(scope, receive, send)
    |   File "D:\anaconda3\envs\chroma-server\lib\site-packages\fastapi\routing.py", line 2683, in app
    |     await route.handle(scope, receive, send)
    |   File "D:\anaconda3\envs\chroma-server\lib\site-packages\fastapi\routing.py", line 1753, in handle
    |     await self.original_router.handle(scope, receive, send)
    |   File "D:\anaconda3\envs\chroma-server\lib\site-packages\fastapi\routing.py", line 2738, in handle
    |     await included_router._handle_selected(scope, receive, send)
    |   File "D:\anaconda3\envs\chroma-server\lib\site-packages\fastapi\routing.py", line 1773, in _handle_selected
    |     await original_route.handle(scope, receive, send)
    |   File "D:\anaconda3\envs\chroma-server\lib\site-packages\fastapi\routing.py", line 1264, in handle
    |     await app(scope, receive, send)
    |   File "D:\anaconda3\envs\chroma-server\lib\site-packages\fastapi\routing.py", line 150, in app
    |     await wrap_app_handling_exceptions(app, request)(scope, receive, send)
    |   File "D:\anaconda3\envs\chroma-server\lib\site-packages\starlette\_exception_handler.py", line 53, in wrapped_app
    |     raise exc
    |   File "D:\anaconda3\envs\chroma-server\lib\site-packages\starlette\_exception_handler.py", line 42, in wrapped_app
    |     await app(scope, receive, sender)
    |   File "D:\anaconda3\envs\chroma-server\lib\site-packages\fastapi\routing.py", line 136, in app
    |     response = await f(request)
    |   File "D:\anaconda3\envs\chroma-server\lib\site-packages\fastapi\routing.py", line 690, in app
    |     raw_response = await run_endpoint_function(
    |   File "D:\anaconda3\envs\chroma-server\lib\site-packages\fastapi\routing.py", line 346, in run_endpoint_function
    |     return await run_in_threadpool(dependant.call, **values)
    |   File "D:\anaconda3\envs\chroma-server\lib\site-packages\starlette\concurrency.py", line 34, in run_in_threadpool
    |     return await anyio.to_thread.run_sync(func)
    |   File "D:\anaconda3\envs\chroma-server\lib\site-packages\anyio\to_thread.py", line 63, in run_sync
    |     return await get_async_backend().run_sync_in_worker_thread(
    |   File "D:\anaconda3\envs\chroma-server\lib\site-packages\anyio\_backends\_asyncio.py", line 2596, in run_sync_in_worker_thread
    |     return await future
    |   File "D:\anaconda3\envs\chroma-server\lib\site-packages\anyio\_backends\_asyncio.py", line 1029, in run
    |     result = context.run(func, *args)
    |   File "D:\anaconda3\envs\chroma-server\lib\site-packages\chromadb\telemetry\opentelemetry\__init__.py", line 127, in wrapper
    |     return f(*args, **kwargs)
    |   File "D:\anaconda3\envs\chroma-server\lib\site-packages\chromadb\auth\fastapi.py", line 241, in wrapped
    |     return f(*args, **kwargs)
    |   File "D:\anaconda3\envs\chroma-server\lib\site-packages\chromadb\server\fastapi\__init__.py", line 440, in get_collection
    |     return self._api.get_collection(
    |   File "D:\anaconda3\envs\chroma-server\lib\site-packages\chromadb\telemetry\opentelemetry\__init__.py", line 127, in wrapper
    |     return f(*args, **kwargs)
    |   File "D:\anaconda3\envs\chroma-server\lib\site-packages\chromadb\api\segment.py", line 261, in get_collection
    |     raise ValueError(f"Collection {name} does not exist.")
    | ValueError: Collection rag_collection does not exist.
    +------------------------------------

The above exception was the direct cause of the following exception:

Traceback (most recent call last):
  File "D:\anaconda3\envs\chroma-server\lib\site-packages\chromadb\server\fastapi\__init__.py", line 82, in catch_exceptions_middleware
    return await call_next(request)
  File "D:\anaconda3\envs\chroma-server\lib\site-packages\starlette\middleware\base.py", line 168, in call_next
    raise app_exc from app_exc.__cause__ or app_exc.__context__
  File "D:\anaconda3\envs\chroma-server\lib\site-packages\starlette\middleware\base.py", line 144, in coro
    await self.app(scope, receive_or_disconnect, send_no_error)
  File "D:\anaconda3\envs\chroma-server\lib\site-packages\starlette\middleware\base.py", line 193, in __call__
    response = await self.dispatch_func(request, call_next)
  File "D:\anaconda3\envs\chroma-server\lib\site-packages\chromadb\server\fastapi\__init__.py", line 96, in check_http_version_middleware
    return await call_next(request)
  File "D:\anaconda3\envs\chroma-server\lib\site-packages\starlette\middleware\base.py", line 168, in call_next
    raise app_exc from app_exc.__cause__ or app_exc.__context__
  File "D:\anaconda3\envs\chroma-server\lib\site-packages\starlette\middleware\base.py", line 144, in coro
    await self.app(scope, receive_or_disconnect, send_no_error)
  File "D:\anaconda3\envs\chroma-server\lib\site-packages\starlette\middleware\exceptions.py", line 63, in __call__
    await wrap_app_handling_exceptions(self.app, conn)(scope, receive, send)
  File "D:\anaconda3\envs\chroma-server\lib\site-packages\starlette\_exception_handler.py", line 53, in wrapped_app
    raise exc
  File "D:\anaconda3\envs\chroma-server\lib\site-packages\starlette\_exception_handler.py", line 42, in wrapped_app
    await app(scope, receive, sender)
  File "D:\anaconda3\envs\chroma-server\lib\site-packages\fastapi\middleware\asyncexitstack.py", line 18, in __call__
    await self.app(scope, receive, send)
  File "D:\anaconda3\envs\chroma-server\lib\site-packages\starlette\routing.py", line 660, in __call__
    await self.middleware_stack(scope, receive, send)
  File "D:\anaconda3\envs\chroma-server\lib\site-packages\fastapi\routing.py", line 2683, in app
    await route.handle(scope, receive, send)
  File "D:\anaconda3\envs\chroma-server\lib\site-packages\fastapi\routing.py", line 1753, in handle
    await self.original_router.handle(scope, receive, send)
  File "D:\anaconda3\envs\chroma-server\lib\site-packages\fastapi\routing.py", line 2738, in handle
    await included_router._handle_selected(scope, receive, send)
  File "D:\anaconda3\envs\chroma-server\lib\site-packages\fastapi\routing.py", line 1773, in _handle_selected
    await original_route.handle(scope, receive, send)
  File "D:\anaconda3\envs\chroma-server\lib\site-packages\fastapi\routing.py", line 1264, in handle
    await app(scope, receive, send)
  File "D:\anaconda3\envs\chroma-server\lib\site-packages\fastapi\routing.py", line 150, in app
    await wrap_app_handling_exceptions(app, request)(scope, receive, send)
  File "D:\anaconda3\envs\chroma-server\lib\site-packages\starlette\_exception_handler.py", line 53, in wrapped_app
    raise exc
  File "D:\anaconda3\envs\chroma-server\lib\site-packages\starlette\_exception_handler.py", line 42, in wrapped_app
    await app(scope, receive, sender)
  File "D:\anaconda3\envs\chroma-server\lib\site-packages\fastapi\routing.py", line 136, in app
    response = await f(request)
  File "D:\anaconda3\envs\chroma-server\lib\site-packages\fastapi\routing.py", line 690, in app
    raw_response = await run_endpoint_function(
  File "D:\anaconda3\envs\chroma-server\lib\site-packages\fastapi\routing.py", line 346, in run_endpoint_function
    return await run_in_threadpool(dependant.call, **values)
  File "D:\anaconda3\envs\chroma-server\lib\site-packages\starlette\concurrency.py", line 34, in run_in_threadpool
    return await anyio.to_thread.run_sync(func)
  File "D:\anaconda3\envs\chroma-server\lib\site-packages\anyio\to_thread.py", line 63, in run_sync
    return await get_async_backend().run_sync_in_worker_thread(
  File "D:\anaconda3\envs\chroma-server\lib\site-packages\anyio\_backends\_asyncio.py", line 2596, in run_sync_in_worker_thread
    return await future
  File "D:\anaconda3\envs\chroma-server\lib\site-packages\anyio\_backends\_asyncio.py", line 1029, in run
    result = context.run(func, *args)
  File "D:\anaconda3\envs\chroma-server\lib\site-packages\chromadb\telemetry\opentelemetry\__init__.py", line 127, in wrapper
    return f(*args, **kwargs)
  File "D:\anaconda3\envs\chroma-server\lib\site-packages\chromadb\auth\fastapi.py", line 241, in wrapped
    return f(*args, **kwargs)
  File "D:\anaconda3\envs\chroma-server\lib\site-packages\chromadb\server\fastapi\__init__.py", line 440, in get_collection
    return self._api.get_collection(
  File "D:\anaconda3\envs\chroma-server\lib\site-packages\chromadb\telemetry\opentelemetry\__init__.py", line 127, in wrapper
    return f(*args, **kwargs)
  File "D:\anaconda3\envs\chroma-server\lib\site-packages\chromadb\api\segment.py", line 261, in get_collection
    raise ValueError(f"Collection {name} does not exist.")
ValueError: Collection rag_collection does not exist.
[32mINFO[0m:     [02-07-2026 20:45:48] 127.0.0.1:61017 - "GET /api/v1/collections/rag_collection HTTP/1.1" 500
[31mERROR[0m:    [02-07-2026 20:45:48] Failed to send telemetry event ClientCreateCollectionEvent: capture() takes 1 positional argument but 3 were given
[32mINFO[0m:     [02-07-2026 20:45:48] 127.0.0.1:61017 - "POST /api/v1/collections HTTP/1.1" 200
[36mDEBUG[0m:    [02-07-2026 20:46:03] Starting component PersistentLocalHnswSegment
[31mERROR[0m:    [02-07-2026 20:46:03] Failed to send telemetry event CollectionQueryEvent: capture() takes 1 positional argument but 3 were given
[32mINFO[0m:     [02-07-2026 20:46:03] 127.0.0.1:61017 - "POST /api/v1/collections/44cdb763-0f48-4338-b0b7-0698d5019c38/query HTTP/1.1" 200
[32mINFO[0m:     [02-07-2026 20:46:03] 127.0.0.1:61017 - "POST /api/v1/collections/44cdb763-0f48-4338-b0b7-0698d5019c38/query HTTP/1.1" 200
[32mINFO[0m:     [02-07-2026 20:46:03] 127.0.0.1:61017 - "POST /api/v1/collections/44cdb763-0f48-4338-b0b7-0698d5019c38/query HTTP/1.1" 200
[32mINFO[0m:     [02-07-2026 20:46:03] 127.0.0.1:61017 - "POST /api/v1/collections/44cdb763-0f48-4338-b0b7-0698d5019c38/query HTTP/1.1" 200
[32mINFO[0m:     [02-07-2026 20:46:05] 127.0.0.1:61017 - "POST /api/v1/collections/44cdb763-0f48-4338-b0b7-0698d5019c38/query HTTP/1.1" 200
[32mINFO[0m:     [02-07-2026 20:46:05] 127.0.0.1:61017 - "POST /api/v1/collections/44cdb763-0f48-4338-b0b7-0698d5019c38/query HTTP/1.1" 200
[32mINFO[0m:     [02-07-2026 20:46:05] 127.0.0.1:61017 - "POST /api/v1/collections/44cdb763-0f48-4338-b0b7-0698d5019c38/query HTTP/1.1" 200
[32mINFO[0m:     [02-07-2026 20:46:05] 127.0.0.1:61017 - "POST /api/v1/collections/44cdb763-0f48-4338-b0b7-0698d5019c38/query HTTP/1.1" 200
[32mINFO[0m:     [02-07-2026 20:46:09] 127.0.0.1:61017 - "POST /api/v1/collections/44cdb763-0f48-4338-b0b7-0698d5019c38/query HTTP/1.1" 200
[32mINFO[0m:     [02-07-2026 20:46:09] 127.0.0.1:61017 - "POST /api/v1/collections/44cdb763-0f48-4338-b0b7-0698d5019c38/query HTTP/1.1" 200
[32mINFO[0m:     [02-07-2026 20:46:09] 127.0.0.1:61017 - "POST /api/v1/collections/44cdb763-0f48-4338-b0b7-0698d5019c38/query HTTP/1.1" 200
[32mINFO[0m:     [02-07-2026 20:46:09] 127.0.0.1:61017 - "POST /api/v1/collections/44cdb763-0f48-4338-b0b7-0698d5019c38/query HTTP/1.1" 200
[31mERROR[0m:    [02-07-2026 20:47:19] Failed to send telemetry event CollectionAddEvent: capture() takes 1 positional argument but 3 were given
[32mINFO[0m:     [02-07-2026 20:47:19] 127.0.0.1:61086 - "POST /api/v1/collections/44cdb763-0f48-4338-b0b7-0698d5019c38/add HTTP/1.1" 201
[32mINFO[0m:     [02-07-2026 20:47:19] 127.0.0.1:61086 - "POST /api/v1/collections/44cdb763-0f48-4338-b0b7-0698d5019c38/query HTTP/1.1" 400
[32mINFO[0m:     [02-07-2026 20:50:39] Shutting down
[32mINFO[0m:     [02-07-2026 20:50:39] Waiting for application shutdown.
[36mDEBUG[0m:    [02-07-2026 20:50:39] Stopping component System
[36mDEBUG[0m:    [02-07-2026 20:50:39] Stopping component SegmentAPI
[36mDEBUG[0m:    [02-07-2026 20:50:39] Stopping component PersistentLocalHnswSegment
[36mDEBUG[0m:    [02-07-2026 20:50:39] Stopping component LocalSegmentManager
[36mDEBUG[0m:    [02-07-2026 20:50:39] Stopping component Posthog
[36mDEBUG[0m:    [02-07-2026 20:50:39] Stopping component QuotaEnforcer
[36mDEBUG[0m:    [02-07-2026 20:50:39] Stopping component SqliteDB
[36mDEBUG[0m:    [02-07-2026 20:50:39] Stopping component SimpleAssignmentPolicy
[36mDEBUG[0m:    [02-07-2026 20:50:39] Stopping component OpenTelemetryClient
[32mINFO[0m:     [02-07-2026 20:50:39] Application shutdown complete.
[32mINFO[0m:     [02-07-2026 20:50:39] Finished server process [[36m5580[0m]
[33mWARNING[0m:  [02-07-2026 20:52:43] chroma_server_nofile is not supported on Windows. chroma_server_nofile will not be set.
[32mINFO[0m:     [02-07-2026 20:52:43] Anonymized telemetry enabled. See                     https://docs.trychroma.com/telemetry for more information.
[36mDEBUG[0m:    [02-07-2026 20:52:43] Starting component System
[36mDEBUG[0m:    [02-07-2026 20:52:43] Starting component OpenTelemetryClient
[36mDEBUG[0m:    [02-07-2026 20:52:43] Starting component SimpleAssignmentPolicy
[36mDEBUG[0m:    [02-07-2026 20:52:43] Starting component SqliteDB
[36mDEBUG[0m:    [02-07-2026 20:52:47] Starting component QuotaEnforcer
[36mDEBUG[0m:    [02-07-2026 20:52:47] Starting component Posthog
[36mDEBUG[0m:    [02-07-2026 20:52:47] Starting component LocalSegmentManager
[36mDEBUG[0m:    [02-07-2026 20:52:47] Starting component SegmentAPI
[32mINFO[0m:     [02-07-2026 20:52:48] Started server process [[36m4340[0m]
[32mINFO[0m:     [02-07-2026 20:52:48] Waiting for application startup.
[32mINFO[0m:     [02-07-2026 20:52:48] Application startup complete.
[32mINFO[0m:     [02-07-2026 20:52:48] Uvicorn running on [1mhttp://0.0.0.0:8001[0m (Press CTRL+C to quit)
[31mERROR[0m:    [02-07-2026 20:53:02] Collection notes_collection does not exist.
  + Exception Group Traceback (most recent call last):
  |   File "D:\anaconda3\envs\chroma-server\lib\site-packages\starlette\_utils.py", line 85, in create_collapsing_task_group
  |     async with anyio.create_task_group() as tg:
  |   File "D:\anaconda3\envs\chroma-server\lib\site-packages\anyio\_backends\_asyncio.py", line 811, in __aexit__
  |     raise BaseExceptionGroup(
  | exceptiongroup.ExceptionGroup: unhandled errors in a TaskGroup (1 sub-exception)
  +-+---------------- 1 ----------------
    | Traceback (most recent call last):
    |   File "D:\anaconda3\envs\chroma-server\lib\site-packages\chromadb\server\fastapi\__init__.py", line 82, in catch_exceptions_middleware
    |     return await call_next(request)
    |   File "D:\anaconda3\envs\chroma-server\lib\site-packages\starlette\middleware\base.py", line 168, in call_next
    |     raise app_exc from app_exc.__cause__ or app_exc.__context__
    |   File "D:\anaconda3\envs\chroma-server\lib\site-packages\starlette\middleware\base.py", line 144, in coro
    |     await self.app(scope, receive_or_disconnect, send_no_error)
    |   File "D:\anaconda3\envs\chroma-server\lib\site-packages\starlette\middleware\base.py", line 193, in __call__
    |     response = await self.dispatch_func(request, call_next)
    |   File "D:\anaconda3\envs\chroma-server\lib\site-packages\chromadb\server\fastapi\__init__.py", line 96, in check_http_version_middleware
    |     return await call_next(request)
    |   File "D:\anaconda3\envs\chroma-server\lib\site-packages\starlette\middleware\base.py", line 168, in call_next
    |     raise app_exc from app_exc.__cause__ or app_exc.__context__
    |   File "D:\anaconda3\envs\chroma-server\lib\site-packages\starlette\middleware\base.py", line 144, in coro
    |     await self.app(scope, receive_or_disconnect, send_no_error)
    |   File "D:\anaconda3\envs\chroma-server\lib\site-packages\starlette\middleware\exceptions.py", line 63, in __call__
    |     await wrap_app_handling_exceptions(self.app, conn)(scope, receive, send)
    |   File "D:\anaconda3\envs\chroma-server\lib\site-packages\starlette\_exception_handler.py", line 53, in wrapped_app
    |     raise exc
    |   File "D:\anaconda3\envs\chroma-server\lib\site-packages\starlette\_exception_handler.py", line 42, in wrapped_app
    |     await app(scope, receive, sender)
    |   File "D:\anaconda3\envs\chroma-server\lib\site-packages\fastapi\middleware\asyncexitstack.py", line 18, in __call__
    |     await self.app(scope, receive, send)
    |   File "D:\anaconda3\envs\chroma-server\lib\site-packages\starlette\routing.py", line 660, in __call__
    |     await self.middleware_stack(scope, receive, send)
    |   File "D:\anaconda3\envs\chroma-server\lib\site-packages\fastapi\routing.py", line 2683, in app
    |     await route.handle(scope, receive, send)
    |   File "D:\anaconda3\envs\chroma-server\lib\site-packages\fastapi\routing.py", line 1753, in handle
    |     await self.original_router.handle(scope, receive, send)
    |   File "D:\anaconda3\envs\chroma-server\lib\site-packages\fastapi\routing.py", line 2738, in handle
    |     await included_router._handle_selected(scope, receive, send)
    |   File "D:\anaconda3\envs\chroma-server\lib\site-packages\fastapi\routing.py", line 1773, in _handle_selected
    |     await original_route.handle(scope, receive, send)
    |   File "D:\anaconda3\envs\chroma-server\lib\site-packages\fastapi\routing.py", line 1264, in handle
    |     await app(scope, receive, send)
    |   File "D:\anaconda3\envs\chroma-server\lib\site-packages\fastapi\routing.py", line 150, in app
    |     await wrap_app_handling_exceptions(app, request)(scope, receive, send)
    |   File "D:\anaconda3\envs\chroma-server\lib\site-packages\starlette\_exception_handler.py", line 53, in wrapped_app
    |     raise exc
    |   File "D:\anaconda3\envs\chroma-server\lib\site-packages\starlette\_exception_handler.py", line 42, in wrapped_app
    |     await app(scope, receive, sender)
    |   File "D:\anaconda3\envs\chroma-server\lib\site-packages\fastapi\routing.py", line 136, in app
    |     response = await f(request)
    |   File "D:\anaconda3\envs\chroma-server\lib\site-packages\fastapi\routing.py", line 690, in app
    |     raw_response = await run_endpoint_function(
    |   File "D:\anaconda3\envs\chroma-server\lib\site-packages\fastapi\routing.py", line 346, in run_endpoint_function
    |     return await run_in_threadpool(dependant.call, **values)
    |   File "D:\anaconda3\envs\chroma-server\lib\site-packages\starlette\concurrency.py", line 34, in run_in_threadpool
    |     return await anyio.to_thread.run_sync(func)
    |   File "D:\anaconda3\envs\chroma-server\lib\site-packages\anyio\to_thread.py", line 63, in run_sync
    |     return await get_async_backend().run_sync_in_worker_thread(
    |   File "D:\anaconda3\envs\chroma-server\lib\site-packages\anyio\_backends\_asyncio.py", line 2596, in run_sync_in_worker_thread
    |     return await future
    |   File "D:\anaconda3\envs\chroma-server\lib\site-packages\anyio\_backends\_asyncio.py", line 1029, in run
    |     result = context.run(func, *args)
    |   File "D:\anaconda3\envs\chroma-server\lib\site-packages\chromadb\telemetry\opentelemetry\__init__.py", line 127, in wrapper
    |     return f(*args, **kwargs)
    |   File "D:\anaconda3\envs\chroma-server\lib\site-packages\chromadb\auth\fastapi.py", line 241, in wrapped
    |     return f(*args, **kwargs)
    |   File "D:\anaconda3\envs\chroma-server\lib\site-packages\chromadb\server\fastapi\__init__.py", line 440, in get_collection
    |     return self._api.get_collection(
    |   File "D:\anaconda3\envs\chroma-server\lib\site-packages\chromadb\telemetry\opentelemetry\__init__.py", line 127, in wrapper
    |     return f(*args, **kwargs)
    |   File "D:\anaconda3\envs\chroma-server\lib\site-packages\chromadb\api\segment.py", line 261, in get_collection
    |     raise ValueError(f"Collection {name} does not exist.")
    | ValueError: Collection notes_collection does not exist.
    +------------------------------------

The above exception was the direct cause of the following exception:

Traceback (most recent call last):
  File "D:\anaconda3\envs\chroma-server\lib\site-packages\chromadb\server\fastapi\__init__.py", line 82, in catch_exceptions_middleware
    return await call_next(request)
  File "D:\anaconda3\envs\chroma-server\lib\site-packages\starlette\middleware\base.py", line 168, in call_next
    raise app_exc from app_exc.__cause__ or app_exc.__context__
  File "D:\anaconda3\envs\chroma-server\lib\site-packages\starlette\middleware\base.py", line 144, in coro
    await self.app(scope, receive_or_disconnect, send_no_error)
  File "D:\anaconda3\envs\chroma-server\lib\site-packages\starlette\middleware\base.py", line 193, in __call__
    response = await self.dispatch_func(request, call_next)
  File "D:\anaconda3\envs\chroma-server\lib\site-packages\chromadb\server\fastapi\__init__.py", line 96, in check_http_version_middleware
    return await call_next(request)
  File "D:\anaconda3\envs\chroma-server\lib\site-packages\starlette\middleware\base.py", line 168, in call_next
    raise app_exc from app_exc.__cause__ or app_exc.__context__
  File "D:\anaconda3\envs\chroma-server\lib\site-packages\starlette\middleware\base.py", line 144, in coro
    await self.app(scope, receive_or_disconnect, send_no_error)
  File "D:\anaconda3\envs\chroma-server\lib\site-packages\starlette\middleware\exceptions.py", line 63, in __call__
    await wrap_app_handling_exceptions(self.app, conn)(scope, receive, send)
  File "D:\anaconda3\envs\chroma-server\lib\site-packages\starlette\_exception_handler.py", line 53, in wrapped_app
    raise exc
  File "D:\anaconda3\envs\chroma-server\lib\site-packages\starlette\_exception_handler.py", line 42, in wrapped_app
    await app(scope, receive, sender)
  File "D:\anaconda3\envs\chroma-server\lib\site-packages\fastapi\middleware\asyncexitstack.py", line 18, in __call__
    await self.app(scope, receive, send)
  File "D:\anaconda3\envs\chroma-server\lib\site-packages\starlette\routing.py", line 660, in __call__
    await self.middleware_stack(scope, receive, send)
  File "D:\anaconda3\envs\chroma-server\lib\site-packages\fastapi\routing.py", line 2683, in app
    await route.handle(scope, receive, send)
  File "D:\anaconda3\envs\chroma-server\lib\site-packages\fastapi\routing.py", line 1753, in handle
    await self.original_router.handle(scope, receive, send)
  File "D:\anaconda3\envs\chroma-server\lib\site-packages\fastapi\routing.py", line 2738, in handle
    await included_router._handle_selected(scope, receive, send)
  File "D:\anaconda3\envs\chroma-server\lib\site-packages\fastapi\routing.py", line 1773, in _handle_selected
    await original_route.handle(scope, receive, send)
  File "D:\anaconda3\envs\chroma-server\lib\site-packages\fastapi\routing.py", line 1264, in handle
    await app(scope, receive, send)
  File "D:\anaconda3\envs\chroma-server\lib\site-packages\fastapi\routing.py", line 150, in app
    await wrap_app_handling_exceptions(app, request)(scope, receive, send)
  File "D:\anaconda3\envs\chroma-server\lib\site-packages\starlette\_exception_handler.py", line 53, in wrapped_app
    raise exc
  File "D:\anaconda3\envs\chroma-server\lib\site-packages\starlette\_exception_handler.py", line 42, in wrapped_app
    await app(scope, receive, sender)
  File "D:\anaconda3\envs\chroma-server\lib\site-packages\fastapi\routing.py", line 136, in app
    response = await f(request)
  File "D:\anaconda3\envs\chroma-server\lib\site-packages\fastapi\routing.py", line 690, in app
    raw_response = await run_endpoint_function(
  File "D:\anaconda3\envs\chroma-server\lib\site-packages\fastapi\routing.py", line 346, in run_endpoint_function
    return await run_in_threadpool(dependant.call, **values)
  File "D:\anaconda3\envs\chroma-server\lib\site-packages\starlette\concurrency.py", line 34, in run_in_threadpool
    return await anyio.to_thread.run_sync(func)
  File "D:\anaconda3\envs\chroma-server\lib\site-packages\anyio\to_thread.py", line 63, in run_sync
    return await get_async_backend().run_sync_in_worker_thread(
  File "D:\anaconda3\envs\chroma-server\lib\site-packages\anyio\_backends\_asyncio.py", line 2596, in run_sync_in_worker_thread
    return await future
  File "D:\anaconda3\envs\chroma-server\lib\site-packages\anyio\_backends\_asyncio.py", line 1029, in run
    result = context.run(func, *args)
  File "D:\anaconda3\envs\chroma-server\lib\site-packages\chromadb\telemetry\opentelemetry\__init__.py", line 127, in wrapper
    return f(*args, **kwargs)
  File "D:\anaconda3\envs\chroma-server\lib\site-packages\chromadb\auth\fastapi.py", line 241, in wrapped
    return f(*args, **kwargs)
  File "D:\anaconda3\envs\chroma-server\lib\site-packages\chromadb\server\fastapi\__init__.py", line 440, in get_collection
    return self._api.get_collection(
  File "D:\anaconda3\envs\chroma-server\lib\site-packages\chromadb\telemetry\opentelemetry\__init__.py", line 127, in wrapper
    return f(*args, **kwargs)
  File "D:\anaconda3\envs\chroma-server\lib\site-packages\chromadb\api\segment.py", line 261, in get_collection
    raise ValueError(f"Collection {name} does not exist.")
ValueError: Collection notes_collection does not exist.
[32mINFO[0m:     [02-07-2026 20:53:02] 127.0.0.1:61203 - "GET /api/v1/collections/notes_collection HTTP/1.1" 500
[31mERROR[0m:    [02-07-2026 20:53:02] Failed to send telemetry event ClientCreateCollectionEvent: capture() takes 1 positional argument but 3 were given
[32mINFO[0m:     [02-07-2026 20:53:02] 127.0.0.1:61203 - "POST /api/v1/collections HTTP/1.1" 200
[31mERROR[0m:    [02-07-2026 20:53:02] Collection rag_collection does not exist.
  + Exception Group Traceback (most recent call last):
  |   File "D:\anaconda3\envs\chroma-server\lib\site-packages\starlette\_utils.py", line 85, in create_collapsing_task_group
  |     async with anyio.create_task_group() as tg:
  |   File "D:\anaconda3\envs\chroma-server\lib\site-packages\anyio\_backends\_asyncio.py", line 811, in __aexit__
  |     raise BaseExceptionGroup(
  | exceptiongroup.ExceptionGroup: unhandled errors in a TaskGroup (1 sub-exception)
  +-+---------------- 1 ----------------
    | Traceback (most recent call last):
    |   File "D:\anaconda3\envs\chroma-server\lib\site-packages\chromadb\server\fastapi\__init__.py", line 82, in catch_exceptions_middleware
    |     return await call_next(request)
    |   File "D:\anaconda3\envs\chroma-server\lib\site-packages\starlette\middleware\base.py", line 168, in call_next
    |     raise app_exc from app_exc.__cause__ or app_exc.__context__
    |   File "D:\anaconda3\envs\chroma-server\lib\site-packages\starlette\middleware\base.py", line 144, in coro
    |     await self.app(scope, receive_or_disconnect, send_no_error)
    |   File "D:\anaconda3\envs\chroma-server\lib\site-packages\starlette\middleware\base.py", line 193, in __call__
    |     response = await self.dispatch_func(request, call_next)
    |   File "D:\anaconda3\envs\chroma-server\lib\site-packages\chromadb\server\fastapi\__init__.py", line 96, in check_http_version_middleware
    |     return await call_next(request)
    |   File "D:\anaconda3\envs\chroma-server\lib\site-packages\starlette\middleware\base.py", line 168, in call_next
    |     raise app_exc from app_exc.__cause__ or app_exc.__context__
    |   File "D:\anaconda3\envs\chroma-server\lib\site-packages\starlette\middleware\base.py", line 144, in coro
    |     await self.app(scope, receive_or_disconnect, send_no_error)
    |   File "D:\anaconda3\envs\chroma-server\lib\site-packages\starlette\middleware\exceptions.py", line 63, in __call__
    |     await wrap_app_handling_exceptions(self.app, conn)(scope, receive, send)
    |   File "D:\anaconda3\envs\chroma-server\lib\site-packages\starlette\_exception_handler.py", line 53, in wrapped_app
    |     raise exc
    |   File "D:\anaconda3\envs\chroma-server\lib\site-packages\starlette\_exception_handler.py", line 42, in wrapped_app
    |     await app(scope, receive, sender)
    |   File "D:\anaconda3\envs\chroma-server\lib\site-packages\fastapi\middleware\asyncexitstack.py", line 18, in __call__
    |     await self.app(scope, receive, send)
    |   File "D:\anaconda3\envs\chroma-server\lib\site-packages\starlette\routing.py", line 660, in __call__
    |     await self.middleware_stack(scope, receive, send)
    |   File "D:\anaconda3\envs\chroma-server\lib\site-packages\fastapi\routing.py", line 2683, in app
    |     await route.handle(scope, receive, send)
    |   File "D:\anaconda3\envs\chroma-server\lib\site-packages\fastapi\routing.py", line 1753, in handle
    |     await self.original_router.handle(scope, receive, send)
    |   File "D:\anaconda3\envs\chroma-server\lib\site-packages\fastapi\routing.py", line 2738, in handle
    |     await included_router._handle_selected(scope, receive, send)
    |   File "D:\anaconda3\envs\chroma-server\lib\site-packages\fastapi\routing.py", line 1773, in _handle_selected
    |     await original_route.handle(scope, receive, send)
    |   File "D:\anaconda3\envs\chroma-server\lib\site-packages\fastapi\routing.py", line 1264, in handle
    |     await app(scope, receive, send)
    |   File "D:\anaconda3\envs\chroma-server\lib\site-packages\fastapi\routing.py", line 150, in app
    |     await wrap_app_handling_exceptions(app, request)(scope, receive, send)
    |   File "D:\anaconda3\envs\chroma-server\lib\site-packages\starlette\_exception_handler.py", line 53, in wrapped_app
    |     raise exc
    |   File "D:\anaconda3\envs\chroma-server\lib\site-packages\starlette\_exception_handler.py", line 42, in wrapped_app
    |     await app(scope, receive, sender)
    |   File "D:\anaconda3\envs\chroma-server\lib\site-packages\fastapi\routing.py", line 136, in app
    |     response = await f(request)
    |   File "D:\anaconda3\envs\chroma-server\lib\site-packages\fastapi\routing.py", line 690, in app
    |     raw_response = await run_endpoint_function(
    |   File "D:\anaconda3\envs\chroma-server\lib\site-packages\fastapi\routing.py", line 346, in run_endpoint_function
    |     return await run_in_threadpool(dependant.call, **values)
    |   File "D:\anaconda3\envs\chroma-server\lib\site-packages\starlette\concurrency.py", line 34, in run_in_threadpool
    |     return await anyio.to_thread.run_sync(func)
    |   File "D:\anaconda3\envs\chroma-server\lib\site-packages\anyio\to_thread.py", line 63, in run_sync
    |     return await get_async_backend().run_sync_in_worker_thread(
    |   File "D:\anaconda3\envs\chroma-server\lib\site-packages\anyio\_backends\_asyncio.py", line 2596, in run_sync_in_worker_thread
    |     return await future
    |   File "D:\anaconda3\envs\chroma-server\lib\site-packages\anyio\_backends\_asyncio.py", line 1029, in run
    |     result = context.run(func, *args)
    |   File "D:\anaconda3\envs\chroma-server\lib\site-packages\chromadb\telemetry\opentelemetry\__init__.py", line 127, in wrapper
    |     return f(*args, **kwargs)
    |   File "D:\anaconda3\envs\chroma-server\lib\site-packages\chromadb\auth\fastapi.py", line 241, in wrapped
    |     return f(*args, **kwargs)
    |   File "D:\anaconda3\envs\chroma-server\lib\site-packages\chromadb\server\fastapi\__init__.py", line 440, in get_collection
    |     return self._api.get_collection(
    |   File "D:\anaconda3\envs\chroma-server\lib\site-packages\chromadb\telemetry\opentelemetry\__init__.py", line 127, in wrapper
    |     return f(*args, **kwargs)
    |   File "D:\anaconda3\envs\chroma-server\lib\site-packages\chromadb\api\segment.py", line 261, in get_collection
    |     raise ValueError(f"Collection {name} does not exist.")
    | ValueError: Collection rag_collection does not exist.
    +------------------------------------

The above exception was the direct cause of the following exception:

Traceback (most recent call last):
  File "D:\anaconda3\envs\chroma-server\lib\site-packages\chromadb\server\fastapi\__init__.py", line 82, in catch_exceptions_middleware
    return await call_next(request)
  File "D:\anaconda3\envs\chroma-server\lib\site-packages\starlette\middleware\base.py", line 168, in call_next
    raise app_exc from app_exc.__cause__ or app_exc.__context__
  File "D:\anaconda3\envs\chroma-server\lib\site-packages\starlette\middleware\base.py", line 144, in coro
    await self.app(scope, receive_or_disconnect, send_no_error)
  File "D:\anaconda3\envs\chroma-server\lib\site-packages\starlette\middleware\base.py", line 193, in __call__
    response = await self.dispatch_func(request, call_next)
  File "D:\anaconda3\envs\chroma-server\lib\site-packages\chromadb\server\fastapi\__init__.py", line 96, in check_http_version_middleware
    return await call_next(request)
  File "D:\anaconda3\envs\chroma-server\lib\site-packages\starlette\middleware\base.py", line 168, in call_next
    raise app_exc from app_exc.__cause__ or app_exc.__context__
  File "D:\anaconda3\envs\chroma-server\lib\site-packages\starlette\middleware\base.py", line 144, in coro
    await self.app(scope, receive_or_disconnect, send_no_error)
  File "D:\anaconda3\envs\chroma-server\lib\site-packages\starlette\middleware\exceptions.py", line 63, in __call__
    await wrap_app_handling_exceptions(self.app, conn)(scope, receive, send)
  File "D:\anaconda3\envs\chroma-server\lib\site-packages\starlette\_exception_handler.py", line 53, in wrapped_app
    raise exc
  File "D:\anaconda3\envs\chroma-server\lib\site-packages\starlette\_exception_handler.py", line 42, in wrapped_app
    await app(scope, receive, sender)
  File "D:\anaconda3\envs\chroma-server\lib\site-packages\fastapi\middleware\asyncexitstack.py", line 18, in __call__
    await self.app(scope, receive, send)
  File "D:\anaconda3\envs\chroma-server\lib\site-packages\starlette\routing.py", line 660, in __call__
    await self.middleware_stack(scope, receive, send)
  File "D:\anaconda3\envs\chroma-server\lib\site-packages\fastapi\routing.py", line 2683, in app
    await route.handle(scope, receive, send)
  File "D:\anaconda3\envs\chroma-server\lib\site-packages\fastapi\routing.py", line 1753, in handle
    await self.original_router.handle(scope, receive, send)
  File "D:\anaconda3\envs\chroma-server\lib\site-packages\fastapi\routing.py", line 2738, in handle
    await included_router._handle_selected(scope, receive, send)
  File "D:\anaconda3\envs\chroma-server\lib\site-packages\fastapi\routing.py", line 1773, in _handle_selected
    await original_route.handle(scope, receive, send)
  File "D:\anaconda3\envs\chroma-server\lib\site-packages\fastapi\routing.py", line 1264, in handle
    await app(scope, receive, send)
  File "D:\anaconda3\envs\chroma-server\lib\site-packages\fastapi\routing.py", line 150, in app
    await wrap_app_handling_exceptions(app, request)(scope, receive, send)
  File "D:\anaconda3\envs\chroma-server\lib\site-packages\starlette\_exception_handler.py", line 53, in wrapped_app
    raise exc
  File "D:\anaconda3\envs\chroma-server\lib\site-packages\starlette\_exception_handler.py", line 42, in wrapped_app
    await app(scope, receive, sender)
  File "D:\anaconda3\envs\chroma-server\lib\site-packages\fastapi\routing.py", line 136, in app
    response = await f(request)
  File "D:\anaconda3\envs\chroma-server\lib\site-packages\fastapi\routing.py", line 690, in app
    raw_response = await run_endpoint_function(
  File "D:\anaconda3\envs\chroma-server\lib\site-packages\fastapi\routing.py", line 346, in run_endpoint_function
    return await run_in_threadpool(dependant.call, **values)
  File "D:\anaconda3\envs\chroma-server\lib\site-packages\starlette\concurrency.py", line 34, in run_in_threadpool
    return await anyio.to_thread.run_sync(func)
  File "D:\anaconda3\envs\chroma-server\lib\site-packages\anyio\to_thread.py", line 63, in run_sync
    return await get_async_backend().run_sync_in_worker_thread(
  File "D:\anaconda3\envs\chroma-server\lib\site-packages\anyio\_backends\_asyncio.py", line 2596, in run_sync_in_worker_thread
    return await future
  File "D:\anaconda3\envs\chroma-server\lib\site-packages\anyio\_backends\_asyncio.py", line 1029, in run
    result = context.run(func, *args)
  File "D:\anaconda3\envs\chroma-server\lib\site-packages\chromadb\telemetry\opentelemetry\__init__.py", line 127, in wrapper
    return f(*args, **kwargs)
  File "D:\anaconda3\envs\chroma-server\lib\site-packages\chromadb\auth\fastapi.py", line 241, in wrapped
    return f(*args, **kwargs)
  File "D:\anaconda3\envs\chroma-server\lib\site-packages\chromadb\server\fastapi\__init__.py", line 440, in get_collection
    return self._api.get_collection(
  File "D:\anaconda3\envs\chroma-server\lib\site-packages\chromadb\telemetry\opentelemetry\__init__.py", line 127, in wrapper
    return f(*args, **kwargs)
  File "D:\anaconda3\envs\chroma-server\lib\site-packages\chromadb\api\segment.py", line 261, in get_collection
    raise ValueError(f"Collection {name} does not exist.")
ValueError: Collection rag_collection does not exist.
[32mINFO[0m:     [02-07-2026 20:53:02] 127.0.0.1:61204 - "GET /api/v1/collections/rag_collection HTTP/1.1" 500
[31mERROR[0m:    [02-07-2026 20:53:02] Failed to send telemetry event ClientCreateCollectionEvent: capture() takes 1 positional argument but 3 were given
[32mINFO[0m:     [02-07-2026 20:53:02] 127.0.0.1:61204 - "POST /api/v1/collections HTTP/1.1" 200
[36mDEBUG[0m:    [02-07-2026 20:53:09] Starting component PersistentLocalHnswSegment
[31mERROR[0m:    [02-07-2026 20:53:09] Failed to send telemetry event CollectionQueryEvent: capture() takes 1 positional argument but 3 were given
[32mINFO[0m:     [02-07-2026 20:53:09] 127.0.0.1:61204 - "POST /api/v1/collections/19b9f954-93ac-4011-8a31-6bce24e448c9/query HTTP/1.1" 200
[32mINFO[0m:     [02-07-2026 20:53:11] 127.0.0.1:61204 - "POST /api/v1/collections/19b9f954-93ac-4011-8a31-6bce24e448c9/query HTTP/1.1" 200
[31mERROR[0m:    [02-07-2026 20:54:04] Failed to send telemetry event CollectionAddEvent: capture() takes 1 positional argument but 3 were given
[32mINFO[0m:     [02-07-2026 20:54:04] 127.0.0.1:61249 - "POST /api/v1/collections/19b9f954-93ac-4011-8a31-6bce24e448c9/add HTTP/1.1" 201
[32mINFO[0m:     [02-07-2026 20:54:04] 127.0.0.1:61249 - "POST /api/v1/collections/19b9f954-93ac-4011-8a31-6bce24e448c9/query HTTP/1.1" 400
[32mINFO[0m:     [02-07-2026 20:55:49] Shutting down
[32mINFO[0m:     [02-07-2026 20:55:49] Waiting for application shutdown.
[36mDEBUG[0m:    [02-07-2026 20:55:49] Stopping component System
[36mDEBUG[0m:    [02-07-2026 20:55:49] Stopping component SegmentAPI
[36mDEBUG[0m:    [02-07-2026 20:55:49] Stopping component PersistentLocalHnswSegment
[36mDEBUG[0m:    [02-07-2026 20:55:49] Stopping component LocalSegmentManager
[36mDEBUG[0m:    [02-07-2026 20:55:49] Stopping component Posthog
[36mDEBUG[0m:    [02-07-2026 20:55:49] Stopping component QuotaEnforcer
[36mDEBUG[0m:    [02-07-2026 20:55:49] Stopping component SqliteDB
[36mDEBUG[0m:    [02-07-2026 20:55:49] Stopping component SimpleAssignmentPolicy
[36mDEBUG[0m:    [02-07-2026 20:55:49] Stopping component OpenTelemetryClient
[32mINFO[0m:     [02-07-2026 20:55:49] Application shutdown complete.
[32mINFO[0m:     [02-07-2026 20:55:49] Finished server process [[36m4340[0m]
[33mWARNING[0m:  [02-07-2026 20:57:23] chroma_server_nofile is not supported on Windows. chroma_server_nofile will not be set.
[32mINFO[0m:     [02-07-2026 20:57:24] Anonymized telemetry enabled. See                     https://docs.trychroma.com/telemetry for more information.
[36mDEBUG[0m:    [02-07-2026 20:57:24] Starting component System
[36mDEBUG[0m:    [02-07-2026 20:57:24] Starting component OpenTelemetryClient
[36mDEBUG[0m:    [02-07-2026 20:57:24] Starting component SimpleAssignmentPolicy
[36mDEBUG[0m:    [02-07-2026 20:57:24] Starting component SqliteDB
[36mDEBUG[0m:    [02-07-2026 20:57:24] Starting component QuotaEnforcer
[36mDEBUG[0m:    [02-07-2026 20:57:24] Starting component Posthog
[36mDEBUG[0m:    [02-07-2026 20:57:24] Starting component LocalSegmentManager
[36mDEBUG[0m:    [02-07-2026 20:57:24] Starting component SegmentAPI
[32mINFO[0m:     [02-07-2026 20:57:24] Started server process [[36m7112[0m]
[32mINFO[0m:     [02-07-2026 20:57:24] Waiting for application startup.
[32mINFO[0m:     [02-07-2026 20:57:24] Application startup complete.
[32mINFO[0m:     [02-07-2026 20:57:24] Uvicorn running on [1mhttp://0.0.0.0:8001[0m (Press CTRL+C to quit)
[32mINFO[0m:     [02-07-2026 20:57:32] 127.0.0.1:61342 - "GET /api/v1/collections/notes_collection HTTP/1.1" 200
[32mINFO[0m:     [02-07-2026 20:57:32] 127.0.0.1:61343 - "GET /api/v1/collections/rag_collection HTTP/1.1" 200
[32mINFO[0m:     [02-07-2026 20:57:39] 127.0.0.1:61343 - "POST /api/v1/collections/19b9f954-93ac-4011-8a31-6bce24e448c9/query HTTP/1.1" 400
[32mINFO[0m:     [02-07-2026 20:57:58] Shutting down
[32mINFO[0m:     [02-07-2026 20:57:59] Waiting for application shutdown.
[36mDEBUG[0m:    [02-07-2026 20:57:59] Stopping component System
[36mDEBUG[0m:    [02-07-2026 20:57:59] Stopping component SegmentAPI
[36mDEBUG[0m:    [02-07-2026 20:57:59] Stopping component LocalSegmentManager
[36mDEBUG[0m:    [02-07-2026 20:57:59] Stopping component Posthog
[36mDEBUG[0m:    [02-07-2026 20:57:59] Stopping component QuotaEnforcer
[36mDEBUG[0m:    [02-07-2026 20:57:59] Stopping component SqliteDB
[36mDEBUG[0m:    [02-07-2026 20:57:59] Stopping component SimpleAssignmentPolicy
[36mDEBUG[0m:    [02-07-2026 20:57:59] Stopping component OpenTelemetryClient
[32mINFO[0m:     [02-07-2026 20:57:59] Application shutdown complete.
[32mINFO[0m:     [02-07-2026 20:57:59] Finished server process [[36m7112[0m]
[33mWARNING[0m:  [02-07-2026 20:59:05] chroma_server_nofile is not supported on Windows. chroma_server_nofile will not be set.
[32mINFO[0m:     [02-07-2026 20:59:05] Anonymized telemetry enabled. See                     https://docs.trychroma.com/telemetry for more information.
[36mDEBUG[0m:    [02-07-2026 20:59:05] Starting component System
[36mDEBUG[0m:    [02-07-2026 20:59:05] Starting component OpenTelemetryClient
[36mDEBUG[0m:    [02-07-2026 20:59:05] Starting component SimpleAssignmentPolicy
[36mDEBUG[0m:    [02-07-2026 20:59:05] Starting component SqliteDB
[36mDEBUG[0m:    [02-07-2026 20:59:09] Starting component QuotaEnforcer
[36mDEBUG[0m:    [02-07-2026 20:59:09] Starting component Posthog
[36mDEBUG[0m:    [02-07-2026 20:59:09] Starting component LocalSegmentManager
[36mDEBUG[0m:    [02-07-2026 20:59:09] Starting component SegmentAPI
[32mINFO[0m:     [02-07-2026 20:59:09] Started server process [[36m13440[0m]
[32mINFO[0m:     [02-07-2026 20:59:09] Waiting for application startup.
[32mINFO[0m:     [02-07-2026 20:59:09] Application startup complete.
[32mINFO[0m:     [02-07-2026 20:59:09] Uvicorn running on [1mhttp://0.0.0.0:8001[0m (Press CTRL+C to quit)
[31mERROR[0m:    [02-07-2026 20:59:22] Collection notes_collection does not exist.
  + Exception Group Traceback (most recent call last):
  |   File "D:\anaconda3\envs\chroma-server\lib\site-packages\starlette\_utils.py", line 85, in create_collapsing_task_group
  |     async with anyio.create_task_group() as tg:
  |   File "D:\anaconda3\envs\chroma-server\lib\site-packages\anyio\_backends\_asyncio.py", line 811, in __aexit__
  |     raise BaseExceptionGroup(
  | exceptiongroup.ExceptionGroup: unhandled errors in a TaskGroup (1 sub-exception)
  +-+---------------- 1 ----------------
    | Traceback (most recent call last):
    |   File "D:\anaconda3\envs\chroma-server\lib\site-packages\chromadb\server\fastapi\__init__.py", line 82, in catch_exceptions_middleware
    |     return await call_next(request)
    |   File "D:\anaconda3\envs\chroma-server\lib\site-packages\starlette\middleware\base.py", line 168, in call_next
    |     raise app_exc from app_exc.__cause__ or app_exc.__context__
    |   File "D:\anaconda3\envs\chroma-server\lib\site-packages\starlette\middleware\base.py", line 144, in coro
    |     await self.app(scope, receive_or_disconnect, send_no_error)
    |   File "D:\anaconda3\envs\chroma-server\lib\site-packages\starlette\middleware\base.py", line 193, in __call__
    |     response = await self.dispatch_func(request, call_next)
    |   File "D:\anaconda3\envs\chroma-server\lib\site-packages\chromadb\server\fastapi\__init__.py", line 96, in check_http_version_middleware
    |     return await call_next(request)
    |   File "D:\anaconda3\envs\chroma-server\lib\site-packages\starlette\middleware\base.py", line 168, in call_next
    |     raise app_exc from app_exc.__cause__ or app_exc.__context__
    |   File "D:\anaconda3\envs\chroma-server\lib\site-packages\starlette\middleware\base.py", line 144, in coro
    |     await self.app(scope, receive_or_disconnect, send_no_error)
    |   File "D:\anaconda3\envs\chroma-server\lib\site-packages\starlette\middleware\exceptions.py", line 63, in __call__
    |     await wrap_app_handling_exceptions(self.app, conn)(scope, receive, send)
    |   File "D:\anaconda3\envs\chroma-server\lib\site-packages\starlette\_exception_handler.py", line 53, in wrapped_app
    |     raise exc
    |   File "D:\anaconda3\envs\chroma-server\lib\site-packages\starlette\_exception_handler.py", line 42, in wrapped_app
    |     await app(scope, receive, sender)
    |   File "D:\anaconda3\envs\chroma-server\lib\site-packages\fastapi\middleware\asyncexitstack.py", line 18, in __call__
    |     await self.app(scope, receive, send)
    |   File "D:\anaconda3\envs\chroma-server\lib\site-packages\starlette\routing.py", line 660, in __call__
    |     await self.middleware_stack(scope, receive, send)
    |   File "D:\anaconda3\envs\chroma-server\lib\site-packages\fastapi\routing.py", line 2683, in app
    |     await route.handle(scope, receive, send)
    |   File "D:\anaconda3\envs\chroma-server\lib\site-packages\fastapi\routing.py", line 1753, in handle
    |     await self.original_router.handle(scope, receive, send)
    |   File "D:\anaconda3\envs\chroma-server\lib\site-packages\fastapi\routing.py", line 2738, in handle
    |     await included_router._handle_selected(scope, receive, send)
    |   File "D:\anaconda3\envs\chroma-server\lib\site-packages\fastapi\routing.py", line 1773, in _handle_selected
    |     await original_route.handle(scope, receive, send)
    |   File "D:\anaconda3\envs\chroma-server\lib\site-packages\fastapi\routing.py", line 1264, in handle
    |     await app(scope, receive, send)
    |   File "D:\anaconda3\envs\chroma-server\lib\site-packages\fastapi\routing.py", line 150, in app
    |     await wrap_app_handling_exceptions(app, request)(scope, receive, send)
    |   File "D:\anaconda3\envs\chroma-server\lib\site-packages\starlette\_exception_handler.py", line 53, in wrapped_app
    |     raise exc
    |   File "D:\anaconda3\envs\chroma-server\lib\site-packages\starlette\_exception_handler.py", line 42, in wrapped_app
    |     await app(scope, receive, sender)
    |   File "D:\anaconda3\envs\chroma-server\lib\site-packages\fastapi\routing.py", line 136, in app
    |     response = await f(request)
    |   File "D:\anaconda3\envs\chroma-server\lib\site-packages\fastapi\routing.py", line 690, in app
    |     raw_response = await run_endpoint_function(
    |   File "D:\anaconda3\envs\chroma-server\lib\site-packages\fastapi\routing.py", line 346, in run_endpoint_function
    |     return await run_in_threadpool(dependant.call, **values)
    |   File "D:\anaconda3\envs\chroma-server\lib\site-packages\starlette\concurrency.py", line 34, in run_in_threadpool
    |     return await anyio.to_thread.run_sync(func)
    |   File "D:\anaconda3\envs\chroma-server\lib\site-packages\anyio\to_thread.py", line 63, in run_sync
    |     return await get_async_backend().run_sync_in_worker_thread(
    |   File "D:\anaconda3\envs\chroma-server\lib\site-packages\anyio\_backends\_asyncio.py", line 2596, in run_sync_in_worker_thread
    |     return await future
    |   File "D:\anaconda3\envs\chroma-server\lib\site-packages\anyio\_backends\_asyncio.py", line 1029, in run
    |     result = context.run(func, *args)
    |   File "D:\anaconda3\envs\chroma-server\lib\site-packages\chromadb\telemetry\opentelemetry\__init__.py", line 127, in wrapper
    |     return f(*args, **kwargs)
    |   File "D:\anaconda3\envs\chroma-server\lib\site-packages\chromadb\auth\fastapi.py", line 241, in wrapped
    |     return f(*args, **kwargs)
    |   File "D:\anaconda3\envs\chroma-server\lib\site-packages\chromadb\server\fastapi\__init__.py", line 440, in get_collection
    |     return self._api.get_collection(
    |   File "D:\anaconda3\envs\chroma-server\lib\site-packages\chromadb\telemetry\opentelemetry\__init__.py", line 127, in wrapper
    |     return f(*args, **kwargs)
    |   File "D:\anaconda3\envs\chroma-server\lib\site-packages\chromadb\api\segment.py", line 261, in get_collection
    |     raise ValueError(f"Collection {name} does not exist.")
    | ValueError: Collection notes_collection does not exist.
    +------------------------------------

The above exception was the direct cause of the following exception:

Traceback (most recent call last):
  File "D:\anaconda3\envs\chroma-server\lib\site-packages\chromadb\server\fastapi\__init__.py", line 82, in catch_exceptions_middleware
    return await call_next(request)
  File "D:\anaconda3\envs\chroma-server\lib\site-packages\starlette\middleware\base.py", line 168, in call_next
    raise app_exc from app_exc.__cause__ or app_exc.__context__
  File "D:\anaconda3\envs\chroma-server\lib\site-packages\starlette\middleware\base.py", line 144, in coro
    await self.app(scope, receive_or_disconnect, send_no_error)
  File "D:\anaconda3\envs\chroma-server\lib\site-packages\starlette\middleware\base.py", line 193, in __call__
    response = await self.dispatch_func(request, call_next)
  File "D:\anaconda3\envs\chroma-server\lib\site-packages\chromadb\server\fastapi\__init__.py", line 96, in check_http_version_middleware
    return await call_next(request)
  File "D:\anaconda3\envs\chroma-server\lib\site-packages\starlette\middleware\base.py", line 168, in call_next
    raise app_exc from app_exc.__cause__ or app_exc.__context__
  File "D:\anaconda3\envs\chroma-server\lib\site-packages\starlette\middleware\base.py", line 144, in coro
    await self.app(scope, receive_or_disconnect, send_no_error)
  File "D:\anaconda3\envs\chroma-server\lib\site-packages\starlette\middleware\exceptions.py", line 63, in __call__
    await wrap_app_handling_exceptions(self.app, conn)(scope, receive, send)
  File "D:\anaconda3\envs\chroma-server\lib\site-packages\starlette\_exception_handler.py", line 53, in wrapped_app
    raise exc
  File "D:\anaconda3\envs\chroma-server\lib\site-packages\starlette\_exception_handler.py", line 42, in wrapped_app
    await app(scope, receive, sender)
  File "D:\anaconda3\envs\chroma-server\lib\site-packages\fastapi\middleware\asyncexitstack.py", line 18, in __call__
    await self.app(scope, receive, send)
  File "D:\anaconda3\envs\chroma-server\lib\site-packages\starlette\routing.py", line 660, in __call__
    await self.middleware_stack(scope, receive, send)
  File "D:\anaconda3\envs\chroma-server\lib\site-packages\fastapi\routing.py", line 2683, in app
    await route.handle(scope, receive, send)
  File "D:\anaconda3\envs\chroma-server\lib\site-packages\fastapi\routing.py", line 1753, in handle
    await self.original_router.handle(scope, receive, send)
  File "D:\anaconda3\envs\chroma-server\lib\site-packages\fastapi\routing.py", line 2738, in handle
    await included_router._handle_selected(scope, receive, send)
  File "D:\anaconda3\envs\chroma-server\lib\site-packages\fastapi\routing.py", line 1773, in _handle_selected
    await original_route.handle(scope, receive, send)
  File "D:\anaconda3\envs\chroma-server\lib\site-packages\fastapi\routing.py", line 1264, in handle
    await app(scope, receive, send)
  File "D:\anaconda3\envs\chroma-server\lib\site-packages\fastapi\routing.py", line 150, in app
    await wrap_app_handling_exceptions(app, request)(scope, receive, send)
  File "D:\anaconda3\envs\chroma-server\lib\site-packages\starlette\_exception_handler.py", line 53, in wrapped_app
    raise exc
  File "D:\anaconda3\envs\chroma-server\lib\site-packages\starlette\_exception_handler.py", line 42, in wrapped_app
    await app(scope, receive, sender)
  File "D:\anaconda3\envs\chroma-server\lib\site-packages\fastapi\routing.py", line 136, in app
    response = await f(request)
  File "D:\anaconda3\envs\chroma-server\lib\site-packages\fastapi\routing.py", line 690, in app
    raw_response = await run_endpoint_function(
  File "D:\anaconda3\envs\chroma-server\lib\site-packages\fastapi\routing.py", line 346, in run_endpoint_function
    return await run_in_threadpool(dependant.call, **values)
  File "D:\anaconda3\envs\chroma-server\lib\site-packages\starlette\concurrency.py", line 34, in run_in_threadpool
    return await anyio.to_thread.run_sync(func)
  File "D:\anaconda3\envs\chroma-server\lib\site-packages\anyio\to_thread.py", line 63, in run_sync
    return await get_async_backend().run_sync_in_worker_thread(
  File "D:\anaconda3\envs\chroma-server\lib\site-packages\anyio\_backends\_asyncio.py", line 2596, in run_sync_in_worker_thread
    return await future
  File "D:\anaconda3\envs\chroma-server\lib\site-packages\anyio\_backends\_asyncio.py", line 1029, in run
    result = context.run(func, *args)
  File "D:\anaconda3\envs\chroma-server\lib\site-packages\chromadb\telemetry\opentelemetry\__init__.py", line 127, in wrapper
    return f(*args, **kwargs)
  File "D:\anaconda3\envs\chroma-server\lib\site-packages\chromadb\auth\fastapi.py", line 241, in wrapped
    return f(*args, **kwargs)
  File "D:\anaconda3\envs\chroma-server\lib\site-packages\chromadb\server\fastapi\__init__.py", line 440, in get_collection
    return self._api.get_collection(
  File "D:\anaconda3\envs\chroma-server\lib\site-packages\chromadb\telemetry\opentelemetry\__init__.py", line 127, in wrapper
    return f(*args, **kwargs)
  File "D:\anaconda3\envs\chroma-server\lib\site-packages\chromadb\api\segment.py", line 261, in get_collection
    raise ValueError(f"Collection {name} does not exist.")
ValueError: Collection notes_collection does not exist.
[32mINFO[0m:     [02-07-2026 20:59:22] 127.0.0.1:61402 - "GET /api/v1/collections/notes_collection HTTP/1.1" 500
[31mERROR[0m:    [02-07-2026 20:59:23] Failed to send telemetry event ClientCreateCollectionEvent: capture() takes 1 positional argument but 3 were given
[32mINFO[0m:     [02-07-2026 20:59:23] 127.0.0.1:61402 - "POST /api/v1/collections HTTP/1.1" 200
[31mERROR[0m:    [02-07-2026 20:59:23] Collection rag_collection does not exist.
  + Exception Group Traceback (most recent call last):
  |   File "D:\anaconda3\envs\chroma-server\lib\site-packages\starlette\_utils.py", line 85, in create_collapsing_task_group
  |     async with anyio.create_task_group() as tg:
  |   File "D:\anaconda3\envs\chroma-server\lib\site-packages\anyio\_backends\_asyncio.py", line 811, in __aexit__
  |     raise BaseExceptionGroup(
  | exceptiongroup.ExceptionGroup: unhandled errors in a TaskGroup (1 sub-exception)
  +-+---------------- 1 ----------------
    | Traceback (most recent call last):
    |   File "D:\anaconda3\envs\chroma-server\lib\site-packages\chromadb\server\fastapi\__init__.py", line 82, in catch_exceptions_middleware
    |     return await call_next(request)
    |   File "D:\anaconda3\envs\chroma-server\lib\site-packages\starlette\middleware\base.py", line 168, in call_next
    |     raise app_exc from app_exc.__cause__ or app_exc.__context__
    |   File "D:\anaconda3\envs\chroma-server\lib\site-packages\starlette\middleware\base.py", line 144, in coro
    |     await self.app(scope, receive_or_disconnect, send_no_error)
    |   File "D:\anaconda3\envs\chroma-server\lib\site-packages\starlette\middleware\base.py", line 193, in __call__
    |     response = await self.dispatch_func(request, call_next)
    |   File "D:\anaconda3\envs\chroma-server\lib\site-packages\chromadb\server\fastapi\__init__.py", line 96, in check_http_version_middleware
    |     return await call_next(request)
    |   File "D:\anaconda3\envs\chroma-server\lib\site-packages\starlette\middleware\base.py", line 168, in call_next
    |     raise app_exc from app_exc.__cause__ or app_exc.__context__
    |   File "D:\anaconda3\envs\chroma-server\lib\site-packages\starlette\middleware\base.py", line 144, in coro
    |     await self.app(scope, receive_or_disconnect, send_no_error)
    |   File "D:\anaconda3\envs\chroma-server\lib\site-packages\starlette\middleware\exceptions.py", line 63, in __call__
    |     await wrap_app_handling_exceptions(self.app, conn)(scope, receive, send)
    |   File "D:\anaconda3\envs\chroma-server\lib\site-packages\starlette\_exception_handler.py", line 53, in wrapped_app
    |     raise exc
    |   File "D:\anaconda3\envs\chroma-server\lib\site-packages\starlette\_exception_handler.py", line 42, in wrapped_app
    |     await app(scope, receive, sender)
    |   File "D:\anaconda3\envs\chroma-server\lib\site-packages\fastapi\middleware\asyncexitstack.py", line 18, in __call__
    |     await self.app(scope, receive, send)
    |   File "D:\anaconda3\envs\chroma-server\lib\site-packages\starlette\routing.py", line 660, in __call__
    |     await self.middleware_stack(scope, receive, send)
    |   File "D:\anaconda3\envs\chroma-server\lib\site-packages\fastapi\routing.py", line 2683, in app
    |     await route.handle(scope, receive, send)
    |   File "D:\anaconda3\envs\chroma-server\lib\site-packages\fastapi\routing.py", line 1753, in handle
    |     await self.original_router.handle(scope, receive, send)
    |   File "D:\anaconda3\envs\chroma-server\lib\site-packages\fastapi\routing.py", line 2738, in handle
    |     await included_router._handle_selected(scope, receive, send)
    |   File "D:\anaconda3\envs\chroma-server\lib\site-packages\fastapi\routing.py", line 1773, in _handle_selected
    |     await original_route.handle(scope, receive, send)
    |   File "D:\anaconda3\envs\chroma-server\lib\site-packages\fastapi\routing.py", line 1264, in handle
    |     await app(scope, receive, send)
    |   File "D:\anaconda3\envs\chroma-server\lib\site-packages\fastapi\routing.py", line 150, in app
    |     await wrap_app_handling_exceptions(app, request)(scope, receive, send)
    |   File "D:\anaconda3\envs\chroma-server\lib\site-packages\starlette\_exception_handler.py", line 53, in wrapped_app
    |     raise exc
    |   File "D:\anaconda3\envs\chroma-server\lib\site-packages\starlette\_exception_handler.py", line 42, in wrapped_app
    |     await app(scope, receive, sender)
    |   File "D:\anaconda3\envs\chroma-server\lib\site-packages\fastapi\routing.py", line 136, in app
    |     response = await f(request)
    |   File "D:\anaconda3\envs\chroma-server\lib\site-packages\fastapi\routing.py", line 690, in app
    |     raw_response = await run_endpoint_function(
    |   File "D:\anaconda3\envs\chroma-server\lib\site-packages\fastapi\routing.py", line 346, in run_endpoint_function
    |     return await run_in_threadpool(dependant.call, **values)
    |   File "D:\anaconda3\envs\chroma-server\lib\site-packages\starlette\concurrency.py", line 34, in run_in_threadpool
    |     return await anyio.to_thread.run_sync(func)
    |   File "D:\anaconda3\envs\chroma-server\lib\site-packages\anyio\to_thread.py", line 63, in run_sync
    |     return await get_async_backend().run_sync_in_worker_thread(
    |   File "D:\anaconda3\envs\chroma-server\lib\site-packages\anyio\_backends\_asyncio.py", line 2596, in run_sync_in_worker_thread
    |     return await future
    |   File "D:\anaconda3\envs\chroma-server\lib\site-packages\anyio\_backends\_asyncio.py", line 1029, in run
    |     result = context.run(func, *args)
    |   File "D:\anaconda3\envs\chroma-server\lib\site-packages\chromadb\telemetry\opentelemetry\__init__.py", line 127, in wrapper
    |     return f(*args, **kwargs)
    |   File "D:\anaconda3\envs\chroma-server\lib\site-packages\chromadb\auth\fastapi.py", line 241, in wrapped
    |     return f(*args, **kwargs)
    |   File "D:\anaconda3\envs\chroma-server\lib\site-packages\chromadb\server\fastapi\__init__.py", line 440, in get_collection
    |     return self._api.get_collection(
    |   File "D:\anaconda3\envs\chroma-server\lib\site-packages\chromadb\telemetry\opentelemetry\__init__.py", line 127, in wrapper
    |     return f(*args, **kwargs)
    |   File "D:\anaconda3\envs\chroma-server\lib\site-packages\chromadb\api\segment.py", line 261, in get_collection
    |     raise ValueError(f"Collection {name} does not exist.")
    | ValueError: Collection rag_collection does not exist.
    +------------------------------------

The above exception was the direct cause of the following exception:

Traceback (most recent call last):
  File "D:\anaconda3\envs\chroma-server\lib\site-packages\chromadb\server\fastapi\__init__.py", line 82, in catch_exceptions_middleware
    return await call_next(request)
  File "D:\anaconda3\envs\chroma-server\lib\site-packages\starlette\middleware\base.py", line 168, in call_next
    raise app_exc from app_exc.__cause__ or app_exc.__context__
  File "D:\anaconda3\envs\chroma-server\lib\site-packages\starlette\middleware\base.py", line 144, in coro
    await self.app(scope, receive_or_disconnect, send_no_error)
  File "D:\anaconda3\envs\chroma-server\lib\site-packages\starlette\middleware\base.py", line 193, in __call__
    response = await self.dispatch_func(request, call_next)
  File "D:\anaconda3\envs\chroma-server\lib\site-packages\chromadb\server\fastapi\__init__.py", line 96, in check_http_version_middleware
    return await call_next(request)
  File "D:\anaconda3\envs\chroma-server\lib\site-packages\starlette\middleware\base.py", line 168, in call_next
    raise app_exc from app_exc.__cause__ or app_exc.__context__
  File "D:\anaconda3\envs\chroma-server\lib\site-packages\starlette\middleware\base.py", line 144, in coro
    await self.app(scope, receive_or_disconnect, send_no_error)
  File "D:\anaconda3\envs\chroma-server\lib\site-packages\starlette\middleware\exceptions.py", line 63, in __call__
    await wrap_app_handling_exceptions(self.app, conn)(scope, receive, send)
  File "D:\anaconda3\envs\chroma-server\lib\site-packages\starlette\_exception_handler.py", line 53, in wrapped_app
    raise exc
  File "D:\anaconda3\envs\chroma-server\lib\site-packages\starlette\_exception_handler.py", line 42, in wrapped_app
    await app(scope, receive, sender)
  File "D:\anaconda3\envs\chroma-server\lib\site-packages\fastapi\middleware\asyncexitstack.py", line 18, in __call__
    await self.app(scope, receive, send)
  File "D:\anaconda3\envs\chroma-server\lib\site-packages\starlette\routing.py", line 660, in __call__
    await self.middleware_stack(scope, receive, send)
  File "D:\anaconda3\envs\chroma-server\lib\site-packages\fastapi\routing.py", line 2683, in app
    await route.handle(scope, receive, send)
  File "D:\anaconda3\envs\chroma-server\lib\site-packages\fastapi\routing.py", line 1753, in handle
    await self.original_router.handle(scope, receive, send)
  File "D:\anaconda3\envs\chroma-server\lib\site-packages\fastapi\routing.py", line 2738, in handle
    await included_router._handle_selected(scope, receive, send)
  File "D:\anaconda3\envs\chroma-server\lib\site-packages\fastapi\routing.py", line 1773, in _handle_selected
    await original_route.handle(scope, receive, send)
  File "D:\anaconda3\envs\chroma-server\lib\site-packages\fastapi\routing.py", line 1264, in handle
    await app(scope, receive, send)
  File "D:\anaconda3\envs\chroma-server\lib\site-packages\fastapi\routing.py", line 150, in app
    await wrap_app_handling_exceptions(app, request)(scope, receive, send)
  File "D:\anaconda3\envs\chroma-server\lib\site-packages\starlette\_exception_handler.py", line 53, in wrapped_app
    raise exc
  File "D:\anaconda3\envs\chroma-server\lib\site-packages\starlette\_exception_handler.py", line 42, in wrapped_app
    await app(scope, receive, sender)
  File "D:\anaconda3\envs\chroma-server\lib\site-packages\fastapi\routing.py", line 136, in app
    response = await f(request)
  File "D:\anaconda3\envs\chroma-server\lib\site-packages\fastapi\routing.py", line 690, in app
    raw_response = await run_endpoint_function(
  File "D:\anaconda3\envs\chroma-server\lib\site-packages\fastapi\routing.py", line 346, in run_endpoint_function
    return await run_in_threadpool(dependant.call, **values)
  File "D:\anaconda3\envs\chroma-server\lib\site-packages\starlette\concurrency.py", line 34, in run_in_threadpool
    return await anyio.to_thread.run_sync(func)
  File "D:\anaconda3\envs\chroma-server\lib\site-packages\anyio\to_thread.py", line 63, in run_sync
    return await get_async_backend().run_sync_in_worker_thread(
  File "D:\anaconda3\envs\chroma-server\lib\site-packages\anyio\_backends\_asyncio.py", line 2596, in run_sync_in_worker_thread
    return await future
  File "D:\anaconda3\envs\chroma-server\lib\site-packages\anyio\_backends\_asyncio.py", line 1029, in run
    result = context.run(func, *args)
  File "D:\anaconda3\envs\chroma-server\lib\site-packages\chromadb\telemetry\opentelemetry\__init__.py", line 127, in wrapper
    return f(*args, **kwargs)
  File "D:\anaconda3\envs\chroma-server\lib\site-packages\chromadb\auth\fastapi.py", line 241, in wrapped
    return f(*args, **kwargs)
  File "D:\anaconda3\envs\chroma-server\lib\site-packages\chromadb\server\fastapi\__init__.py", line 440, in get_collection
    return self._api.get_collection(
  File "D:\anaconda3\envs\chroma-server\lib\site-packages\chromadb\telemetry\opentelemetry\__init__.py", line 127, in wrapper
    return f(*args, **kwargs)
  File "D:\anaconda3\envs\chroma-server\lib\site-packages\chromadb\api\segment.py", line 261, in get_collection
    raise ValueError(f"Collection {name} does not exist.")
ValueError: Collection rag_collection does not exist.
[32mINFO[0m:     [02-07-2026 20:59:23] 127.0.0.1:61403 - "GET /api/v1/collections/rag_collection HTTP/1.1" 500
[31mERROR[0m:    [02-07-2026 20:59:23] Failed to send telemetry event ClientCreateCollectionEvent: capture() takes 1 positional argument but 3 were given
[32mINFO[0m:     [02-07-2026 20:59:23] 127.0.0.1:61403 - "POST /api/v1/collections HTTP/1.1" 200
[36mDEBUG[0m:    [02-07-2026 21:00:31] Starting component PersistentLocalHnswSegment
[31mERROR[0m:    [02-07-2026 21:00:33] Failed to send telemetry event CollectionAddEvent: capture() takes 1 positional argument but 3 were given
[32mINFO[0m:     [02-07-2026 21:00:33] 127.0.0.1:61423 - "POST /api/v1/collections/69678d24-0aea-4086-be3d-89328ae157e9/add HTTP/1.1" 201
[32mINFO[0m:     [02-07-2026 21:00:33] 127.0.0.1:61423 - "POST /api/v1/collections/69678d24-0aea-4086-be3d-89328ae157e9/query HTTP/1.1" 400
[32mINFO[0m:     [02-07-2026 21:06:00] 127.0.0.1:61466 - "POST /api/v1/collections/69678d24-0aea-4086-be3d-89328ae157e9/add HTTP/1.1" 201
[32mINFO[0m:     [02-07-2026 21:06:00] 127.0.0.1:61466 - "POST /api/v1/collections/69678d24-0aea-4086-be3d-89328ae157e9/query HTTP/1.1" 400
[32mINFO[0m:     [02-07-2026 21:06:00] 127.0.0.1:61466 - "POST /api/v1/collections/69678d24-0aea-4086-be3d-89328ae157e9/query HTTP/1.1" 400
[32mINFO[0m:     [02-07-2026 21:12:11] Shutting down
[32mINFO[0m:     [02-07-2026 21:12:11] Waiting for application shutdown.
[36mDEBUG[0m:    [02-07-2026 21:12:11] Stopping component System
[36mDEBUG[0m:    [02-07-2026 21:12:11] Stopping component SegmentAPI
[36mDEBUG[0m:    [02-07-2026 21:12:11] Stopping component PersistentLocalHnswSegment
[36mDEBUG[0m:    [02-07-2026 21:12:11] Stopping component LocalSegmentManager
[36mDEBUG[0m:    [02-07-2026 21:12:11] Stopping component Posthog
[36mDEBUG[0m:    [02-07-2026 21:12:11] Stopping component QuotaEnforcer
[36mDEBUG[0m:    [02-07-2026 21:12:11] Stopping component SqliteDB
[36mDEBUG[0m:    [02-07-2026 21:12:11] Stopping component SimpleAssignmentPolicy
[36mDEBUG[0m:    [02-07-2026 21:12:11] Stopping component OpenTelemetryClient
[32mINFO[0m:     [02-07-2026 21:12:11] Application shutdown complete.
[32mINFO[0m:     [02-07-2026 21:12:11] Finished server process [[36m13440[0m]
[33mWARNING[0m:  [02-07-2026 21:14:27] chroma_server_nofile is not supported on Windows. chroma_server_nofile will not be set.
[32mINFO[0m:     [02-07-2026 21:14:27] Anonymized telemetry enabled. See                     https://docs.trychroma.com/telemetry for more information.
[36mDEBUG[0m:    [02-07-2026 21:14:27] Starting component System
[36mDEBUG[0m:    [02-07-2026 21:14:27] Starting component OpenTelemetryClient
[36mDEBUG[0m:    [02-07-2026 21:14:27] Starting component SimpleAssignmentPolicy
[36mDEBUG[0m:    [02-07-2026 21:14:27] Starting component SqliteDB
[36mDEBUG[0m:    [02-07-2026 21:14:31] Starting component QuotaEnforcer
[36mDEBUG[0m:    [02-07-2026 21:14:31] Starting component Posthog
[36mDEBUG[0m:    [02-07-2026 21:14:31] Starting component LocalSegmentManager
[36mDEBUG[0m:    [02-07-2026 21:14:31] Starting component SegmentAPI
[32mINFO[0m:     [02-07-2026 21:14:31] Started server process [[36m18028[0m]
[32mINFO[0m:     [02-07-2026 21:14:31] Waiting for application startup.
[32mINFO[0m:     [02-07-2026 21:14:31] Application startup complete.
[32mINFO[0m:     [02-07-2026 21:14:31] Uvicorn running on [1mhttp://0.0.0.0:8001[0m (Press CTRL+C to quit)
[31mERROR[0m:    [02-07-2026 21:15:44] Collection notes_collection does not exist.
  + Exception Group Traceback (most recent call last):
  |   File "D:\anaconda3\envs\chroma-server\lib\site-packages\starlette\_utils.py", line 85, in create_collapsing_task_group
  |     async with anyio.create_task_group() as tg:
  |   File "D:\anaconda3\envs\chroma-server\lib\site-packages\anyio\_backends\_asyncio.py", line 811, in __aexit__
  |     raise BaseExceptionGroup(
  | exceptiongroup.ExceptionGroup: unhandled errors in a TaskGroup (1 sub-exception)
  +-+---------------- 1 ----------------
    | Traceback (most recent call last):
    |   File "D:\anaconda3\envs\chroma-server\lib\site-packages\chromadb\server\fastapi\__init__.py", line 82, in catch_exceptions_middleware
    |     return await call_next(request)
    |   File "D:\anaconda3\envs\chroma-server\lib\site-packages\starlette\middleware\base.py", line 168, in call_next
    |     raise app_exc from app_exc.__cause__ or app_exc.__context__
    |   File "D:\anaconda3\envs\chroma-server\lib\site-packages\starlette\middleware\base.py", line 144, in coro
    |     await self.app(scope, receive_or_disconnect, send_no_error)
    |   File "D:\anaconda3\envs\chroma-server\lib\site-packages\starlette\middleware\base.py", line 193, in __call__
    |     response = await self.dispatch_func(request, call_next)
    |   File "D:\anaconda3\envs\chroma-server\lib\site-packages\chromadb\server\fastapi\__init__.py", line 96, in check_http_version_middleware
    |     return await call_next(request)
    |   File "D:\anaconda3\envs\chroma-server\lib\site-packages\starlette\middleware\base.py", line 168, in call_next
    |     raise app_exc from app_exc.__cause__ or app_exc.__context__
    |   File "D:\anaconda3\envs\chroma-server\lib\site-packages\starlette\middleware\base.py", line 144, in coro
    |     await self.app(scope, receive_or_disconnect, send_no_error)
    |   File "D:\anaconda3\envs\chroma-server\lib\site-packages\starlette\middleware\exceptions.py", line 63, in __call__
    |     await wrap_app_handling_exceptions(self.app, conn)(scope, receive, send)
    |   File "D:\anaconda3\envs\chroma-server\lib\site-packages\starlette\_exception_handler.py", line 53, in wrapped_app
    |     raise exc
    |   File "D:\anaconda3\envs\chroma-server\lib\site-packages\starlette\_exception_handler.py", line 42, in wrapped_app
    |     await app(scope, receive, sender)
    |   File "D:\anaconda3\envs\chroma-server\lib\site-packages\fastapi\middleware\asyncexitstack.py", line 18, in __call__
    |     await self.app(scope, receive, send)
    |   File "D:\anaconda3\envs\chroma-server\lib\site-packages\starlette\routing.py", line 660, in __call__
    |     await self.middleware_stack(scope, receive, send)
    |   File "D:\anaconda3\envs\chroma-server\lib\site-packages\fastapi\routing.py", line 2683, in app
    |     await route.handle(scope, receive, send)
    |   File "D:\anaconda3\envs\chroma-server\lib\site-packages\fastapi\routing.py", line 1753, in handle
    |     await self.original_router.handle(scope, receive, send)
    |   File "D:\anaconda3\envs\chroma-server\lib\site-packages\fastapi\routing.py", line 2738, in handle
    |     await included_router._handle_selected(scope, receive, send)
    |   File "D:\anaconda3\envs\chroma-server\lib\site-packages\fastapi\routing.py", line 1773, in _handle_selected
    |     await original_route.handle(scope, receive, send)
    |   File "D:\anaconda3\envs\chroma-server\lib\site-packages\fastapi\routing.py", line 1264, in handle
    |     await app(scope, receive, send)
    |   File "D:\anaconda3\envs\chroma-server\lib\site-packages\fastapi\routing.py", line 150, in app
    |     await wrap_app_handling_exceptions(app, request)(scope, receive, send)
    |   File "D:\anaconda3\envs\chroma-server\lib\site-packages\starlette\_exception_handler.py", line 53, in wrapped_app
    |     raise exc
    |   File "D:\anaconda3\envs\chroma-server\lib\site-packages\starlette\_exception_handler.py", line 42, in wrapped_app
    |     await app(scope, receive, sender)
    |   File "D:\anaconda3\envs\chroma-server\lib\site-packages\fastapi\routing.py", line 136, in app
    |     response = await f(request)
    |   File "D:\anaconda3\envs\chroma-server\lib\site-packages\fastapi\routing.py", line 690, in app
    |     raw_response = await run_endpoint_function(
    |   File "D:\anaconda3\envs\chroma-server\lib\site-packages\fastapi\routing.py", line 346, in run_endpoint_function
    |     return await run_in_threadpool(dependant.call, **values)
    |   File "D:\anaconda3\envs\chroma-server\lib\site-packages\starlette\concurrency.py", line 34, in run_in_threadpool
    |     return await anyio.to_thread.run_sync(func)
    |   File "D:\anaconda3\envs\chroma-server\lib\site-packages\anyio\to_thread.py", line 63, in run_sync
    |     return await get_async_backend().run_sync_in_worker_thread(
    |   File "D:\anaconda3\envs\chroma-server\lib\site-packages\anyio\_backends\_asyncio.py", line 2596, in run_sync_in_worker_thread
    |     return await future
    |   File "D:\anaconda3\envs\chroma-server\lib\site-packages\anyio\_backends\_asyncio.py", line 1029, in run
    |     result = context.run(func, *args)
    |   File "D:\anaconda3\envs\chroma-server\lib\site-packages\chromadb\telemetry\opentelemetry\__init__.py", line 127, in wrapper
    |     return f(*args, **kwargs)
    |   File "D:\anaconda3\envs\chroma-server\lib\site-packages\chromadb\auth\fastapi.py", line 241, in wrapped
    |     return f(*args, **kwargs)
    |   File "D:\anaconda3\envs\chroma-server\lib\site-packages\chromadb\server\fastapi\__init__.py", line 440, in get_collection
    |     return self._api.get_collection(
    |   File "D:\anaconda3\envs\chroma-server\lib\site-packages\chromadb\telemetry\opentelemetry\__init__.py", line 127, in wrapper
    |     return f(*args, **kwargs)
    |   File "D:\anaconda3\envs\chroma-server\lib\site-packages\chromadb\api\segment.py", line 261, in get_collection
    |     raise ValueError(f"Collection {name} does not exist.")
    | ValueError: Collection notes_collection does not exist.
    +------------------------------------

The above exception was the direct cause of the following exception:

Traceback (most recent call last):
  File "D:\anaconda3\envs\chroma-server\lib\site-packages\chromadb\server\fastapi\__init__.py", line 82, in catch_exceptions_middleware
    return await call_next(request)
  File "D:\anaconda3\envs\chroma-server\lib\site-packages\starlette\middleware\base.py", line 168, in call_next
    raise app_exc from app_exc.__cause__ or app_exc.__context__
  File "D:\anaconda3\envs\chroma-server\lib\site-packages\starlette\middleware\base.py", line 144, in coro
    await self.app(scope, receive_or_disconnect, send_no_error)
  File "D:\anaconda3\envs\chroma-server\lib\site-packages\starlette\middleware\base.py", line 193, in __call__
    response = await self.dispatch_func(request, call_next)
  File "D:\anaconda3\envs\chroma-server\lib\site-packages\chromadb\server\fastapi\__init__.py", line 96, in check_http_version_middleware
    return await call_next(request)
  File "D:\anaconda3\envs\chroma-server\lib\site-packages\starlette\middleware\base.py", line 168, in call_next
    raise app_exc from app_exc.__cause__ or app_exc.__context__
  File "D:\anaconda3\envs\chroma-server\lib\site-packages\starlette\middleware\base.py", line 144, in coro
    await self.app(scope, receive_or_disconnect, send_no_error)
  File "D:\anaconda3\envs\chroma-server\lib\site-packages\starlette\middleware\exceptions.py", line 63, in __call__
    await wrap_app_handling_exceptions(self.app, conn)(scope, receive, send)
  File "D:\anaconda3\envs\chroma-server\lib\site-packages\starlette\_exception_handler.py", line 53, in wrapped_app
    raise exc
  File "D:\anaconda3\envs\chroma-server\lib\site-packages\starlette\_exception_handler.py", line 42, in wrapped_app
    await app(scope, receive, sender)
  File "D:\anaconda3\envs\chroma-server\lib\site-packages\fastapi\middleware\asyncexitstack.py", line 18, in __call__
    await self.app(scope, receive, send)
  File "D:\anaconda3\envs\chroma-server\lib\site-packages\starlette\routing.py", line 660, in __call__
    await self.middleware_stack(scope, receive, send)
  File "D:\anaconda3\envs\chroma-server\lib\site-packages\fastapi\routing.py", line 2683, in app
    await route.handle(scope, receive, send)
  File "D:\anaconda3\envs\chroma-server\lib\site-packages\fastapi\routing.py", line 1753, in handle
    await self.original_router.handle(scope, receive, send)
  File "D:\anaconda3\envs\chroma-server\lib\site-packages\fastapi\routing.py", line 2738, in handle
    await included_router._handle_selected(scope, receive, send)
  File "D:\anaconda3\envs\chroma-server\lib\site-packages\fastapi\routing.py", line 1773, in _handle_selected
    await original_route.handle(scope, receive, send)
  File "D:\anaconda3\envs\chroma-server\lib\site-packages\fastapi\routing.py", line 1264, in handle
    await app(scope, receive, send)
  File "D:\anaconda3\envs\chroma-server\lib\site-packages\fastapi\routing.py", line 150, in app
    await wrap_app_handling_exceptions(app, request)(scope, receive, send)
  File "D:\anaconda3\envs\chroma-server\lib\site-packages\starlette\_exception_handler.py", line 53, in wrapped_app
    raise exc
  File "D:\anaconda3\envs\chroma-server\lib\site-packages\starlette\_exception_handler.py", line 42, in wrapped_app
    await app(scope, receive, sender)
  File "D:\anaconda3\envs\chroma-server\lib\site-packages\fastapi\routing.py", line 136, in app
    response = await f(request)
  File "D:\anaconda3\envs\chroma-server\lib\site-packages\fastapi\routing.py", line 690, in app
    raw_response = await run_endpoint_function(
  File "D:\anaconda3\envs\chroma-server\lib\site-packages\fastapi\routing.py", line 346, in run_endpoint_function
    return await run_in_threadpool(dependant.call, **values)
  File "D:\anaconda3\envs\chroma-server\lib\site-packages\starlette\concurrency.py", line 34, in run_in_threadpool
    return await anyio.to_thread.run_sync(func)
  File "D:\anaconda3\envs\chroma-server\lib\site-packages\anyio\to_thread.py", line 63, in run_sync
    return await get_async_backend().run_sync_in_worker_thread(
  File "D:\anaconda3\envs\chroma-server\lib\site-packages\anyio\_backends\_asyncio.py", line 2596, in run_sync_in_worker_thread
    return await future
  File "D:\anaconda3\envs\chroma-server\lib\site-packages\anyio\_backends\_asyncio.py", line 1029, in run
    result = context.run(func, *args)
  File "D:\anaconda3\envs\chroma-server\lib\site-packages\chromadb\telemetry\opentelemetry\__init__.py", line 127, in wrapper
    return f(*args, **kwargs)
  File "D:\anaconda3\envs\chroma-server\lib\site-packages\chromadb\auth\fastapi.py", line 241, in wrapped
    return f(*args, **kwargs)
  File "D:\anaconda3\envs\chroma-server\lib\site-packages\chromadb\server\fastapi\__init__.py", line 440, in get_collection
    return self._api.get_collection(
  File "D:\anaconda3\envs\chroma-server\lib\site-packages\chromadb\telemetry\opentelemetry\__init__.py", line 127, in wrapper
    return f(*args, **kwargs)
  File "D:\anaconda3\envs\chroma-server\lib\site-packages\chromadb\api\segment.py", line 261, in get_collection
    raise ValueError(f"Collection {name} does not exist.")
ValueError: Collection notes_collection does not exist.
[32mINFO[0m:     [02-07-2026 21:15:44] 127.0.0.1:61560 - "GET /api/v1/collections/notes_collection HTTP/1.1" 500
[31mERROR[0m:    [02-07-2026 21:15:45] Failed to send telemetry event ClientCreateCollectionEvent: capture() takes 1 positional argument but 3 were given
[32mINFO[0m:     [02-07-2026 21:15:45] 127.0.0.1:61560 - "POST /api/v1/collections HTTP/1.1" 200
[31mERROR[0m:    [02-07-2026 21:15:45] Collection rag_collection does not exist.
  + Exception Group Traceback (most recent call last):
  |   File "D:\anaconda3\envs\chroma-server\lib\site-packages\starlette\_utils.py", line 85, in create_collapsing_task_group
  |     async with anyio.create_task_group() as tg:
  |   File "D:\anaconda3\envs\chroma-server\lib\site-packages\anyio\_backends\_asyncio.py", line 811, in __aexit__
  |     raise BaseExceptionGroup(
  | exceptiongroup.ExceptionGroup: unhandled errors in a TaskGroup (1 sub-exception)
  +-+---------------- 1 ----------------
    | Traceback (most recent call last):
    |   File "D:\anaconda3\envs\chroma-server\lib\site-packages\chromadb\server\fastapi\__init__.py", line 82, in catch_exceptions_middleware
    |     return await call_next(request)
    |   File "D:\anaconda3\envs\chroma-server\lib\site-packages\starlette\middleware\base.py", line 168, in call_next
    |     raise app_exc from app_exc.__cause__ or app_exc.__context__
    |   File "D:\anaconda3\envs\chroma-server\lib\site-packages\starlette\middleware\base.py", line 144, in coro
    |     await self.app(scope, receive_or_disconnect, send_no_error)
    |   File "D:\anaconda3\envs\chroma-server\lib\site-packages\starlette\middleware\base.py", line 193, in __call__
    |     response = await self.dispatch_func(request, call_next)
    |   File "D:\anaconda3\envs\chroma-server\lib\site-packages\chromadb\server\fastapi\__init__.py", line 96, in check_http_version_middleware
    |     return await call_next(request)
    |   File "D:\anaconda3\envs\chroma-server\lib\site-packages\starlette\middleware\base.py", line 168, in call_next
    |     raise app_exc from app_exc.__cause__ or app_exc.__context__
    |   File "D:\anaconda3\envs\chroma-server\lib\site-packages\starlette\middleware\base.py", line 144, in coro
    |     await self.app(scope, receive_or_disconnect, send_no_error)
    |   File "D:\anaconda3\envs\chroma-server\lib\site-packages\starlette\middleware\exceptions.py", line 63, in __call__
    |     await wrap_app_handling_exceptions(self.app, conn)(scope, receive, send)
    |   File "D:\anaconda3\envs\chroma-server\lib\site-packages\starlette\_exception_handler.py", line 53, in wrapped_app
    |     raise exc
    |   File "D:\anaconda3\envs\chroma-server\lib\site-packages\starlette\_exception_handler.py", line 42, in wrapped_app
    |     await app(scope, receive, sender)
    |   File "D:\anaconda3\envs\chroma-server\lib\site-packages\fastapi\middleware\asyncexitstack.py", line 18, in __call__
    |     await self.app(scope, receive, send)
    |   File "D:\anaconda3\envs\chroma-server\lib\site-packages\starlette\routing.py", line 660, in __call__
    |     await self.middleware_stack(scope, receive, send)
    |   File "D:\anaconda3\envs\chroma-server\lib\site-packages\fastapi\routing.py", line 2683, in app
    |     await route.handle(scope, receive, send)
    |   File "D:\anaconda3\envs\chroma-server\lib\site-packages\fastapi\routing.py", line 1753, in handle
    |     await self.original_router.handle(scope, receive, send)
    |   File "D:\anaconda3\envs\chroma-server\lib\site-packages\fastapi\routing.py", line 2738, in handle
    |     await included_router._handle_selected(scope, receive, send)
    |   File "D:\anaconda3\envs\chroma-server\lib\site-packages\fastapi\routing.py", line 1773, in _handle_selected
    |     await original_route.handle(scope, receive, send)
    |   File "D:\anaconda3\envs\chroma-server\lib\site-packages\fastapi\routing.py", line 1264, in handle
    |     await app(scope, receive, send)
    |   File "D:\anaconda3\envs\chroma-server\lib\site-packages\fastapi\routing.py", line 150, in app
    |     await wrap_app_handling_exceptions(app, request)(scope, receive, send)
    |   File "D:\anaconda3\envs\chroma-server\lib\site-packages\starlette\_exception_handler.py", line 53, in wrapped_app
    |     raise exc
    |   File "D:\anaconda3\envs\chroma-server\lib\site-packages\starlette\_exception_handler.py", line 42, in wrapped_app
    |     await app(scope, receive, sender)
    |   File "D:\anaconda3\envs\chroma-server\lib\site-packages\fastapi\routing.py", line 136, in app
    |     response = await f(request)
    |   File "D:\anaconda3\envs\chroma-server\lib\site-packages\fastapi\routing.py", line 690, in app
    |     raw_response = await run_endpoint_function(
    |   File "D:\anaconda3\envs\chroma-server\lib\site-packages\fastapi\routing.py", line 346, in run_endpoint_function
    |     return await run_in_threadpool(dependant.call, **values)
    |   File "D:\anaconda3\envs\chroma-server\lib\site-packages\starlette\concurrency.py", line 34, in run_in_threadpool
    |     return await anyio.to_thread.run_sync(func)
    |   File "D:\anaconda3\envs\chroma-server\lib\site-packages\anyio\to_thread.py", line 63, in run_sync
    |     return await get_async_backend().run_sync_in_worker_thread(
    |   File "D:\anaconda3\envs\chroma-server\lib\site-packages\anyio\_backends\_asyncio.py", line 2596, in run_sync_in_worker_thread
    |     return await future
    |   File "D:\anaconda3\envs\chroma-server\lib\site-packages\anyio\_backends\_asyncio.py", line 1029, in run
    |     result = context.run(func, *args)
    |   File "D:\anaconda3\envs\chroma-server\lib\site-packages\chromadb\telemetry\opentelemetry\__init__.py", line 127, in wrapper
    |     return f(*args, **kwargs)
    |   File "D:\anaconda3\envs\chroma-server\lib\site-packages\chromadb\auth\fastapi.py", line 241, in wrapped
    |     return f(*args, **kwargs)
    |   File "D:\anaconda3\envs\chroma-server\lib\site-packages\chromadb\server\fastapi\__init__.py", line 440, in get_collection
    |     return self._api.get_collection(
    |   File "D:\anaconda3\envs\chroma-server\lib\site-packages\chromadb\telemetry\opentelemetry\__init__.py", line 127, in wrapper
    |     return f(*args, **kwargs)
    |   File "D:\anaconda3\envs\chroma-server\lib\site-packages\chromadb\api\segment.py", line 261, in get_collection
    |     raise ValueError(f"Collection {name} does not exist.")
    | ValueError: Collection rag_collection does not exist.
    +------------------------------------

The above exception was the direct cause of the following exception:

Traceback (most recent call last):
  File "D:\anaconda3\envs\chroma-server\lib\site-packages\chromadb\server\fastapi\__init__.py", line 82, in catch_exceptions_middleware
    return await call_next(request)
  File "D:\anaconda3\envs\chroma-server\lib\site-packages\starlette\middleware\base.py", line 168, in call_next
    raise app_exc from app_exc.__cause__ or app_exc.__context__
  File "D:\anaconda3\envs\chroma-server\lib\site-packages\starlette\middleware\base.py", line 144, in coro
    await self.app(scope, receive_or_disconnect, send_no_error)
  File "D:\anaconda3\envs\chroma-server\lib\site-packages\starlette\middleware\base.py", line 193, in __call__
    response = await self.dispatch_func(request, call_next)
  File "D:\anaconda3\envs\chroma-server\lib\site-packages\chromadb\server\fastapi\__init__.py", line 96, in check_http_version_middleware
    return await call_next(request)
  File "D:\anaconda3\envs\chroma-server\lib\site-packages\starlette\middleware\base.py", line 168, in call_next
    raise app_exc from app_exc.__cause__ or app_exc.__context__
  File "D:\anaconda3\envs\chroma-server\lib\site-packages\starlette\middleware\base.py", line 144, in coro
    await self.app(scope, receive_or_disconnect, send_no_error)
  File "D:\anaconda3\envs\chroma-server\lib\site-packages\starlette\middleware\exceptions.py", line 63, in __call__
    await wrap_app_handling_exceptions(self.app, conn)(scope, receive, send)
  File "D:\anaconda3\envs\chroma-server\lib\site-packages\starlette\_exception_handler.py", line 53, in wrapped_app
    raise exc
  File "D:\anaconda3\envs\chroma-server\lib\site-packages\starlette\_exception_handler.py", line 42, in wrapped_app
    await app(scope, receive, sender)
  File "D:\anaconda3\envs\chroma-server\lib\site-packages\fastapi\middleware\asyncexitstack.py", line 18, in __call__
    await self.app(scope, receive, send)
  File "D:\anaconda3\envs\chroma-server\lib\site-packages\starlette\routing.py", line 660, in __call__
    await self.middleware_stack(scope, receive, send)
  File "D:\anaconda3\envs\chroma-server\lib\site-packages\fastapi\routing.py", line 2683, in app
    await route.handle(scope, receive, send)
  File "D:\anaconda3\envs\chroma-server\lib\site-packages\fastapi\routing.py", line 1753, in handle
    await self.original_router.handle(scope, receive, send)
  File "D:\anaconda3\envs\chroma-server\lib\site-packages\fastapi\routing.py", line 2738, in handle
    await included_router._handle_selected(scope, receive, send)
  File "D:\anaconda3\envs\chroma-server\lib\site-packages\fastapi\routing.py", line 1773, in _handle_selected
    await original_route.handle(scope, receive, send)
  File "D:\anaconda3\envs\chroma-server\lib\site-packages\fastapi\routing.py", line 1264, in handle
    await app(scope, receive, send)
  File "D:\anaconda3\envs\chroma-server\lib\site-packages\fastapi\routing.py", line 150, in app
    await wrap_app_handling_exceptions(app, request)(scope, receive, send)
  File "D:\anaconda3\envs\chroma-server\lib\site-packages\starlette\_exception_handler.py", line 53, in wrapped_app
    raise exc
  File "D:\anaconda3\envs\chroma-server\lib\site-packages\starlette\_exception_handler.py", line 42, in wrapped_app
    await app(scope, receive, sender)
  File "D:\anaconda3\envs\chroma-server\lib\site-packages\fastapi\routing.py", line 136, in app
    response = await f(request)
  File "D:\anaconda3\envs\chroma-server\lib\site-packages\fastapi\routing.py", line 690, in app
    raw_response = await run_endpoint_function(
  File "D:\anaconda3\envs\chroma-server\lib\site-packages\fastapi\routing.py", line 346, in run_endpoint_function
    return await run_in_threadpool(dependant.call, **values)
  File "D:\anaconda3\envs\chroma-server\lib\site-packages\starlette\concurrency.py", line 34, in run_in_threadpool
    return await anyio.to_thread.run_sync(func)
  File "D:\anaconda3\envs\chroma-server\lib\site-packages\anyio\to_thread.py", line 63, in run_sync
    return await get_async_backend().run_sync_in_worker_thread(
  File "D:\anaconda3\envs\chroma-server\lib\site-packages\anyio\_backends\_asyncio.py", line 2596, in run_sync_in_worker_thread
    return await future
  File "D:\anaconda3\envs\chroma-server\lib\site-packages\anyio\_backends\_asyncio.py", line 1029, in run
    result = context.run(func, *args)
  File "D:\anaconda3\envs\chroma-server\lib\site-packages\chromadb\telemetry\opentelemetry\__init__.py", line 127, in wrapper
    return f(*args, **kwargs)
  File "D:\anaconda3\envs\chroma-server\lib\site-packages\chromadb\auth\fastapi.py", line 241, in wrapped
    return f(*args, **kwargs)
  File "D:\anaconda3\envs\chroma-server\lib\site-packages\chromadb\server\fastapi\__init__.py", line 440, in get_collection
    return self._api.get_collection(
  File "D:\anaconda3\envs\chroma-server\lib\site-packages\chromadb\telemetry\opentelemetry\__init__.py", line 127, in wrapper
    return f(*args, **kwargs)
  File "D:\anaconda3\envs\chroma-server\lib\site-packages\chromadb\api\segment.py", line 261, in get_collection
    raise ValueError(f"Collection {name} does not exist.")
ValueError: Collection rag_collection does not exist.
[32mINFO[0m:     [02-07-2026 21:15:45] 127.0.0.1:61561 - "GET /api/v1/collections/rag_collection HTTP/1.1" 500
[31mERROR[0m:    [02-07-2026 21:15:45] Failed to send telemetry event ClientCreateCollectionEvent: capture() takes 1 positional argument but 3 were given
[32mINFO[0m:     [02-07-2026 21:15:45] 127.0.0.1:61561 - "POST /api/v1/collections HTTP/1.1" 200
[36mDEBUG[0m:    [02-07-2026 21:15:52] Starting component PersistentLocalHnswSegment
[31mERROR[0m:    [02-07-2026 21:15:52] Failed to send telemetry event CollectionQueryEvent: capture() takes 1 positional argument but 3 were given
[32mINFO[0m:     [02-07-2026 21:15:52] 127.0.0.1:61561 - "POST /api/v1/collections/9e177de1-ed6c-4a42-b33d-008c4fecf1b6/query HTTP/1.1" 200
[32mINFO[0m:     [02-07-2026 21:15:53] 127.0.0.1:61561 - "POST /api/v1/collections/9e177de1-ed6c-4a42-b33d-008c4fecf1b6/query HTTP/1.1" 200
[32mINFO[0m:     [02-07-2026 21:15:56] 127.0.0.1:61561 - "POST /api/v1/collections/9e177de1-ed6c-4a42-b33d-008c4fecf1b6/query HTTP/1.1" 200
[32mINFO[0m:     [02-07-2026 21:15:56] 127.0.0.1:61561 - "POST /api/v1/collections/9e177de1-ed6c-4a42-b33d-008c4fecf1b6/query HTTP/1.1" 200
[32mINFO[0m:     [02-07-2026 21:15:59] 127.0.0.1:61561 - "POST /api/v1/collections/9e177de1-ed6c-4a42-b33d-008c4fecf1b6/query HTTP/1.1" 200
[32mINFO[0m:     [02-07-2026 21:15:59] 127.0.0.1:61561 - "POST /api/v1/collections/9e177de1-ed6c-4a42-b33d-008c4fecf1b6/query HTTP/1.1" 200
[31mERROR[0m:    [02-07-2026 21:16:07] Failed to send telemetry event CollectionAddEvent: capture() takes 1 positional argument but 3 were given
[32mINFO[0m:     [02-07-2026 21:16:07] 127.0.0.1:61561 - "POST /api/v1/collections/9e177de1-ed6c-4a42-b33d-008c4fecf1b6/add HTTP/1.1" 201
[33mWARNING[0m:  [02-07-2026 21:16:08] Number of requested results 500 is greater than number of elements in index 3, updating n_results = 3
[32mINFO[0m:     [02-07-2026 21:16:08] 127.0.0.1:61561 - "POST /api/v1/collections/9e177de1-ed6c-4a42-b33d-008c4fecf1b6/query HTTP/1.1" 200
[32mINFO[0m:     [02-07-2026 21:17:09] 127.0.0.1:61597 - "POST /api/v1/collections/9e177de1-ed6c-4a42-b33d-008c4fecf1b6/add HTTP/1.1" 201
[33mWARNING[0m:  [02-07-2026 21:17:09] Number of requested results 500 is greater than number of elements in index 183, updating n_results = 183
[32mINFO[0m:     [02-07-2026 21:17:11] 127.0.0.1:61597 - "POST /api/v1/collections/9e177de1-ed6c-4a42-b33d-008c4fecf1b6/query HTTP/1.1" 200
[33mWARNING[0m:  [02-07-2026 21:17:11] Number of requested results 500 is greater than number of elements in index 183, updating n_results = 183
[32mINFO[0m:     [02-07-2026 21:17:11] 127.0.0.1:61597 - "POST /api/v1/collections/9e177de1-ed6c-4a42-b33d-008c4fecf1b6/query HTTP/1.1" 200
[36mDEBUG[0m:    [02-07-2026 21:17:25] Starting component PersistentLocalHnswSegment
[31mERROR[0m:    [02-07-2026 21:17:25] Failed to send telemetry event CollectionQueryEvent: capture() takes 1 positional argument but 3 were given
[32mINFO[0m:     [02-07-2026 21:17:25] 127.0.0.1:61616 - "POST /api/v1/collections/09e41267-23a0-4d92-9b2d-29ac7d40ebb7/query HTTP/1.1" 200
[33mWARNING[0m:  [02-07-2026 21:17:29] Delete of nonexisting embedding ID: a6a205e92b274fa691bdd3da8ca56c7a
[31mERROR[0m:    [02-07-2026 21:17:29] Failed to send telemetry event CollectionDeleteEvent: capture() takes 1 positional argument but 3 were given
[32mINFO[0m:     [02-07-2026 21:17:29] 127.0.0.1:61616 - "POST /api/v1/collections/09e41267-23a0-4d92-9b2d-29ac7d40ebb7/delete HTTP/1.1" 200
[31mERROR[0m:    [02-07-2026 21:17:44] Failed to send telemetry event CollectionAddEvent: capture() takes 1 positional argument but 3 were given
[32mINFO[0m:     [02-07-2026 21:17:44] 127.0.0.1:61616 - "POST /api/v1/collections/09e41267-23a0-4d92-9b2d-29ac7d40ebb7/add HTTP/1.1" 201
[33mWARNING[0m:  [02-07-2026 21:17:50] Number of requested results 4 is greater than number of elements in index 1, updating n_results = 1
[32mINFO[0m:     [02-07-2026 21:17:51] 127.0.0.1:61616 - "POST /api/v1/collections/09e41267-23a0-4d92-9b2d-29ac7d40ebb7/query HTTP/1.1" 200
[33mWARNING[0m:  [02-07-2026 21:17:51] Delete of nonexisting embedding ID: 91ed87109f4a4df091ff183d81ed9e3d
[33mWARNING[0m:  [02-07-2026 21:17:51] Delete of nonexisting embedding ID: 91ed87109f4a4df091ff183d81ed9e3d
[31mERROR[0m:    [02-07-2026 21:17:52] Failed to send telemetry event CollectionDeleteEvent: capture() takes 1 positional argument but 3 were given
[32mINFO[0m:     [02-07-2026 21:17:52] 127.0.0.1:61616 - "POST /api/v1/collections/09e41267-23a0-4d92-9b2d-29ac7d40ebb7/delete HTTP/1.1" 200
[32mINFO[0m:     [02-07-2026 21:18:03] 127.0.0.1:61616 - "POST /api/v1/collections/09e41267-23a0-4d92-9b2d-29ac7d40ebb7/add HTTP/1.1" 201
[33mWARNING[0m:  [02-07-2026 21:18:09] Number of requested results 4 is greater than number of elements in index 2, updating n_results = 2
[32mINFO[0m:     [02-07-2026 21:18:09] 127.0.0.1:61616 - "POST /api/v1/collections/09e41267-23a0-4d92-9b2d-29ac7d40ebb7/query HTTP/1.1" 200
[33mWARNING[0m:  [02-07-2026 21:18:10] Delete of nonexisting embedding ID: e84d1aac54dd4dd68c116b41cb2249e4
[33mWARNING[0m:  [02-07-2026 21:18:10] Delete of nonexisting embedding ID: e84d1aac54dd4dd68c116b41cb2249e4
[31mERROR[0m:    [02-07-2026 21:18:10] Failed to send telemetry event CollectionDeleteEvent: capture() takes 1 positional argument but 3 were given
[32mINFO[0m:     [02-07-2026 21:18:10] 127.0.0.1:61616 - "POST /api/v1/collections/09e41267-23a0-4d92-9b2d-29ac7d40ebb7/delete HTTP/1.1" 200
[32mINFO[0m:     [02-07-2026 21:18:21] 127.0.0.1:61616 - "POST /api/v1/collections/09e41267-23a0-4d92-9b2d-29ac7d40ebb7/add HTTP/1.1" 201
[33mWARNING[0m:  [02-07-2026 21:18:41] Number of requested results 500 is greater than number of elements in index 183, updating n_results = 183
[32mINFO[0m:     [02-07-2026 21:18:42] 127.0.0.1:61686 - "POST /api/v1/collections/9e177de1-ed6c-4a42-b33d-008c4fecf1b6/query HTTP/1.1" 200
[33mWARNING[0m:  [02-07-2026 21:18:43] Number of requested results 500 is greater than number of elements in index 183, updating n_results = 183
[32mINFO[0m:     [02-07-2026 21:18:43] 127.0.0.1:61686 - "POST /api/v1/collections/9e177de1-ed6c-4a42-b33d-008c4fecf1b6/query HTTP/1.1" 200
[33mWARNING[0m:  [02-07-2026 21:18:51] Number of requested results 500 is greater than number of elements in index 183, updating n_results = 183
[32mINFO[0m:     [02-07-2026 21:18:51] 127.0.0.1:61686 - "POST /api/v1/collections/9e177de1-ed6c-4a42-b33d-008c4fecf1b6/query HTTP/1.1" 200
[33mWARNING[0m:  [02-07-2026 21:18:52] Number of requested results 500 is greater than number of elements in index 183, updating n_results = 183
[32mINFO[0m:     [02-07-2026 21:18:52] 127.0.0.1:61686 - "POST /api/v1/collections/9e177de1-ed6c-4a42-b33d-008c4fecf1b6/query HTTP/1.1" 200
[32mINFO[0m:     [02-07-2026 21:21:17] 127.0.0.1:61734 - "POST /api/v1/collections/9e177de1-ed6c-4a42-b33d-008c4fecf1b6/add HTTP/1.1" 201
[32mINFO[0m:     [02-07-2026 21:21:18] 127.0.0.1:61734 - "POST /api/v1/collections/9e177de1-ed6c-4a42-b33d-008c4fecf1b6/query HTTP/1.1" 200
[32mINFO[0m:     [02-07-2026 21:21:21] 127.0.0.1:61734 - "POST /api/v1/collections/9e177de1-ed6c-4a42-b33d-008c4fecf1b6/query HTTP/1.1" 200
[32mINFO[0m:     [02-07-2026 21:21:22] 127.0.0.1:61734 - "POST /api/v1/collections/9e177de1-ed6c-4a42-b33d-008c4fecf1b6/query HTTP/1.1" 200
